dataset_date,source_file,pivot_id,symbol,timeframe,pivot_index,confirmation_index,confirmation_delay,pivot_timestamp,confirmation_timestamp,pivot_side,structure_type,structure_mode,source,pivot_open,pivot_high,pivot_low,pivot_close,pivot_price,pivot_volume,pivot_range,pivot_body,upper_wick,lower_wick,candle_direction,close_position,confirm_open,confirm_high,confirm_low,confirm_close,confirm_volume,atr_14,range_atr_ratio,body_atr_ratio,price_to_confirm_close,volume_mean_20,volume_std_20,volume_ratio_20,volume_zscore_20,previous_pivot_type,previous_pivot_price,distance_previous_pivot,bars_previous_pivot,swing_size_atr,liquidity_type,liquidity_state,swept_index,resolved_index,last_structure_event,last_structure_event_direction,bars_since_structure_event,distance_last_structure_event_atr,bos_count_previous_20,choch_count_previous_20,near_equal_level,equal_level_type,distance_equal_level_atr,bars_since_equal_level,inside_fvg,nearest_fvg_type,distance_fvg_atr,fvg_size_atr,bars_since_fvg,fvg_mitigated,active_fvg_count_50,inside_order_block,nearest_ob_type,distance_ob_atr,ob_size_atr,bars_since_ob,ob_invalidated,active_ob_count_50,bsl_count_previous_100,ssl_count_previous_100,active_bsl_count,active_ssl_count,distance_nearest_bsl_atr,distance_nearest_ssl_atr,equal_levels_previous_100,liquidity_imbalance_100,target
UNKNOWN,2026_03.csv,3,MARKET,1,464,464,0,2026-04-01T07:44:00-05:00,2026-04-01T07:44:00-05:00,HIGH,HH,external,ChartPrimeHigh,24112.25,24246,24105.75,24182.25,24246,1828,140.25,70,63.75,6.5,1,0.545454545454545,24112.25,24246,24105.75,24182.25,1828,21.5944194057924,6.49473354038774,3.24157823762668,2.95215160926716,343.55,178.463014375528,5.32091398631931,8.31797000176388,LOW,24003.5,242.5,201,11.2297531803496,BSL,Resolved,592,592,BOS_UP,UP,64,2.99845986980468,0,0,0,EQL,4.80448203076812,82,0,BEARISH_FVG,2.3154130268762,0.150501846746953,43,1,0,0,BULLISH_OB,3.9014709502864,0.358889019165811,64,1,0,1,0,1,1,0,11.2297531803496,1,0,SWEEP
UNKNOWN,2026_03.csv,4,MARKET,1,487,487,0,2026-04-01T08:07:00-05:00,2026-04-01T08:07:00-05:00,LOW,HL,external,ChartPrimeLow,24038,24050.75,24036,24046.25,24036,466,14.75,8.25,4.5,2,1,0.694915254237288,24038,24050.75,24036,24046.25,466,20.401634563756,0.722981286323191,0.4043793635367,-0.502410724394082,602.1,182.100768806724,0.773957814316559,-0.747388387714344,HIGH,24246,210,23,10.2932928900251,SSL,Resolved,1157,1157,BOS_UP,UP,87,7.11952758226736,0,0,0,EQL,2.04640465789785,264,1,BULLISH_FVG,0,0.110285280964555,472,1,1,0,BULLISH_OB,5.78385029058553,0.379871523322355,87,1,0,1,1,1,2,10.2932928900251,0,0,-0.333333333333333,SWEEP
UNKNOWN,2026_03.csv,5,MARKET,1,724,724,0,2026-04-01T12:04:00-05:00,2026-04-01T12:04:00-05:00,HIGH,HH,external,ChartPrimeHigh,24338.5,24348.25,24334.25,24341.25,24348.25,1214,14,2.75,7,4.25,1,0.5,24338.5,24348.25,24334.25,24341.25,1214,8.40401803255275,1.66586981914738,0.327224428761093,0.832934909573692,381.3,249.415336336802,3.18384474167322,3.33860785078409,LOW,24036,312.25,237,37.1548465020551,BSL,Resolved,3874,3876,BOS_UP,UP,131,12.1667992148443,0,0,0,EQH,2.61779543008875,54,0,BEARISH_FVG,3.03426288487559,0.11899070136767,3,1,1,0,BULLISH_OB,13.2377155271533,1.30889771504437,131,0,0,1,0,1,2,0,37.1548465020551,1,-0.333333333333333,RUN
UNKNOWN,2026_03.csv,6,MARKET,1,1111,1111,0,2026-04-01T19:31:00-05:00,2026-04-01T19:31:00-05:00,LOW,HL,external,ChartPrimeLow,24167.75,24167.75,24154.5,24160.75,24154.5,137,13.25,7,0,6.25,-1,0.471698113207547,24167.75,24167.75,24154.5,24160.75,137,10.4998745386263,1.26191984020921,0.666674632563355,-0.595245207645853,98.95,53.6884298522503,1.38453764527539,0.708718807845806,HIGH,24348.25,193.75,387,18.4526014370214,SSL,Resolved,1143,1145,BOS_UP,UP,518,8.71438983993528,0,0,1,EQL,0.452386357810848,28,1,BULLISH_FVG,0,1.80954543124339,290,1,0,1,BULLISH_OB,0,0.738104057480857,711,1,0,0,1,1,3,18.4526014370214,0,2,-0.5,RUN
UNKNOWN,2026_03.csv,7,MARKET,1,1139,1139,0,2026-04-01T19:59:00-05:00,2026-04-01T19:59:00-05:00,HIGH,LH,external,ChartPrimeHigh,24238.5,24245.75,24226.75,24236.25,24245.75,296,19,2.25,7.25,9.5,-1,0.5,24238.5,24245.75,24226.75,24236.25,296,13.2174333338475,1.43749542896081,0.170229721850622,0.718747714480405,204.6,129.667035132296,1.44672531769306,0.704882315746228,LOW,24154.5,91.25,28,6.90376094171968,BSL,Resolved,1957,1957,BOS_UP,UP,546,0.018914413538958,0,0,1,EQH,0.113486481233748,348,1,BEARISH_FVG,0,0.737662128019363,355,1,3,0,BULLISH_OB,0.662004473863531,0.832234195714153,546,1,0,1,1,2,3,0,6.90376094171968,2,-0.2,SWEEP
UNKNOWN,2026_03.csv,8,MARKET,1,1454,1454,0,2026-04-02T01:14:00-05:00,2026-04-02T01:14:00-05:00,LOW,LL,external,ChartPrimeLow,23756,23760.75,23752.5,23760.5,23752.5,157,8.25,4.5,0.25,3.5,1,0.96969696969697,23756,23760.75,23752.5,23760.5,157,9.22643550043804,0.89416980150225,0.487728982637591,-0.867073746911273,139.8,67.9482155762754,1.12303290414878,0.253133946993679,HIGH,24245.75,493.25,315,53.4605157079982,SSL,Resolved,1755,1757,CHOCH_DOWN,DOWN,311,43.5704557822915,0,0,0,EQL,11.949360074621,161,0,BULLISH_FVG,0.812881637729318,0.162576327545864,12,1,4,0,BULLISH_OB,43.5162636731095,0.839977692320296,1054,1,0,0,1,2,1,53.4605157079982,0,0,0.333333333333333,RUN
UNKNOWN,2026_03.csv,9,MARKET,1,1559,1559,0,2026-04-02T02:59:00-05:00,2026-04-02T02:59:00-05:00,HIGH,LH,external,ChartPrimeHigh,23875.25,23882,23874.25,23879.25,23882,186,7.75,4,2.75,1,1,0.645161290322581,23875.25,23882,23874.25,23879.25,186,8.80080689242688,0.880601073825276,0.454503780038852,0.312471348776711,128.65,39.9553187948739,1.44578313253012,1.43535333291741,LOW,23752.5,129.5,105,14.7145598787578,BSL,Resolved,1918,1920,CHOCH_DOWN,DOWN,416,30.9630700151468,0,0,0,EQL,2.18729944143697,266,1,BEARISH_FVG,0,0.738568642563134,270,1,0,0,BULLISH_OB,30.9062570426419,0.880601073825276,1159,1,0,1,0,3,1,0,14.7145598787578,2,0.5,RUN
UNKNOWN,2026_03.csv,11,MARKET,1,2460,2460,0,2026-04-02T19:01:00-05:00,2026-04-02T19:01:00-05:00,HIGH,HH,external,ChartPrimeHigh,24226.5,24255,24226,24248.75,24255,349,29,22.25,6.25,0.5,1,0.78448275862069,24226.5,24255,24226,24248.75,349,6.7763275388108,4.27960423015345,3.28348945244532,0.922328497877899,55.65,69.3320092020994,6.27133872416891,4.23109042094682,LOW,23666,589,648,86.9202376400132,BSL,Resolved,3499,3501,CHOCH_UP,UP,542,55.044564753353,0,0,1,EQL,0.18446569957558,1845,0,BEARISH_FVG,0.110679419745348,0.221358839490696,1677,1,2,0,BULLISH_OB,2.65630607388835,1.6232981562651,1867,1,0,1,0,2,1,0,86.9202376400132,3,0.333333333333333,RUN
UNKNOWN,2026_03.csv,12,MARKET,1,2630,2630,0,2026-04-02T21:51:00-05:00,2026-04-02T21:51:00-05:00,LOW,HL,external,ChartPrimeLow,24154.5,24159.5,24150.5,24159.5,24150.5,99,9,5,0,4,1,1,24154.5,24159.5,24150.5,24159.5,99,6.44692872963171,1.39601357133572,0.77556309518651,-1.39601357133572,54.8,29.6016891409933,1.80656934306569,1.49315803532274,HIGH,24255,104.5,170,16.2092686893981,SSL,Resolved,2850,2850,CHOCH_UP,UP,712,41.6477382115156,0,0,0,EQL,1.27967910705774,2248,1,BULLISH_FVG,0,0.620450476149208,403,1,6,0,BULLISH_OB,0.542894166630557,1.20212279753909,2230,1,0,0,1,2,2,16.2092686893981,0,0,0,SWEEP
UNKNOWN,2026_03.csv,13,MARKET,1,2805,2805,0,2026-04-03T00:46:00-05:00,2026-04-03T00:46:00-05:00,HIGH,LH,external,ChartPrimeHigh,24189.25,24193.5,24189.25,24192,24193.5,26,4.25,2.75,1.5,0,1,0.647058823529412,24189.25,24193.5,24189.25,24192,26,4.50265055780019,0.943888482004781,0.610751370708976,0.333137111295805,27.8,23.1508099210373,0.935251798561151,-0.0777510595153877,LOW,24150.5,43,175,9.54993052381308,BSL,Resolved,3204,3205,CHOCH_UP,UP,887,69.1814734457622,0,0,0,EQL,1.38807129706585,516,1,BEARISH_FVG,0,0.388659963178439,201,1,0,1,BEARISH_OB,0,3.44241681672332,1662,1,0,1,0,3,2,0,9.54993052381308,0,0.2,GRAB
UNKNOWN,2026_03.csv,14,MARKET,1,3122,3122,0,2026-04-03T06:08:00-05:00,2026-04-03T06:08:00-05:00,LOW,LL,external,ChartPrimeLow,24115.25,24119,24114.25,24117.75,24114.25,52,4.75,2.5,1.25,1,1,0.736842105263158,24115.25,24119,24114.25,24117.75,52,4.36179434493485,1.08900136603551,0.573158613702898,-0.802422059184057,31.65,27.4686639645979,1.64296998420221,0.740844186168917,HIGH,24193.5,79.25,317,18.1691280543819,SSL,Resolved,3232,3233,CHOCH_DOWN,DOWN,251,8.31079989869202,0,0,0,EQH,3.78284685043913,2901,1,BULLISH_FVG,0,3.55358340495797,920,1,2,0,BULLISH_OB,9.11322195787607,1.77679170247898,2722,1,0,0,1,3,2,18.1691280543819,0,4,0.2,GRAB
UNKNOWN,2026_03.csv,15,MARKET,1,3204,3204,0,2026-04-03T07:30:00-05:00,2026-04-03T07:30:00-05:00,HIGH,HH,external,ChartPrimeHigh,24167.75,24245.25,24151.5,24212.5,24245.25,859,93.75,44.75,32.75,16.25,1,0.650666666666667,24167.75,24245.25,24151.5,24212.5,859,14.5279525173028,6.45307725836409,3.08026887799246,2.25427498892186,65.55,45.4273871139426,13.1045003813883,17.4663358473566,LOW,24114.25,131,82,9.01709995568742,BSL,Resolved,3499,3501,CHOCH_DOWN,DOWN,333,6.52191008245331,0,0,1,EQH,0.137665648178434,2413,1,BEARISH_FVG,0,0.671120034869866,2420,1,0,0,BULLISH_OB,0.56787079873604,0.757161064981387,2611,1,0,1,1,4,2,0,9.01709995568742,2,0.333333333333333,RUN
UNKNOWN,2026_03.csv,16,MARKET,1,3260,3260,0,2026-04-05T17:11:00-05:00,2026-04-05T17:11:00-05:00,LOW,LL,external,ChartPrimeLow,23989.5,24009.75,23981.5,23983.25,23981.5,720,28.25,6.25,20.25,1.75,-1,0.0619469026548673,23989.5,24009.75,23981.5,23983.25,720,19.7563164707752,1.42992242717863,0.316354519287307,-0.0885792654004459,303.95,287.261113797186,2.36881065964797,1.44833386774982,HIGH,24245.25,263.75,56,13.3501607139243,SSL,Resolved,5651,5651,BOS_DOWN,DOWN,28,6.7193699896624,0,0,1,EQH,0.27839197697283,2080,0,BEARISH_FVG,0.27839197697283,0.202466892343876,2093,1,4,0,BULLISH_OB,6.25116530111718,0.860484292461474,1342,0,0,1,1,3,2,13.3501607139243,0,2,0.2,SWEEP
UNKNOWN,2026_03.csv,17,MARKET,1,3513,3513,0,2026-04-05T21:24:00-05:00,2026-04-05T21:24:00-05:00,HIGH,HH,external,ChartPrimeHigh,24318.25,24326.75,24314,24323.25,24326.75,284,12.75,5,3.5,4.25,1,0.725490196078431,24318.25,24326.75,24314,24323.25,284,13.5514461975091,0.940858991296706,0.368964310312434,0.258275017218703,235.3,137.118962948237,1.20696982575436,0.355166046715103,LOW,23981.5,345.25,253,25.4769856270735,BSL,Resolved,3849,3849,CHOCH_UP,UP,14,6.01411825809267,0,1,1,EQH,0.0368964310312434,2843,1,BEARISH_FVG,0,0.424308956859299,2759,1,4,0,BULLISH_OB,6.62290937010818,0.811721482687354,2920,1,1,1,0,2,2,0,25.4769856270735,0,0,SWEEP
UNKNOWN,2026_03.csv,18,MARKET,1,3568,3568,0,2026-04-05T22:19:00-05:00,2026-04-05T22:19:00-05:00,LOW,HL,external,ChartPrimeLow,24192,24195.75,24120.5,24152.5,24120.5,1174,75.25,39.5,3.75,32,-1,0.425249169435216,24192,24195.75,24120.5,24152.5,1174,14.4805562568016,5.19662357339725,2.72779576277995,-2.20985985845464,143.9,105.11798133526,8.15844336344684,9.79946520010344,HIGH,24326.75,206.25,55,14.2432373689459,SSL,Resolved,5588,5590,CHOCH_UP,UP,69,8.61500054194427,0,0,1,EQL,0.535200434469484,356,1,BULLISH_FVG,0,2.39976969004059,197,1,5,0,BEARISH_OB,0.345290602883538,0.638787615334545,336,1,0,1,1,2,3,14.2432373689459,0,0,-0.2,RUN
UNKNOWN,2026_03.csv,19,MARKET,1,3779,3779,0,2026-04-06T01:50:00-05:00,2026-04-06T01:50:00-05:00,HIGH,LH,external,ChartPrimeHigh,24232.25,24290.75,24230,24255.25,24290.75,1032,60.75,23,35.5,2.25,1,0.415637860082305,24232.25,24290.75,24230,24255.25,1032,11.0859823221778,5.4798932773389,2.07469210500074,3.20224216206635,63.45,32.696291838678,16.2647754137116,29.6226252438283,LOW,24120.5,170.25,211,15.3572317772337,BSL,Resolved,3837,3839,CHOCH_UP,UP,280,4.10428220771885,0,0,0,EQH,2.25510011413123,86,1,BEARISH_FVG,0,0.699081035380683,249,1,1,0,BULLISH_OB,4.84846524538215,0.992244050217743,3186,1,0,1,0,3,3,0,15.3572317772337,1,0,RUN
UNKNOWN,2026_03.csv,20,MARKET,1,3800,3800,0,2026-04-06T02:11:00-05:00,2026-04-06T02:11:00-05:00,LOW,HL,external,ChartPrimeLow,24225.25,24225.5,24207.25,24209.25,24207.25,321,18.25,16,0.25,2,-1,0.10958904109589,24225.25,24225.5,24207.25,24209.25,321,11.5918439591436,1.57438282160488,1.38028082990017,-0.172535103737521,145.5,101.726348602513,2.20618556701031,1.72521674483522,HIGH,24290.75,83.5,21,7.20334058104151,SSL,Resolved,4402,4402,CHOCH_UP,UP,301,3.2781669710129,0,0,1,EQL,0.0215668879671902,1355,1,BULLISH_FVG,0,0.0215668879671902,199,1,3,1,BEARISH_OB,0,1.33714705396579,2657,1,0,1,1,3,4,7.20334058104151,0,0,-0.142857142857143,SWEEP
UNKNOWN,2026_03.csv,21,MARKET,1,3914,3914,0,2026-04-06T04:05:00-05:00,2026-04-06T04:05:00-05:00,HIGH,HH,external,ChartPrimeHigh,24383.5,24398.25,24383.5,24385.25,24398.25,221,14.75,1.75,13,0,1,0.11864406779661,24383.5,24398.25,24383.5,24385.25,221,8.43994617069235,1.74764147800128,0.207347294000152,1.54029418400113,89.55,34.4158030561543,2.4678950307091,3.8194663011501,LOW,24207.25,191,114,22.6304760880165,BSL,Resolved,4200,4200,BOS_UP,UP,77,12.7370480600093,0,0,0,EQL,7.46450258400545,3175,0,BEARISH_FVG,1.59953626800117,0.651662924000476,13,1,3,0,BULLISH_OB,13.5664372360099,0.947873344000693,77,0,0,1,0,1,4,0,22.6304760880165,0,-0.6,SWEEP
UNKNOWN,2026_03.csv,22,MARKET,1,4178,4178,0,2026-04-06T08:29:00-05:00,2026-04-06T08:29:00-05:00,LOW,HL,external,ChartPrimeLow,24274.75,24274.75,24257.25,24265,24257.25,1025,17.5,9.75,0,7.75,-1,0.442857142857143,24274.75,24274.75,24257.25,24265,1025,10.639291239575,1.64484640996622,0.91641442840975,-0.728431981556468,257.65,103.547706396617,3.97826508829808,7.4105938866558,HIGH,24398.25,141,264,13.2527625031564,SSL,Resolved,4185,4186,BOS_UP,UP,341,3.14870598479247,0,0,1,EQL,0.093991223426641,3563,1,BULLISH_FVG,0,0.164484640996622,352,1,2,0,BULLISH_OB,1.73883763339286,0.751929787413128,341,1,0,0,1,1,5,13.2527625031564,0,1,-0.666666666666667,GRAB
UNKNOWN,2026_03.csv,23,MARKET,1,4184,4184,0,2026-04-06T08:35:00-05:00,2026-04-06T08:35:00-05:00,HIGH,LH,external,ChartPrimeHigh,24354.5,24373.75,24324.25,24324.75,24373.75,2153,49.5,29.75,19.25,0.5,-1,0.0101010101010101,24354.5,24373.75,24324.25,24324.75,2153,23.9060352402594,2.07060683641253,1.2444556239045,2.04969161584271,905.3,1129.99314599691,2.37821716558047,1.10416598934257,LOW,24257.25,116.5,6,4.87324639276889,BSL,Resolved,4195,4195,BOS_UP,UP,347,3.47192661459071,0,0,0,EQL,1.61047198387641,3445,1,BEARISH_FVG,0,0.125491323418941,282,1,0,0,BULLISH_OB,3.76473970256824,0.334643529117177,347,1,0,1,1,2,5,0,4.87324639276889,0,-0.428571428571429,SWEEP
UNKNOWN,2026_03.csv,24,MARKET,1,4186,4186,0,2026-04-06T08:37:00-05:00,2026-04-06T08:37:00-05:00,LOW,LL,external,ChartPrimeLow,24253,24278.25,24245.75,24266.5,24245.75,2510,32.5,13.5,11.75,7.25,1,0.638461538461538,24253,24278.25,24245.75,24266.5,2510,27.7761222224686,1.1700697361459,0.486028967322142,-0.747044523846996,1163.15,1231.61228781626,2.15793319864162,1.09356654957386,HIGH,24373.75,128,2,4.60827465312846,SSL,Resolved,4401,4403,CHOCH_DOWN,DOWN,1,0.41402467586701,0,1,1,EQH,0.0540032185913491,3395,1,BULLISH_FVG,0,0.684040768823756,405,1,1,0,BULLISH_OB,0.315018775116203,0.396023603003227,3593,1,1,1,2,2,5,4.60827465312846,0,0,-0.428571428571429,RUN
UNKNOWN,2026_03.csv,25,MARKET,1,4209,4209,0,2026-04-06T09:00:00-05:00,2026-04-06T09:00:00-05:00,HIGH,HH,external,ChartPrimeHigh,24411,24452.25,24372.75,24399,24452.25,4318,79.5,12,41.25,26.25,-1,0.330188679245283,24411,24452.25,24372.75,24399,4318,31.1828703042265,2.54947665895993,0.384826665503385,1.70766832817127,1488.25,459.273869820611,2.90139425499748,6.16135640615756,LOW,24245.75,206.5,23,6.62222553553742,BSL,Resolved,6009,6011,CHOCH_UP,UP,10,2.51740777016798,0,1,0,EQL,3.752059988658,3470,0,BEARISH_FVG,2.05240888268472,0.25655111033559,274,1,1,0,BULLISH_OB,2.26085665983239,0.705515553422873,10,0,1,2,2,1,5,0,6.62222553553742,0,-0.666666666666667,RUN
UNKNOWN,2026_03.csv,26,MARKET,1,4403,4403,0,2026-04-06T12:14:00-05:00,2026-04-06T12:14:00-05:00,LOW,LL,external,ChartPrimeLow,24207.75,24233.5,24202.75,24227,24202.75,1038,30.75,19.25,6.5,5,1,0.788617886178862,24207.75,24233.5,24202.75,24227,1038,18.6197836067166,1.6514692463401,1.03384660136738,-1.30237818613813,809.15,420.54646295029,1.28282765865414,0.544172927753409,HIGH,24452.25,249.5,194,13.3997260800603,SSL,Resolved,4861,4863,CHOCH_DOWN,DOWN,2,2.30937162902843,0,1,1,EQH,0.0134265792385374,2395,1,BULLISH_FVG,0,0.281958164009285,806,1,3,1,BEARISH_OB,0,0.832447912789318,3260,1,1,0,1,1,4,13.3997260800603,0,2,-0.6,RUN
UNKNOWN,2026_03.csv,27,MARKET,1,4635,4635,0,2026-04-06T17:06:00-05:00,2026-04-06T17:06:00-05:00,HIGH,LH,external,ChartPrimeHigh,24381.5,24384,24376,24382.25,24384,150,8,0.75,1.75,5.5,1,0.78125,24381.5,24384,24376,24382.25,150,7.22371089759018,1.10746403246409,0.103824753043508,0.242257757101519,110.1,82.6510133029233,1.36239782016349,0.482752702060203,LOW,24202.75,181.25,232,25.0909819855145,BSL,Resolved,5299,5299,CHOCH_DOWN,DOWN,234,19.13836281102,0,0,1,EQH,0.830598024348066,395,1,BEARISH_FVG,0,1.10746403246409,700,1,2,0,BULLISH_OB,0.311474259130525,3.04552608927624,436,1,0,1,0,2,4,0,25.0909819855145,0,-0.333333333333333,SWEEP
UNKNOWN,2026_03.csv,28,MARKET,1,4876,4876,0,2026-04-06T21:07:00-05:00,2026-04-06T21:07:00-05:00,LOW,LL,external,ChartPrimeLow,24175.75,24177.25,24153,24157.25,24153,452,24.25,18.5,1.5,4.25,-1,0.175257731958763,24175.75,24177.25,24153,24157.25,452,11.8840121153991,2.04055665414353,1.5567133237796,-0.357623331138556,211.95,132.74090364315,2.13257843831092,1.80841016907141,HIGH,24384,231,241,19.4378798807074,SSL,Resolved,5475,5475,BOS_DOWN,DOWN,15,4.18629664097486,1,0,1,EQH,0.441769997288804,1836,1,BULLISH_FVG,0,0.841466661502485,1675,1,6,0,BULLISH_OB,0.0841466661502485,0.652136662664426,4476,1,1,0,1,2,4,19.4378798807074,0,2,-0.333333333333333,SWEEP
UNKNOWN,2026_03.csv,29,MARKET,1,5323,5323,0,2026-04-07T04:34:00-05:00,2026-04-07T04:34:00-05:00,HIGH,HH,external,ChartPrimeHigh,24409.25,24422,24409.25,24419.75,24422,279,12.75,10.5,2.25,0,1,0.823529411764706,24409.25,24422,24409.25,24419.75,279,11.5124157198411,1.10749996441025,0.912058794220203,0.195441170190044,149.45,133.075345199627,1.86684509869522,0.973508652603238,LOW,24153,269,447,23.3660776804985,BSL,Resolved,5990,5991,CHOCH_UP,UP,17,3.30078420765407,0,1,0,EQH,2.77960775381395,1083,0,BULLISH_FVG,1.62867641825036,0.412598025956759,6,1,2,0,BULLISH_OB,3.49622537784411,1.91098033074709,1124,1,1,1,0,2,4,0,23.3660776804985,2,-0.333333333333333,GRAB
UNKNOWN,2026_03.csv,30,MARKET,1,5475,5475,0,2026-04-07T07:06:00-05:00,2026-04-07T07:06:00-05:00,LOW,LL,external,ChartPrimeLow,24188,24231.25,24133,24167.25,24133,2297,98.25,20.75,43.25,34.25,-1,0.348600508905852,24188,24231.25,24133,24167.25,2297,17.1512738797539,5.72843747285607,1.20982267238436,-1.99693621827298,122.7,55.771049837707,18.720456397718,38.9861766333462,HIGH,24422,289,152,16.8500603527268,SSL,Resolved,5588,5590,CHOCH_UP,UP,169,14.6344814828181,0,0,1,EQL,0.116609414205722,3229,1,BEARISH_FVG,0,0.597623247804323,2249,1,1,1,BEARISH_OB,0,0.539318540701462,2243,1,0,0,1,2,4,16.8500603527268,0,2,-0.333333333333333,RUN
UNKNOWN,2026_03.csv,31,MARKET,1,5559,5559,0,2026-04-07T08:30:00-05:00,2026-04-07T08:30:00-05:00,HIGH,LH,external,ChartPrimeHigh,24243.5,24308,24242.25,24251.5,24308,5201,65.75,8,56.5,1.25,1,0.140684410646388,24243.5,24308,24242.25,24251.5,5201,16.5196827333336,3.98010065092405,0.484270801633345,3.4201625365355,369.7,253.620011040139,14.06816337571,19.0493643627962,LOW,24133,175,84,10.5934237857294,BSL,Resolved,5934,5936,CHOCH_UP,UP,253,4.60057261551678,0,0,1,EQH,0.196735013163546,1511,1,BULLISH_FVG,0,0.771806590103144,317,1,1,0,BEARISH_OB,0.0605338502041681,3.7076983250053,1374,1,0,1,1,3,4,0,10.5934237857294,1,-0.142857142857143,GRAB
UNKNOWN,2026_03.csv,33,MARKET,1,5805,5805,0,2026-04-07T12:36:00-05:00,2026-04-07T12:36:00-05:00,HIGH,LH,external,ChartPrimeHigh,24264.25,24299.75,24253.5,24279.5,24299.75,2708,46.25,15.25,20.25,10.75,1,0.562162162162162,24264.25,24299.75,24253.5,24279.5,2708,18.106330890829,2.55435517437859,0.84224684128159,1.11839334661982,717.1,491.810725787879,3.77632129410124,4.04810203520996,LOW,23941.5,358.25,150,19.7858971074839,BSL,Resolved,5934,5936,CHOCH_DOWN,DOWN,217,9.20948595302984,0,0,1,EQL,0.124265927402202,1142,1,BULLISH_FVG,0,0.704173588612477,563,1,2,0,BEARISH_OB,0.510871034875718,3.38279469039327,1620,1,0,1,0,4,2,0,19.7858971074839,0,0.333333333333333,RUN
UNKNOWN,2026_03.csv,35,MARKET,1,6505,6505,0,2026-04-08T01:16:00-05:00,2026-04-08T01:16:00-05:00,HIGH,HH,external,ChartPrimeHigh,25198,25202,25192,25194.25,25202,234,10,3.75,4,2.25,-1,0.225,25198,25202,25192,25194.25,234,8.94120776219082,1.11841713848619,0.419406426932322,0.8667732823268,200.05,85.6933340464706,1.16970757310672,0.396180174079693,LOW,24076.75,1125.25,620,125.849888508159,BSL,Resolved,6668,6670,CHOCH_UP,UP,571,100.909186319917,0,0,1,EQH,0,0,0,BEARISH_FVG,1.1743379954105,0.307564713083703,7,1,3,0,BULLISH_OB,91.73816578433,2.46051770466963,2306,1,0,1,0,1,3,0,125.849888508159,3,-0.5,RUN
UNKNOWN,2026_03.csv,36,MARKET,1,6613,6613,0,2026-04-08T03:04:00-05:00,2026-04-08T03:04:00-05:00,LOW,HL,external,ChartPrimeLow,25144.75,25144.75,25134.25,25142.75,25134.25,224,10.5,2,0,8.5,-1,0.80952380952381,25144.75,25144.75,25134.25,25142.75,224,8.63067610100147,1.21659066765136,0.231731555743116,-0.984859111908242,150.3,46.6766536932544,1.49035262807718,1.57894780727717,HIGH,25202,67.75,108,7.84990645079805,SSL,Resolved,6942,6942,CHOCH_UP,UP,679,96.6899916338151,0,0,0,EQH,2.14351689062382,206,1,BEARISH_FVG,0,0.5503624448899,190,1,2,0,BULLISH_OB,87.1889978483473,2.54904711317427,2414,1,0,0,1,1,4,7.84990645079805,0,2,-0.6,SWEEP
UNKNOWN,2026_03.csv,37,MARKET,1,6682,6682,0,2026-04-08T04:13:00-05:00,2026-04-08T04:13:00-05:00,HIGH,HH,external,ChartPrimeHigh,25242.75,25245.25,25238,25239.75,25245.25,296,7.25,3,2.5,1.75,-1,0.241379310344828,25242.75,25245.25,25238,25239.75,296,9.8618671357946,0.735154905269959,0.30420202976688,0.557703721239279,192.65,140.2088709747,1.536465092136,0.737114558312428,LOW,25134.25,111,69,11.2554751013745,BSL,Resolved,6853,6853,BOS_UP,UP,14,4.38557926247252,1,0,0,EQH,4.38557926247252,177,0,BULLISH_FVG,1.44495964139268,0.811205412711679,0,0,7,0,BULLISH_OB,5.72913822727623,0.583053890386519,14,0,1,1,1,1,4,0,11.2554751013745,1,-0.6,SWEEP
UNKNOWN,2026_03.csv,38,MARKET,1,6811,6811,0,2026-04-08T06:22:00-05:00,2026-04-08T06:22:00-05:00,LOW,HL,external,ChartPrimeLow,25183,25200,25180.25,25198.5,25180.25,307,19.75,15.5,1.5,2.75,1,0.924050632911392,25183,25200,25180.25,25198.5,307,8.64249071137157,2.2852208535224,1.79346446732138,-2.11165977603969,151.7,39.2416870177621,2.02373104812129,3.95752608519878,HIGH,25245.25,65,129,7.52098002425095,SSL,Resolved,6870,6872,BOS_UP,UP,143,2.51663562349936,0,0,1,EQL,0.0867805387413571,318,1,BEARISH_FVG,0,1.01243961864917,232,1,1,0,BULLISH_OB,0.318195308718309,0.665317463683738,143,1,0,0,1,1,5,7.52098002425095,0,1,-0.666666666666667,RUN
UNKNOWN,2026_03.csv,39,MARKET,1,6856,6856,0,2026-04-08T07:07:00-05:00,2026-04-08T07:07:00-05:00,HIGH,HH,external,ChartPrimeHigh,25252.75,25257,25244.75,25247,25257,353,12.25,5.75,4.25,2.25,-1,0.183673469387755,25252.75,25257,25244.75,25247,353,9.52889711604018,1.28556325572866,0.603427650648144,1.04943939243156,237.35,155.974765587258,1.48725510848957,0.741466092701395,LOW,25180.25,76.75,45,8.05444733691219,BSL,Resolved,8472,8472,BOS_UP,UP,1,1.23309128610708,1,0,0,EQL,5.27343294696856,77,0,BULLISH_FVG,1.99393484561995,0.157415908864733,173,1,2,0,BULLISH_OB,1.28556325572866,0.918259468377611,1,0,1,1,1,1,5,0,8.05444733691219,1,-0.666666666666667,SWEEP
UNKNOWN,2026_03.csv,40,MARKET,1,7025,7025,0,2026-04-08T09:56:00-05:00,2026-04-08T09:56:00-05:00,LOW,LL,external,ChartPrimeLow,24966.5,24971.5,24926.5,24940.25,24926.5,4285,45,26.25,5,13.75,-1,0.305555555555556,24966.5,24971.5,24926.5,24940.25,4285,22.5051253715282,1.99954451517656,1.16640096718632,-0.610971935192837,1373,382.583716328858,3.12090313182811,7.61140601576709,HIGH,25257,330.5,169,14.6855436059078,SSL,Resolved,10149,10149,CHOCH_DOWN,DOWN,155,11.2752093494678,0,0,0,EQH,2.643842192289,940,0,BULLISH_FVG,0.577646193273228,0.599863354552967,955,0,0,0,BULLISH_OB,11.3974037365064,0.255497354717005,357,1,0,0,1,1,4,14.6855436059078,0,0,-0.6,SWEEP
UNKNOWN,2026_03.csv,41,MARKET,1,7144,7144,0,2026-04-08T11:55:00-05:00,2026-04-08T11:55:00-05:00,HIGH,LH,external,ChartPrimeHigh,25147.25,25157.5,25147,25153.75,25157.5,808,10.5,6.5,3.75,0.25,1,0.642857142857143,25147.25,25157.5,25147,25153.75,808,8.39043444251232,1.25142506886163,0.774691709295297,0.44693752459344,549.5,190.903247746077,1.47042766151046,1.35408906371166,LOW,24926.5,231,119,27.5313515149559,BSL,Resolved,8456,8456,CHOCH_DOWN,DOWN,274,2.71142098253354,0,0,1,EQH,0.0595916699457921,549,1,BEARISH_FVG,0,0.566120864485025,196,1,0,0,BULLISH_OB,3.0391751672354,0.685304204376609,476,1,0,1,0,2,4,0,27.5313515149559,0,-0.333333333333333,SWEEP
UNKNOWN,2026_03.csv,42,MARKET,1,7592,7592,0,2026-04-08T20:23:00-05:00,2026-04-08T20:23:00-05:00,LOW,HL,external,ChartPrimeLow,24987.25,24989.25,24980.5,24985.5,24980.5,235,8.75,1.75,2,5,-1,0.571428571428571,24987.25,24989.25,24980.5,24985.5,235,6.61264952362382,1.32322149672993,0.264644299345987,-0.756126569559963,118.3,51.6750423318646,1.98647506339814,2.2583435781346,HIGH,25157.5,177,448,26.7668805624227,SSL,Resolved,7971,7971,CHOCH_DOWN,DOWN,722,30.2072564539205,0,0,1,EQH,0.831739226515959,1507,1,BULLISH_FVG,0,1.24760883977394,563,1,0,0,BULLISH_OB,30.6231260671785,0.869545554993957,924,1,0,0,1,2,5,26.7668805624227,0,0,-0.428571428571429,SWEEP
UNKNOWN,2026_03.csv,43,MARKET,1,7680,7680,0,2026-04-08T21:51:00-05:00,2026-04-08T21:51:00-05:00,HIGH,LH,external,ChartPrimeHigh,25043.25,25050.75,25042.5,25045.5,25050.75,143,8.25,2.25,5.25,0.75,1,0.363636363636364,25043.25,25050.75,25042.5,25045.5,143,5.07121296340135,1.62682972684046,0.443680834592852,1.03525528071665,44.55,29.5304503859999,3.20987654320988,3.33384688391594,LOW,24980.5,70.25,88,13.852701613399,BSL,Resolved,7871,7871,CHOCH_DOWN,DOWN,810,25.5362969243441,0,0,0,EQL,2.85927648959838,305,1,BEARISH_FVG,0,1.72542546786109,277,1,2,0,BULLISH_OB,26.0785734999576,1.13385102173729,1012,1,0,1,1,3,5,0,13.852701613399,0,-0.25,SWEEP
UNKNOWN,2026_03.csv,44,MARKET,1,7819,7819,0,2026-04-09T00:10:00-05:00,2026-04-09T00:10:00-05:00,LOW,HL,external,ChartPrimeLow,25005.75,25007,24994.25,24994.75,24994.25,158,12.75,11,1.25,0.5,-1,0.0392156862745098,25005.75,25007,24994.25,24994.75,158,4.21089359352135,3.02786088435397,2.61227213552107,-0.118739642523685,46.45,27.4107187063747,3.40150699677072,4.06957589091079,HIGH,25050.75,56.5,139,13.4175796051764,SSL,Resolved,7963,7964,CHOCH_DOWN,DOWN,949,44.1711470188108,0,0,0,EQH,1.9592041016408,1734,1,BULLISH_FVG,0,1.48424553154606,215,1,3,0,BULLISH_OB,44.8242150526911,1.36550588902238,1151,1,0,0,1,3,6,13.4175796051764,0,0,-0.333333333333333,GRAB
UNKNOWN,2026_03.csv,45,MARKET,1,7872,7872,0,2026-04-09T01:03:00-05:00,2026-04-09T01:03:00-05:00,HIGH,HH,external,ChartPrimeHigh,25046.25,25059,25046.25,25053.5,25059,534,12.75,7.25,5.5,0,1,0.568627450980392,25046.25,25059,25046.25,25053.5,534,6.30648017509808,2.02172997393141,1.14961116164727,0.872118812284138,69.75,77.2986901570783,7.65591397849462,6.00592324470957,LOW,24994.25,64.75,53,10.267216926436,BSL,Resolved,8270,8270,CHOCH_DOWN,DOWN,1002,19.2262556344458,0,0,0,EQL,3.25062466396815,690,1,BULLISH_FVG,0,4.32095229722596,542,1,2,0,BULLISH_OB,19.6623150405878,0.911760576478872,1204,1,0,1,1,3,6,0,10.267216926436,0,-0.333333333333333,SWEEP
UNKNOWN,2026_03.csv,46,MARKET,1,8004,8004,0,2026-04-09T03:15:00-05:00,2026-04-09T03:15:00-05:00,LOW,LL,external,ChartPrimeLow,24957,24959,24953,24955,24953,111,6,2,2,2,-1,0.333333333333333,24957,24959,24953,24955,111,7.01741841990122,0.855015283538481,0.285005094512827,-0.285005094512827,150.8,94.6803041820209,0.736074270557029,-0.420361978595732,HIGH,25059,106,132,15.1052700091798,SSL,Resolved,10149,10149,BOS_DOWN,DOWN,41,5.87823007432706,0,0,1,EQL,0.32063073132693,706,0,BULLISH_FVG,0.42750764176924,0.10687691044231,1920,1,3,0,BEARISH_OB,5.98510698476936,0.890640920352584,41,1,0,0,1,3,5,15.1052700091798,0,1,-0.25,SWEEP
UNKNOWN,2026_03.csv,47,MARKET,1,8334,8334,0,2026-04-09T08:45:00-05:00,2026-04-09T08:45:00-05:00,HIGH,HH,external,ChartPrimeHigh,25100.5,25111.5,25085.75,25096.25,25111.5,2114,25.75,4.25,11,10.5,-1,0.407766990291262,25100.5,25111.5,25085.75,25096.25,2114,20.3721694559052,1.26397927602826,0.208617938761945,0.748570250851686,1574.8,995.526473781587,1.34239268478537,0.54162296453233,LOW,24953,158.5,330,7.78022195147491,BSL,Resolved,8441,8443,CHOCH_UP,UP,17,2.57704512588285,0,1,1,EQH,0.0859015041960952,2083,1,BEARISH_FVG,0,1.54622707552971,1105,1,2,0,BULLISH_OB,2.66294663007895,0.319062729871211,17,1,0,1,0,3,5,0,7.78022195147491,3,-0.25,RUN
UNKNOWN,2026_03.csv,48,MARKET,1,8385,8385,0,2026-04-09T09:36:00-05:00,2026-04-09T09:36:00-05:00,LOW,HL,external,ChartPrimeLow,24976,24976,24960.5,24960.75,24960.5,905,15.5,15.25,0,0.25,-1,0.0161290322580645,24976,24976,24960.5,24960.75,905,15.5794549095558,0.994900019929001,0.978853245414017,-0.0160467745149839,1100.55,325.175564118831,0.822316114669938,-0.601367450625961,HIGH,25111.5,151,51,9.69225180705027,SSL,Resolved,10149,10149,CHOCH_UP,UP,68,6.32242915890365,0,0,1,EQL,0.336982264814662,1087,0,BULLISH_FVG,0.0160467745149839,0.272795166754726,1113,1,1,0,BEARISH_OB,2.21445488306778,0.401169362874597,422,1,0,1,1,3,6,9.69225180705027,0,2,-0.333333333333333,SWEEP
UNKNOWN,2026_03.csv,49,MARKET,1,8472,8472,0,2026-04-09T11:03:00-05:00,2026-04-09T11:03:00-05:00,HIGH,HH,external,ChartPrimeHigh,25235,25265.75,25232.25,25255.5,25265.75,3299,33.5,20.5,10.25,2.75,1,0.694029850746269,25235,25265.75,25232.25,25255.5,3299,18.1379324811176,1.84695802759631,1.13022804673804,0.565114023369019,1301.25,626.847658925197,2.53525456292027,3.18697848122361,LOW,24960.5,305.25,87,16.8293712813066,BSL,Resolved,8699,8699,BOS_UP,UP,31,8.50427688826061,0,0,0,EQL,3.25285145158752,1693,0,BEARISH_FVG,1.15779458446336,0.206749032939885,1613,1,4,0,BULLISH_OB,1.15779458446336,0.482414410193065,1617,1,1,1,1,1,6,0,16.8293712813066,2,-0.714285714285714,SWEEP
UNKNOWN,2026_03.csv,50,MARKET,1,8614,8614,0,2026-04-09T13:25:00-05:00,2026-04-09T13:25:00-05:00,LOW,HL,external,ChartPrimeLow,25157.5,25167.25,25145,25157.25,25145,1509,22.25,0.25,9.75,12.25,-1,0.550561797752809,25157.5,25167.25,25145,25157.25,1509,13.1182216626107,1.69611404443764,0.0190574611734566,-0.933815597499372,899.25,479.59648403632,1.67806505421184,1.27138129718612,HIGH,25265.75,120.75,142,9.20475374677953,SSL,Resolved,10149,10151,BOS_UP,UP,173,2.55369979724318,0,0,1,EQH,0.152459689387653,162,1,BULLISH_FVG,0,1.14344767040739,156,1,4,0,BULLISH_OB,2.8967340983654,0.438321606989501,1946,1,0,0,1,1,7,9.20475374677953,0,2,-0.75,RUN
UNKNOWN,2026_03.csv,51,MARKET,1,8701,8701,0,2026-04-09T14:52:00-05:00,2026-04-09T14:52:00-05:00,HIGH,HH,external,ChartPrimeHigh,25257.75,25269.75,25255.75,25268.25,25269.75,823,14,10.5,1.5,2,1,0.892857142857143,25257.75,25269.75,25255.75,25268.25,823,10.5095921722183,1.33211639144366,0.999087293582745,0.142726756226106,729.2,340.060082926532,1.1286341195831,0.275833609145666,LOW,25145,124.75,87,11.8701085594712,BSL,Resolved,8948,8949,BOS_UP,UP,260,15.0576727818542,0,0,0,EQH,1.47484314766977,14,0,BULLISH_FVG,1.40347976955671,0.118938963521755,0,0,1,0,BULLISH_OB,2.37877927043511,0.832572744652288,1846,1,0,1,1,1,7,0,11.8701085594712,3,-0.75,GRAB
UNKNOWN,2026_03.csv,52,MARKET,1,8832,8832,0,2026-04-09T18:03:00-05:00,2026-04-09T18:03:00-05:00,LOW,HL,external,ChartPrimeLow,25196.25,25199.5,25193,25198.75,25193,111,6.5,2.5,0.75,3.25,1,0.884615384615385,25196.25,25199.5,25193,25198.75,111,6.52513299193572,0.996148278975037,0.383133953451937,-0.881208092939456,108.3,99.1963204962765,1.02493074792244,0.0272187515271935,HIGH,25269.75,76.75,131,11.7622123709745,SSL,Resolved,10149,10151,BOS_UP,UP,391,12.4901668825332,0,0,1,EQH,0.153253581380775,225,1,BULLISH_FVG,0,1.60916260449814,180,1,2,0,BULLISH_OB,0.651327720868293,0.881208092939456,2164,1,0,0,1,1,8,11.7622123709745,0,1,-0.777777777777778,RUN
UNKNOWN,2026_03.csv,53,MARKET,1,9108,9108,0,2026-04-09T22:39:00-05:00,2026-04-09T22:39:00-05:00,HIGH,HH,external,ChartPrimeHigh,25292.5,25303.75,25291.25,25292,25303.75,341,12.5,0.5,11.25,0.75,-1,0.06,25292.5,25303.75,25291.25,25292,341,4.82820660042148,2.58895300770866,0.103558120308346,2.43361582724614,52.5,34.3474889911912,6.4952380952381,8.39944952232139,LOW,25193,110.75,276,22.9381236482987,BSL,Resolved,9638,9640,BOS_UP,UP,160,7.04195218096756,0,0,0,EQL,9.57912612852205,148,0,BULLISH_FVG,2.43361582724614,0.310674360925039,110,1,3,0,BULLISH_OB,11.650288534689,0.880244022620945,160,0,0,1,0,1,8,0,22.9381236482987,0,-0.777777777777778,RUN
UNKNOWN,2026_03.csv,54,MARKET,1,9387,9387,0,2026-04-10T03:18:00-05:00,2026-04-10T03:18:00-05:00,LOW,HL,external,ChartPrimeLow,25208,25209.25,25202.75,25207.25,25202.75,193,6.5,0.75,1.25,4.5,-1,0.692307692307692,25208,25209.25,25202.75,25207.25,193,6.28746793493915,1.03380248889697,0.119284902565035,-0.715709415390211,158.65,97.8157834912137,1.21651433974157,0.351170320105706,HIGH,25303.75,101,279,16.0637002120914,SSL,Resolved,10149,10151,BOS_UP,UP,439,10.6561179624765,0,0,1,EQH,0.119284902565035,2882,1,BULLISH_FVG,0,0.675947781201866,853,1,2,0,BULLISH_OB,2.22665151454732,0.914517586331937,2719,1,0,0,1,1,9,16.0637002120914,0,0,-0.8,RUN
UNKNOWN,2026_03.csv,55,MARKET,1,9813,9813,0,2026-04-10T10:24:00-05:00,2026-04-10T10:24:00-05:00,HIGH,HH,external,ChartPrimeHigh,25388,25393,25382.25,25388.5,25393,1375,10.75,0.5,4.5,5.75,1,0.581395348837209,25388,25393,25382.25,25388.5,1375,11.8614834565626,0.9062947344965,0.0421532434649535,0.379379191184581,877.9,225.380544856915,1.56623761248434,2.20560297391946,LOW,25202.75,190.25,426,16.0393091384148,BSL,Resolved,11258,11258,BOS_UP,UP,175,7.5243539584942,0,0,0,EQL,6.76559557612504,35,0,BULLISH_FVG,2.04443230805024,0.147536352127337,8,1,0,0,BULLISH_OB,8.83110450590776,0.864141491031547,175,1,0,1,0,1,9,0,16.0393091384148,1,-0.8,SWEEP
UNKNOWN,2026_03.csv,56,MARKET,1,9893,9893,0,2026-04-10T11:44:00-05:00,2026-04-10T11:44:00-05:00,LOW,HL,external,ChartPrimeLow,25230,25233,25222.25,25227.25,25222.25,1360,10.75,2.75,3,5,-1,0.465116279069767,25230,25233,25222.25,25227.25,1360,11.6752694781874,0.920749625529755,0.235540601879705,-0.428255639781281,653.55,272.191012893519,2.0809425445643,2.59542000483448,HIGH,25393,170.75,80,14.6249300985308,SSL,Resolved,10149,10151,BOS_UP,UP,255,6.98056692843489,0,0,0,EQL,1.32759248332197,3114,1,BULLISH_FVG,0,0.963575189507883,444,1,0,0,BEARISH_OB,0.984987971496947,0.706621805639114,3023,1,0,1,1,1,10,14.6249300985308,0,0,-0.818181818181818,RUN
UNKNOWN,2026_03.csv,57,MARKET,1,10148,10148,0,2026-04-10T15:59:00-05:00,2026-04-10T15:59:00-05:00,HIGH,LH,external,ChartPrimeHigh,25326,25338,25325.75,25333,25338,444,12.25,7,5,0.25,1,0.591836734693878,25326,25338,25325.75,25333,444,4.59359233390309,2.66675819479858,1.52386182559919,1.08847273257085,92.2,44.8214234490606,4.81561822125813,7.84892519979468,LOW,25222.25,115.75,255,25.1981437590151,BSL,Resolved,11163,11163,BOS_UP,UP,510,7.45603821811031,0,0,0,EQL,5.49678729948279,370,0,BEARISH_FVG,0.163270909885627,1.46943818897065,375,1,2,0,BULLISH_OB,10.8303036890799,2.23136910177024,510,1,0,1,0,2,10,0,25.1981437590151,2,-0.666666666666667,SWEEP
UNKNOWN,2026_03.csv,59,MARKET,1,10386,10386,0,2026-04-12T20:57:00-05:00,2026-04-12T20:57:00-05:00,HIGH,LH,external,ChartPrimeHigh,25083,25093.75,25083,25088.25,25093.75,282,10.75,5.25,5.5,0,1,0.488372093023256,25083,25093.75,25083,25088.25,282,6.78494145061934,1.58439097496099,0.773772336608855,0.810618638352133,97.45,44.1378239155489,2.89379168804515,4.18122108496125,LOW,24904.5,189.25,237,27.892650419662,BSL,Resolved,10564,10564,BOS_UP,UP,748,30.9508934643542,0,0,1,EQH,0.847464940095412,3201,1,BEARISH_FVG,0,46.8316495157073,235,1,1,0,BULLISH_OB,4.67948032139641,0.884311241838691,1945,1,0,1,0,3,4,0,27.892650419662,2,-0.142857142857143,SWEEP
UNKNOWN,2026_03.csv,61,MARKET,1,10929,10929,0,2026-04-13T06:00:00-05:00,2026-04-13T06:00:00-05:00,HIGH,HH,external,ChartPrimeHigh,25156.5,25194.75,25156.5,25171.5,25194.75,1483,38.25,15,23.25,0,1,0.392156862745098,25156.5,25194.75,25156.5,25171.5,1483,8.98608133391638,4.25658288397993,1.66924818979605,2.58733469418388,122.2,122.220129275009,12.1358428805237,11.13400884185,LOW,25049.5,145.25,416,16.1638866378584,BSL,Resolved,11072,11074,BOS_UP,UP,283,11.2396044779601,0,0,1,EQH,0.306028834795943,2322,1,BEARISH_FVG,0,35.360240820513,778,1,0,0,BULLISH_OB,0.667699275918421,0.639878472755153,4261,1,0,1,0,3,5,0,16.1638866378584,1,-0.25,RUN
UNKNOWN,2026_03.csv,63,MARKET,1,11599,11599,0,2026-04-13T18:10:00-05:00,2026-04-13T18:10:00-05:00,HIGH,HH,external,ChartPrimeHigh,25612.5,25619.25,25611.5,25616.5,25619.25,189,7.75,4,2.75,1,1,0.645161290322581,25612.5,25619.25,25611.5,25616.5,189,6.35846421586531,1.21884778098815,0.629082725671304,0.432494373899022,148.15,148.165878325612,1.27573405332433,0.275704504043956,LOW,25073.5,545.75,608,85.8304743837786,BSL,Resolved,12074,12075,BOS_UP,UP,527,66.7614042618672,0,0,0,EQH,3.42063732083772,15,0,BULLISH_FVG,1.88724817701391,0.550447384962391,1,0,2,0,BULLISH_OB,52.0565955493004,1.61202448453272,1961,1,0,1,0,1,6,0,85.8304743837786,1,-0.714285714285714,GRAB
UNKNOWN,2026_03.csv,65,MARKET,1,11970,11970,0,2026-04-14T00:21:00-05:00,2026-04-14T00:21:00-05:00,HIGH,LH,external,ChartPrimeHigh,25596,25598.25,25595.25,25597.75,25598.25,79,3,1.75,0.5,0.75,1,0.833333333333333,25596,25598.25,25595.25,25597.75,79,2.05510028230072,1.45978277840605,0.851539954070197,0.243297129734342,18.2,7.82048591840686,4.34065934065934,7.77445297317098,LOW,25560,38.25,315,18.6122304246772,BSL,Resolved,12071,12071,BOS_UP,UP,898,196.340783695614,0,0,1,EQH,0.364945694601513,386,1,BEARISH_FVG,0,0.973188518937368,330,1,4,0,BULLISH_OB,150.844220435292,4.98759115955401,2332,1,0,1,0,2,7,0,18.6122304246772,3,-0.555555555555556,SWEEP
UNKNOWN,2026_03.csv,67,MARKET,1,12191,12191,0,2026-04-14T04:02:00-05:00,2026-04-14T04:02:00-05:00,HIGH,HH,external,ChartPrimeHigh,25672.5,25674,25669.75,25670.75,25674,218,4.25,1.75,1.5,1,-1,0.235294117647059,25672.5,25674,25669.75,25670.75,218,5.25911446897809,0.808120839557582,0.332755639817828,0.61797475966168,92.25,41.8794400631145,2.36314363143631,3.0026666977994,LOW,25564.5,109.5,158,20.8209957486012,BSL,Resolved,12366,12368,BOS_UP,UP,119,14.4035655521146,0,0,0,EQL,12.1693491133377,97,0,BULLISH_FVG,1.71131471906311,0.332755639817828,0,0,4,0,BULLISH_OB,16.3525628710475,1.23594951932336,119,0,0,1,0,1,8,0,20.8209957486012,1,-0.777777777777778,GRAB
UNKNOWN,2026_03.csv,69,MARKET,1,13137,13137,0,2026-04-14T20:48:00-05:00,2026-04-14T20:48:00-05:00,HIGH,HH,external,ChartPrimeHigh,26038,26042.5,26037.75,26041.5,26042.5,133,4.75,3.5,1,0.25,1,0.789473684210526,26038,26042.5,26037.75,26041.5,133,3.90651816429929,1.2159165272567,0.895938493768093,0.255982426790884,68.3,52.1700105424563,1.94729136163982,1.2401760959459,LOW,25620,422.5,828,108.152575319148,BSL,Resolved,13329,13329,BOS_UP,UP,771,94.3295242724406,0,0,0,EQH,3.19978033488604,129,0,BULLISH_FVG,1.59989016744302,0.191986820093163,0,0,2,0,BULLISH_OB,98.4892387077925,0.383973640186325,771,1,0,1,0,1,9,0,108.152575319148,2,-0.8,SWEEP
UNKNOWN,2026_03.csv,70,MARKET,1,13191,13191,0,2026-04-14T21:42:00-05:00,2026-04-14T21:42:00-05:00,LOW,HL,external,ChartPrimeLow,25994,25994,25990,25992.5,25990,112,4,1.5,0,2.5,-1,0.625,25994,25994,25990,25992.5,112,4.31880294429781,0.926182567621259,0.347318462857972,-0.578864104763287,115.4,86.3807849003469,0.97053726169844,-0.0393606055319179,HIGH,26042.5,52.5,54,12.156146200029,SSL,Resolved,13352,13354,BOS_UP,UP,825,73.1684228420794,0,0,0,EQL,1.85236513524252,114,1,BEARISH_FVG,0,0.810409746668601,308,1,4,0,BULLISH_OB,76.9310395230408,0.347318462857972,825,1,0,1,1,1,10,12.156146200029,0,3,-0.818181818181818,RUN
UNKNOWN,2026_03.csv,71,MARKET,1,13329,13329,0,2026-04-15T00:00:00-05:00,2026-04-15T00:00:00-05:00,HIGH,HH,external,ChartPrimeHigh,26014,26058,26013.5,26018.25,26058,1806,44.5,4.25,39.75,0.5,1,0.106741573033708,26014,26058,26013.5,26018.25,1806,5.82639701295155,7.63765323596737,0.72943879219913,6.82239811527422,40.1,31.1366343717493,45.0374064837905,56.7145433548279,LOW,25990,68,138,11.6710206751861,BSL,Resolved,13849,13849,BOS_UP,UP,963,65.9069402834038,0,0,0,EQH,2.91775516879652,184,0,BULLISH_FVG,3.30392864701959,0.0858163284940153,183,1,0,0,BULLISH_OB,68.6959709594593,0.257448985482046,963,1,0,1,0,1,10,0,11.6710206751861,2,-0.818181818181818,SWEEP
UNKNOWN,2026_03.csv,72,MARKET,1,13380,13380,0,2026-04-15T00:51:00-05:00,2026-04-15T00:51:00-05:00,LOW,LL,external,ChartPrimeLow,25969.75,25969.75,25966,25968,25966,213,3.75,1.75,0,2,-1,0.533333333333333,25969.75,25969.75,25966,25968,213,5.06235649418498,0.740761738986092,0.345688811526843,-0.395072927459249,97.2,44.2861152055585,2.19135802469136,2.61481503768173,HIGH,26058,92,51,18.1733546631254,SSL,Resolved,13644,13644,CHOCH_DOWN,DOWN,28,4.74087512951099,0,0,1,EQL,0,0,0,BULLISH_FVG,0.0493841159324061,0.641993507121279,573,1,6,0,BEARISH_OB,7.95084266511738,0.592609391188873,28,0,1,1,1,1,10,18.1733546631254,0,2,-0.818181818181818,SWEEP
UNKNOWN,2026_03.csv,73,MARKET,1,13570,13570,0,2026-04-15T04:01:00-05:00,2026-04-15T04:01:00-05:00,HIGH,LH,external,ChartPrimeHigh,26035,26038.25,26032.75,26035,26038.25,98,5.5,0,3.25,2.25,0,0.409090909090909,26035,26038.25,26032.75,26035,98,4.23134880756055,1.29982193625178,0,0.768076598694232,62.9,23.4262673083016,1.55802861685215,1.49831808619214,LOW,25966,72.25,190,17.0749336171256,BSL,Resolved,13735,13735,CHOCH_DOWN,DOWN,218,11.4029833498451,0,0,1,EQL,0.590828152841717,427,1,BULLISH_FVG,0,0.118165630568343,424,1,3,0,BEARISH_OB,6.85360657296391,0.70899378341006,218,1,0,1,0,2,10,0,17.0749336171256,1,-0.666666666666667,SWEEP
UNKNOWN,2026_03.csv,75,MARKET,1,14012,14012,0,2026-04-15T11:23:00-05:00,2026-04-15T11:23:00-05:00,HIGH,HH,external,ChartPrimeHigh,26246,26251.5,26243,26248.25,26251.5,1047,8.5,2.25,3.25,3,1,0.617647058823529,26246,26251.5,26243,26248.25,1047,8.2986904324392,1.02425799217355,0.271127115575351,0.391628055831062,617.6,336.706608191761,1.69527202072539,1.27529424594913,LOW,25933.75,317.75,350,38.2891737662523,BSL,Resolved,14125,14126,CHOCH_UP,UP,165,25.6968255095305,0,0,0,EQL,7.77231064649339,23,0,BULLISH_FVG,1.17488416749319,0.301252350639279,1,1,4,0,BULLISH_OB,25.5461993342108,2.74139639081744,165,1,0,1,0,1,10,0,38.2891737662523,1,-0.818181818181818,GRAB
UNKNOWN,2026_03.csv,77,MARKET,1,14513,14513,0,2026-04-15T20:44:00-05:00,2026-04-15T20:44:00-05:00,HIGH,HH,external,ChartPrimeHigh,26458.5,26465.25,26453.25,26453.75,26465.25,355,12,4.75,6.75,0.5,-1,0.0416666666666667,26458.5,26465.25,26453.25,26453.75,355,5.54736391351777,2.16318961349525,0.85626255534187,2.07305671293295,115.45,107.851043110394,3.07492420961455,2.22111899052105,LOW,26102.25,363,468,65.4364858082313,BSL,Resolved,14771,14773,BOS_UP,UP,388,38.5318149903841,0,0,0,EQH,11.942609324505,122,0,BULLISH_FVG,2.2082560637764,0.721063204498417,0,0,5,0,BULLISH_OB,38.7120807915087,1.75759156096489,388,1,0,1,0,1,11,0,65.4364858082313,0,-0.833333333333333,GRAB
UNKNOWN,2026_03.csv,78,MARKET,1,14711,14711,0,2026-04-16T00:02:00-05:00,2026-04-16T00:02:00-05:00,LOW,HL,external,ChartPrimeLow,26430.25,26430.5,26416.5,26420,26416.5,373,14,10.25,0.25,3.5,-1,0.25,26430.25,26430.5,26416.5,26420,373,3.66224239899404,3.82279447254654,2.79883166740014,-0.955698618136635,36.2,30.2367326277162,10.3038674033149,11.1387696596316,HIGH,26465.25,48.75,198,13.3115164669031,SSL,Resolved,14924,14926,BOS_UP,UP,586,45.0543634264413,0,0,0,EQH,4.77849309068317,320,0,BEARISH_FVG,0.136528374019519,0.477849309068317,281,1,2,0,BULLISH_OB,45.3274201744804,2.66230329338063,586,1,0,0,1,1,12,13.3115164669031,0,1,-0.846153846153846,GRAB
UNKNOWN,2026_03.csv,79,MARKET,1,14869,14869,0,2026-04-16T02:40:00-05:00,2026-04-16T02:40:00-05:00,HIGH,HH,external,ChartPrimeHigh,26479,26488,26477.5,26485.5,26488,252,10.5,6.5,2.5,1.5,1,0.761904761904762,26479,26488,26477.5,26485.5,252,4.82620447014765,2.17562269998038,1.34681405236881,0.518005404757233,81.9,45.8529170282546,3.07692307692308,3.7096876496469,LOW,26416.5,71.5,158,14.8149545760569,BSL,Resolved,15324,15324,BOS_UP,UP,98,4.71384918329082,0,0,0,EQL,4.86925080471799,60,0,BEARISH_FVG,1.60581675474742,0.518005404757233,38,1,1,0,BULLISH_OB,6.83767134279548,0.46620486428151,98,0,0,2,0,2,12,0,14.8149545760569,1,-0.714285714285714,SWEEP
UNKNOWN,2026_03.csv,80,MARKET,1,14869,14869,0,2026-04-16T02:40:00-05:00,2026-04-16T02:40:00-05:00,HIGH,LH,external,ChartPrimeActiveHigh,26479,26488,26477.5,26485.5,26488,252,10.5,6.5,2.5,1.5,1,0.761904761904762,26479,26488,26477.5,26485.5,252,4.82620447014765,2.17562269998038,1.34681405236881,0.518005404757233,81.9,45.8529170282546,3.07692307692308,3.7096876496469,HIGH,26488,0,0,0,BSL,Resolved,15324,15324,BOS_UP,UP,98,4.71384918329082,0,0,0,EQL,4.86925080471799,60,0,BEARISH_FVG,1.60581675474742,0.518005404757233,38,1,1,0,BULLISH_OB,6.83767134279548,0.46620486428151,98,0,0,2,0,2,12,0,14.8149545760569,1,-0.714285714285714,SWEEP
UNKNOWN,2026_03.csv,81,MARKET,1,15056,15056,0,2026-04-16T05:47:00-05:00,2026-04-16T05:47:00-05:00,LOW,LL,external,ChartPrimeLow,26374.25,26375.25,26364.5,26367,26364.5,449,10.75,7.25,1,2.5,-1,0.232558139534884,26374.25,26375.25,26364.5,26367,449,7.87398422152874,1.36525546629974,0.920753686574243,-0.317501271232497,240.25,136.816619969944,1.86888657648283,1.52576492567832,HIGH,26488,123.5,187,15.6845627988854,SSL,Resolved,15225,15226,CHOCH_DOWN,DOWN,132,6.60402644163595,0,0,0,EQL,2.79401118684598,705,0,BULLISH_FVG,0.0317501271232497,0.0952503813697492,828,1,8,0,BEARISH_OB,7.04852822136144,0.920753686574243,132,1,0,0,1,2,12,15.6845627988854,0,0,-0.714285714285714,GRAB
UNKNOWN,2026_03.csv,83,MARKET,1,15387,15387,0,2026-04-16T11:18:00-05:00,2026-04-16T11:18:00-05:00,HIGH,HH,external,ChartPrimeHigh,26558,26564,26557,26559,26564,731,7,1,5,1,1,0.285714285714286,26558,26564,26557,26559,731,9.72821074033076,0.719556780465264,0.102793825780752,0.51396912890376,719.55,253.672717295337,1.0159127232298,0.0451368997110929,LOW,26275.5,288.5,143,29.6560187377469,BSL,Resolved,16500,16501,CHOCH_UP,UP,56,7.81233075933715,0,0,0,EQH,1.87598732049872,15,0,BULLISH_FVG,2.5698456445188,0.102793825780752,9,1,1,0,BULLISH_OB,8.19780760601497,1.77319349471797,56,1,0,1,0,1,12,0,29.6560187377469,1,-0.846153846153846,GRAB
UNKNOWN,2026_03.csv,85,MARKET,1,15856,15856,0,2026-04-16T20:07:00-05:00,2026-04-16T20:07:00-05:00,HIGH,LH,external,ChartPrimeHigh,26489,26497.75,26487.25,26494.75,26497.75,180,10.5,5.75,3,1.75,1,0.714285714285714,26489,26497.75,26487.25,26494.75,180,4.57392875509046,2.29561949086204,1.25712495928159,0.65589128310344,54.4,31.7811264746862,3.30882352941176,3.9520310930464,LOW,26355,142.75,339,31.2094935543387,BSL,Resolved,16298,16301,CHOCH_UP,UP,525,2.13164667008618,0,0,1,EQH,0.16397282077586,248,1,BULLISH_FVG,0,0.8198641038793,383,1,3,0,BULLISH_OB,2.95151077396548,3.77137487784478,525,1,0,1,0,2,13,0,31.2094935543387,2,-0.733333333333333,RUN
UNKNOWN,2026_03.csv,87,MARKET,1,16785,16785,0,2026-04-17T11:36:00-05:00,2026-04-17T11:36:00-05:00,HIGH,HH,external,ChartPrimeHigh,26870.25,26884.75,26868.75,26877.25,26884.75,1426,16,7,7.5,1.5,1,0.53125,26870.25,26884.75,26868.75,26877.25,1426,11.1057479436096,1.44069540216844,0.630304238448694,0.675325969766457,761.5,333.974774496518,1.87261982928431,1.9896712289177,LOW,26440,444.75,693,40.0468300071509,BSL,Resolved,19240,19242,BOS_UP,UP,486,34.8468200399492,0,0,0,EQL,12.6511065002916,144,0,BULLISH_FVG,1.66580405875726,0.810391163719749,4,1,1,0,BULLISH_OB,35.3195482187857,0.270130387906583,486,0,0,1,0,1,14,0,40.0468300071509,0,-0.866666666666667,RUN
UNKNOWN,2026_03.csv,88,MARKET,1,16833,16833,0,2026-04-17T12:24:00-05:00,2026-04-17T12:24:00-05:00,LOW,HL,external,ChartPrimeLow,26819.25,26819.25,26735.5,26756.75,26735.5,6755,83.75,62.5,0,21.25,-1,0.253731343283582,26819.25,26819.25,26735.5,26756.75,6755,19.7826911311034,4.23349884224416,3.15932749421206,-1.0741713480321,1279.05,807.248628057057,5.28126343770767,6.78347390094661,HIGH,26884.75,149.25,48,7.54447405617839,SSL,Resolved,17049,17051,BOS_UP,UP,534,12.0180817879827,0,0,1,EQL,0.442305849189688,192,1,BULLISH_FVG,0,0.593953568911867,202,1,2,0,BULLISH_OB,12.2834652974965,0.151647719722179,534,0,0,1,1,1,15,7.54447405617839,0,0,-0.875,RUN
UNKNOWN,2026_03.csv,89,MARKET,1,17005,17005,0,2026-04-17T15:16:00-05:00,2026-04-17T15:16:00-05:00,HIGH,LH,external,ChartPrimeHigh,26841.25,26845,26840,26841.75,26845,148,5,0.5,3.25,1.25,1,0.35,26841.25,26845,26840,26841.75,148,7.25737702748342,0.688954147078922,0.0688954147078922,0.447820195601299,1081.1,1794.2969904673,0.136897604291925,-0.520036540749583,LOW,26735.5,109.5,172,15.0880958210284,BSL,Resolved,18916,18918,BOS_UP,UP,706,47.8478655146311,0,0,0,EQL,4.30596341924326,143,1,BULLISH_FVG,0,0.413372488247353,308,1,1,0,BULLISH_OB,48.571267369064,0.413372488247353,706,0,0,1,0,2,15,0,15.0880958210284,2,-0.764705882352941,RUN
UNKNOWN,2026_03.csv,91,MARKET,1,17285,17285,0,2026-04-19T20:56:00-05:00,2026-04-19T20:56:00-05:00,HIGH,LH,external,ChartPrimeHigh,26712.25,26714.75,26705.5,26707,26714.75,171,9.25,5.25,2.5,1.5,-1,0.162162162162162,26712.25,26714.75,26705.5,26707,171,5.23346313772041,1.76747208427441,1.00315983161521,1.48085498952721,93.7,68.7110617004278,1.82497331910352,1.12500080899665,LOW,26535,179.75,236,34.346281853873,BSL,Resolved,17610,17612,BOS_UP,UP,986,41.4639397067619,0,0,0,EQL,2.34070627376882,5,1,BEARISH_FVG,0,50.7789952860459,234,1,0,0,BULLISH_OB,42.4670995383771,0.573234189494404,986,0,0,1,0,3,15,0,34.346281853873,2,-0.666666666666667,GRAB
UNKNOWN,2026_03.csv,92,MARKET,1,17513,17513,0,2026-04-20T00:44:00-05:00,2026-04-20T00:44:00-05:00,LOW,HL,external,ChartPrimeLow,26624.75,26625.75,26612,26615,26612,399,13.75,9.75,1,3,-1,0.218181818181818,26624.75,26625.75,26612,26615,399,6.95271386468113,1.97764502719552,1.40233011019319,-0.43148618775175,132.15,122.452552035472,3.01929625425653,2.17921142160189,HIGH,26714.75,102.75,228,14.7784019304974,SSL,Resolved,18060,18060,BOS_UP,UP,1214,16.4324323168792,0,0,0,EQL,2.91253176732431,896,1,BULLISH_FVG,0,1.3304157455679,456,1,4,0,BULLISH_OB,17.1875331454447,0.43148618775175,1214,0,0,0,1,3,16,14.7784019304974,0,2,-0.684210526315789,SWEEP
UNKNOWN,2026_03.csv,93,MARKET,1,17979,17979,0,2026-04-20T08:30:00-05:00,2026-04-20T08:30:00-05:00,HIGH,HH,external,ChartPrimeHigh,26796.5,26827.75,26796,26799.25,26827.75,5341,31.75,2.75,28.5,0.5,1,0.102362204724409,26796.5,26827.75,26796,26799.25,5341,12.0199073552137,2.64145130754509,0.228787121125953,2.3710665280326,361,235.522185791488,14.7950138504155,21.1445048510585,LOW,26612,215.75,466,17.9493895937907,BSL,Resolved,18596,18596,BOS_UP,UP,369,9.40107079535734,0,0,0,EQL,1.16473443482303,1117,1,BEARISH_FVG,0,22.1091554324444,928,1,5,0,BULLISH_OB,10.5450064009871,0.499171900638443,369,1,0,1,0,3,16,0,17.9493895937907,0,-0.684210526315789,SWEEP
UNKNOWN,2026_03.csv,94,MARKET,1,18076,18076,0,2026-04-20T10:07:00-05:00,2026-04-20T10:07:00-05:00,LOW,LL,external,ChartPrimeLow,26585.5,26586.75,26568.75,26575,26568.75,1558,18,10.5,1.25,6.25,-1,0.347222222222222,26585.5,26586.75,26568.75,26575,1558,21.8736703340758,0.822907163045189,0.480029178443027,-0.285731653835135,1876.65,1603.81935625556,0.830202754909013,-0.198681976718346,HIGH,26827.75,259,97,11.840719734928,SSL,Resolved,19732,19732,CHOCH_DOWN,DOWN,3,1.97726304453914,0,1,0,EQH,1.0514924861133,2704,0,BULLISH_FVG,0.0114292661534054,0.0342877984602162,1564,1,3,0,BEARISH_OB,2.58301415066962,0.69718523535773,3,0,1,1,1,3,16,11.840719734928,0,1,-0.684210526315789,SWEEP
UNKNOWN,2026_03.csv,95,MARKET,1,18559,18559,0,2026-04-20T19:10:00-05:00,2026-04-20T19:10:00-05:00,HIGH,LH,external,ChartPrimeHigh,26808,26819,26808,26817,26819,197,11,9,2,0,1,0.818181818181818,26808,26819,26808,26817,197,5.95054906305892,1.84856891077298,1.51246547245062,0.33610343832236,102.45,119.446002444619,1.92288921425085,0.791571070315541,LOW,26568.75,250.25,483,42.0549427200853,BSL,Resolved,18596,18598,CHOCH_DOWN,DOWN,486,34.7867058663643,0,0,1,EQL,0.882271525596195,1697,1,BEARISH_FVG,0,44.6597443670836,1508,1,1,0,BULLISH_OB,19.8301028610192,1.00831031496708,949,1,0,1,0,4,16,0,42.0549427200853,1,-0.6,RUN
UNKNOWN,2026_03.csv,96,MARKET,1,18587,18587,0,2026-04-20T19:38:00-05:00,2026-04-20T19:38:00-05:00,LOW,HL,external,ChartPrimeLow,26790,26791,26785,26788.5,26785,100,6,1.5,1,3.5,-1,0.583333333333333,26790,26791,26785,26788.5,100,5.37542112456517,1.1161916175424,0.279047904385601,-0.651111776899735,94.2,70.4383418317041,1.06157112526539,0.082341518116053,HIGH,26819,34,28,6.32508583274028,SSL,Resolved,19358,19360,CHOCH_DOWN,DOWN,514,32.1835249724726,0,0,0,EQL,1.16269960160667,1605,1,BULLISH_FVG,0,1.58127145818507,155,1,0,0,BULLISH_OB,15.6266826455936,1.1161916175424,977,1,0,1,1,4,17,6.32508583274028,0,1,-0.619047619047619,RUN
UNKNOWN,2026_03.csv,97,MARKET,1,18596,18596,0,2026-04-20T19:47:00-05:00,2026-04-20T19:47:00-05:00,HIGH,HH,external,ChartPrimeHigh,26802.75,26838.5,26801,26823.25,26838.5,1295,37.5,20.5,15.25,1.75,1,0.593333333333333,26802.75,26838.5,26801,26823.25,1295,8.01969687550524,4.67598720776308,2.55620634024381,1.90156813115698,100.65,56.7470483813916,12.8663686040735,21.0469096466989,LOW,26785,53.5,9,6.67107508307532,BSL,Resolved,18855,18855,CHOCH_DOWN,DOWN,523,28.242962734889,0,0,0,EQL,3.08615155712363,1734,1,BEARISH_FVG,0,33.1371626790143,1545,1,2,0,BULLISH_OB,17.1452864284646,0.748157953242092,986,1,0,2,1,4,17,0,6.67107508307532,1,-0.619047619047619,SWEEP
UNKNOWN,2026_03.csv,98,MARKET,1,18751,18751,0,2026-04-20T22:22:00-05:00,2026-04-20T22:22:00-05:00,LOW,HL,external,ChartPrimeLow,26798.25,26798.75,26790,26793.5,26790,177,8.75,4.75,0.5,3.5,-1,0.4,26798.25,26798.75,26790,26793.5,177,3.50594418368191,2.49576135316873,1.35484187743445,-0.998304541267491,49.4,35.6263947095408,3.582995951417,3.58161416669614,HIGH,26838.5,48.5,155,13.8336486432781,SSL,Resolved,19358,19360,CHOCH_DOWN,DOWN,678,50.7709166701752,0,0,1,EQL,0.356537336166961,1769,1,BULLISH_FVG,0,0.926997074034099,160,1,4,0,BULLISH_OB,25.3854583350876,1.71137921360141,1141,1,0,0,1,3,18,13.8336486432781,0,2,-0.714285714285714,RUN
UNKNOWN,2026_03.csv,99,MARKET,1,18918,18918,0,2026-04-21T01:10:00-05:00,2026-04-21T01:10:00-05:00,HIGH,HH,external,ChartPrimeHigh,26849.25,26857.25,26849.25,26855.25,26857.25,223,8,6,2,0,1,0.75,26849.25,26857.25,26849.25,26855.25,223,5.18782618064668,1.54207171200997,1.15655378400748,0.385517928002494,83.35,85.4700386100299,2.6754649070186,1.63390589580958,LOW,26790,67.25,167,12.9630403290839,BSL,Resolved,19157,19157,CHOCH_UP,UP,61,3.61423057502338,0,0,0,EQH,2.84319471901839,53,1,BEARISH_FVG,0,3.51785109302276,2099,1,3,0,BULLISH_OB,3.51785109302276,1.01198456100655,61,1,0,1,0,2,18,0,12.9630403290839,4,-0.8,SWEEP
UNKNOWN,2026_03.csv,100,MARKET,1,19034,19034,0,2026-04-21T03:06:00-05:00,2026-04-21T03:06:00-05:00,LOW,HL,external,ChartPrimeLow,26812.75,26817,26797.25,26801,26797.25,288,19.75,11.75,4.25,3.75,-1,0.189873417721519,26812.75,26817,26797.25,26801,288,6.48621934147625,3.044917071137,1.81153294105619,-0.578148810975379,77.5,59.216973917957,3.71612903225806,3.55472402712844,HIGH,26857.25,60,116,9.25038097560607,SSL,Resolved,19358,19360,CHOCH_UP,UP,177,6.35963692072917,0,0,1,EQL,0.847951589430556,527,1,BEARISH_FVG,0,0.192716270325126,281,1,2,0,BULLISH_OB,5.62731509349369,0.809408335365531,177,1,0,0,1,2,19,9.25038097560607,0,0,-0.80952380952381,RUN
UNKNOWN,2026_03.csv,101,MARKET,1,19248,19248,0,2026-04-21T06:40:00-05:00,2026-04-21T06:40:00-05:00,HIGH,HH,external,ChartPrimeHigh,26895.25,26901.75,26893.5,26898.5,26901.75,205,8.25,3.25,3.25,1.75,1,0.606060606060606,26895.25,26901.75,26893.5,26898.5,205,6.86401007440684,1.2019213128432,0.473484153544289,0.473484153544289,172.3,107.846696750526,1.18978525827046,0.303208174058798,LOW,26797.25,104.5,214,15.2243366293472,BSL,Resolved,20775,20776,BOS_UP,UP,62,6.48309071776027,0,0,0,EQH,6.73804372351489,316,0,BULLISH_FVG,1.96678033010705,0.874124591158688,6,1,2,0,BULLISH_OB,7.10226230316434,0.473484153544289,62,1,0,1,0,1,19,0,15.2243366293472,0,-0.9,GRAB
UNKNOWN,2026_03.csv,102,MARKET,1,19588,19588,0,2026-04-21T12:20:00-05:00,2026-04-21T12:20:00-05:00,LOW,LL,external,ChartPrimeLow,26610.25,26617.5,26600,26614.25,26600,1435,17.5,4,3.25,10.25,1,0.814285714285714,26610.25,26617.5,26600,26614.25,1435,18.2871346909539,0.956956915106922,0.218733009167297,-0.779236345158494,1594.85,1057.55956215241,0.899771138351569,-0.151149879137458,HIGH,26901.75,301.75,340,16.5006713790579,SSL,Resolved,19731,19733,CHOCH_DOWN,DOWN,230,10.7862715145623,0,0,0,EQL,1.76353488641133,2971,1,BULLISH_FVG,0,1.91391383021384,2535,1,4,0,BEARISH_OB,1.38075212036856,0.833919597450318,1515,1,0,0,1,1,17,16.5006713790579,0,0,-0.888888888888889,RUN
UNKNOWN,2026_03.csv,103,MARKET,1,19720,19720,0,2026-04-21T14:32:00-05:00,2026-04-21T14:32:00-05:00,HIGH,LH,external,ChartPrimeHigh,26785,26786.5,26777,26781.75,26786.5,506,9.5,3.25,1.5,4.75,-1,0.5,26785,26786.5,26777,26781.75,506,13.7956085354134,0.688624932754033,0.235582213836906,0.344312466377016,1114.45,849.243220461606,0.454035622953026,-0.716461415693465,LOW,26600,186.5,132,13.5187947324871,BSL,Resolved,19760,19760,CHOCH_DOWN,DOWN,362,0.779233476537458,0,0,1,EQL,0.344312466377016,2738,1,BULLISH_FVG,0,1.17791106918453,338,1,2,0,BEARISH_OB,1.61283207934497,0.724868350267403,362,1,0,1,0,2,17,0,13.5187947324871,4,-0.789473684210526,SWEEP
UNKNOWN,2026_03.csv,105,MARKET,1,20077,20077,0,2026-04-21T21:29:00-05:00,2026-04-21T21:29:00-05:00,HIGH,HH,external,ChartPrimeHigh,26823.5,26837.75,26823.5,26828.5,26837.75,325,14.25,5,9.25,0,1,0.350877192982456,26823.5,26837.75,26823.5,26828.5,325,4.34033735461195,3.28315493376529,1.15198418728607,2.13117074647922,45.4,17.9677488851553,7.15859030837004,15.5612148069924,LOW,26551.75,286,345,65.893495512763,BSL,Resolved,20244,20244,CHOCH_UP,UP,140,11.8078379196822,0,0,1,EQL,0.806388931100246,1205,1,BULLISH_FVG,0,1.6703770715648,682,1,1,1,BULLISH_OB,0,1.20958339665037,1220,1,0,1,0,2,16,0,65.893495512763,0,-0.777777777777778,SWEEP
UNKNOWN,2026_03.csv,106,MARKET,1,20228,20228,0,2026-04-22T00:00:00-05:00,2026-04-22T00:00:00-05:00,LOW,HL,external,ChartPrimeLow,26777.25,26779,26765.5,26777.25,26765.5,314,13.5,0,1.75,11.75,0,0.87037037037037,26777.25,26779,26765.5,26777.25,314,4.6717826565366,2.88968922411475,0,-2.51509988024803,62.25,45.8441653866662,5.04417670682731,5.49142945185391,HIGH,26837.75,72.25,151,15.4651886253549,SSL,Resolved,22370,22370,CHOCH_UP,UP,291,4.49507212640073,0,0,1,EQH,0.481614870685792,2236,1,BULLISH_FVG,0,0.856204214552519,313,1,4,0,BULLISH_OB,2.03348500956223,1.28430632182878,291,1,0,0,1,2,17,15.4651886253549,0,2,-0.789473684210526,SWEEP
UNKNOWN,2026_03.csv,107,MARKET,1,20392,20392,0,2026-04-22T02:44:00-05:00,2026-04-22T02:44:00-05:00,HIGH,HH,external,ChartPrimeHigh,26860,26864.5,26858,26863,26864.5,161,6.5,3,1.5,2,1,0.769230769230769,26860,26864.5,26858,26863,161,6.60343665018007,0.984335936625174,0.454308893827003,0.227154446913502,103.7,92.986074226198,1.55255544840887,0.616221304930155,LOW,26765.5,99,164,14.9921934962911,BSL,Resolved,20652,20652,BOS_UP,UP,144,4.05092096995745,0,0,0,EQH,1.36292668148101,1460,1,BEARISH_FVG,0,1.93081279876476,984,1,1,0,BULLISH_OB,1.74151742633685,0.492167968312587,1206,1,0,1,0,2,17,0,14.9921934962911,2,-0.789473684210526,SWEEP
UNKNOWN,2026_03.csv,108,MARKET,1,20631,20631,0,2026-04-22T06:43:00-05:00,2026-04-22T06:43:00-05:00,LOW,HL,external,ChartPrimeLow,26818,26818.5,26806,26808.25,26806,264,12.5,9.75,0.5,2.25,-1,0.18,26818,26818.5,26806,26808.25,264,6.88945542322596,1.81436691757371,1.4152061957075,-0.326586045163269,128.25,74.6651692558183,2.05847953216374,1.81811681876582,HIGH,26864.5,58.5,239,8.49123717424499,SSL,Resolved,22369,22371,BOS_UP,UP,383,4.60849197063724,0,0,1,EQH,0.0725746767029486,1870,1,BULLISH_FVG,0,0.290298706811794,170,1,1,0,BEARISH_OB,0.399160721866217,1.45149353405897,1273,1,0,0,1,2,18,8.49123717424499,0,2,-0.8,RUN
UNKNOWN,2026_03.csv,109,MARKET,1,21136,21136,0,2026-04-22T15:08:00-05:00,2026-04-22T15:08:00-05:00,HIGH,HH,external,ChartPrimeHigh,27126,27136,27125.5,27128.25,27136,730,10.5,2.25,7.75,0.5,1,0.261904761904762,27126,27136,27125.5,27128.25,730,13.8418502928184,0.758569105854851,0.162550522683182,0.559896244797628,1881.05,2131.32279289178,0.388081124903644,-0.540063665550283,LOW,26806,330,505,23.8407433268668,BSL,Resolved,22225,22225,BOS_UP,UP,482,19.614429737104,0,0,1,EQH,0,0,0,BULLISH_FVG,1.67968873439289,0.126428184309142,2,0,4,0,BULLISH_OB,19.8131025981612,0.307039876179345,482,1,0,1,0,1,18,0,23.8407433268668,2,-0.894736842105263,SWEEP
UNKNOWN,2026_03.csv,110,MARKET,1,21528,21528,0,2026-04-22T22:40:00-05:00,2026-04-22T22:40:00-05:00,LOW,HL,external,ChartPrimeLow,26872,26873.75,26865,26871.75,26865,244,8.75,0.25,1.75,6.75,-1,0.771428571428571,26872,26873.75,26865,26871.75,244,8.1659634509269,1.07152083799822,0.0306148810856633,-0.82660178931291,158.85,91.8424057829497,1.53604028958137,0.927131636786978,HIGH,27136,271,392,33.1865310968591,SSL,Resolved,22350,22350,BOS_UP,UP,874,0.0612297621713267,0,0,0,EQH,1.16336548125521,2596,1,BULLISH_FVG,0,0.887831551484237,795,1,5,0,BULLISH_OB,0.397993454113624,0.520452978456277,874,1,0,0,1,1,19,33.1865310968591,0,1,-0.9,SWEEP
UNKNOWN,2026_03.csv,111,MARKET,1,21777,21777,0,2026-04-23T02:49:00-05:00,2026-04-23T02:49:00-05:00,HIGH,LH,external,ChartPrimeHigh,27005.5,27013.5,27001,27012.25,27013.5,246,12.5,6.75,1.25,4.5,1,0.9,27005.5,27013.5,27001,27012.25,246,9.00229105629595,1.388535420798,0.749809127230922,0.1388535420798,124,82.7490181210629,1.98387096774194,1.47433773560325,LOW,26865,148.5,249,16.4958007990803,BSL,Resolved,22015,22017,BOS_UP,UP,1123,16.5513422159122,0,0,1,EQH,0.638726293567082,920,1,BULLISH_FVG,0,0.16662425049576,366,1,0,0,BULLISH_OB,16.8568200084878,0.472102043071321,1123,1,0,1,0,2,19,0,16.4958007990803,6,-0.80952380952381,GRAB
UNKNOWN,2026_03.csv,112,MARKET,1,21856,21856,0,2026-04-23T04:08:00-05:00,2026-04-23T04:08:00-05:00,LOW,HL,external,ChartPrimeLow,26898,26900.5,26890,26898,26890,182,10.5,0,2.5,8,0,0.761904761904762,26898,26900.5,26890,26898,182,8.34450940274352,1.25831244153764,0,-0.958714241171536,155,91.0686554199632,1.1741935483871,0.296479616125762,HIGH,27013.5,123.5,79,14.8001510980856,SSL,Resolved,22344,22344,BOS_UP,UP,1202,3.05590164373427,0,0,0,EQL,3.95469624483258,283,1,BULLISH_FVG,0,0.958714241171536,1079,1,6,0,BULLISH_OB,3.38545966413698,0.509316940622378,1202,1,0,1,1,2,20,14.8001510980856,0,1,-0.818181818181818,SWEEP
UNKNOWN,2026_03.csv,113,MARKET,1,22241,22241,0,2026-04-23T10:33:00-05:00,2026-04-23T10:33:00-05:00,HIGH,HH,external,ChartPrimeHigh,27150,27155.75,27148.5,27152,27155.75,838,7.25,2,3.75,1.5,1,0.482758620689655,27150,27155.75,27148.5,27152,838,11.6976965074004,0.619780141792307,0.170973832218567,0.320575935409814,831.75,277.35065801256,1.00751427712654,0.0225346499798712,LOW,26890,265.75,385,22.7181479560422,BSL,Resolved,23306,23306,BOS_UP,UP,226,12.1605138165456,0,0,0,EQH,1.68836659315835,1105,0,BULLISH_FVG,1.06858645136605,0.213717290273209,8,1,5,0,BULLISH_OB,15.9005663963268,0.406062851519098,226,1,0,1,0,1,20,0,22.7181479560422,1,-0.904761904761905,SWEEP
UNKNOWN,2026_03.csv,115,MARKET,1,22718,22718,0,2026-04-23T19:30:00-05:00,2026-04-23T19:30:00-05:00,HIGH,LH,external,ChartPrimeHigh,27125.5,27135.75,27123.75,27133.25,27135.75,376,12,7.75,2.5,1.75,1,0.791666666666667,27125.5,27135.75,27123.75,27133.25,376,6.32352269596606,1.89767643400017,1.22558269695844,0.395349257083368,144.35,72.1479556189917,2.60478004849325,3.2107631881259,LOW,26681.75,454,344,71.7954250863397,BSL,Resolved,23188,23189,CHOCH_DOWN,DOWN,371,38.8628319712951,0,0,1,EQH,0.0395349257083368,1582,1,BULLISH_FVG,0,1.14651284554177,477,1,3,0,BULLISH_OB,26.2511906703356,0.751163588458399,703,1,0,1,0,2,17,0,71.7954250863397,1,-0.789473684210526,GRAB
UNKNOWN,2026_03.csv,116,MARKET,1,22953,22953,0,2026-04-23T23:25:00-05:00,2026-04-23T23:25:00-05:00,LOW,HL,external,ChartPrimeLow,27022,27023.25,27016.25,27021.5,27016.25,119,7,0.5,1.25,5.25,-1,0.75,27022,27023.25,27016.25,27021.5,119,5.90002239221983,1.18643617509498,0.0847454410782126,-0.889827131321232,62.9,33.2263449690152,1.89189189189189,1.68841923637148,HIGH,27135.75,119.5,235,20.2541604176928,SSL,Resolved,26339,26339,CHOCH_DOWN,DOWN,606,21.3982238722487,0,0,0,EQL,1.22880889563408,50,1,BULLISH_FVG,0,11.567752707176,383,1,3,0,BULLISH_OB,7.88132602027377,0.805081690243019,938,1,0,0,1,2,18,20.2541604176928,0,1,-0.8,SWEEP
UNKNOWN,2026_03.csv,117,MARKET,1,23189,23189,0,2026-04-24T03:21:00-05:00,2026-04-24T03:21:00-05:00,HIGH,HH,external,ChartPrimeHigh,27140.5,27153.75,27132.5,27133,27153.75,514,21.25,7.5,13.25,0.5,-1,0.0235294117647059,27140.5,27153.75,27132.5,27133,514,10.4150375831168,2.04031908962548,0.720112619867817,1.99231158163429,223.4,143.780527193358,2.30080572963295,2.02113600271612,LOW,27016.25,137.5,236,13.2020646975766,BSL,Resolved,23306,23306,CHOCH_UP,UP,1,1.72827028768276,0,1,0,EQH,1.70426653368717,2053,0,BEARISH_FVG,0.504078833907472,0.192030031964751,945,1,1,0,BULLISH_OB,5.85691597492491,0.600093849889847,1,0,1,1,0,2,18,0,13.2020646975766,0,-0.8,SWEEP
UNKNOWN,2026_03.csv,118,MARKET,1,23250,23250,0,2026-04-24T04:22:00-05:00,2026-04-24T04:22:00-05:00,LOW,HL,external,ChartPrimeLow,27097.75,27098.5,27064.5,27087.25,27064.5,596,34,10.5,0.75,22.75,-1,0.669117647058823,27097.75,27098.5,27064.5,27087.25,596,8.5185304691623,3.99129874842644,1.23260696642581,-2.67064842725593,76.1,33.167604676853,7.83180026281209,15.6749335704314,HIGH,27153.75,89.25,61,10.4771592146194,SSL,Resolved,26179,26179,CHOCH_UP,UP,62,8.36411870074659,0,0,1,EQL,0.733694622872508,558,1,BULLISH_FVG,0,0.381521203893704,586,1,0,0,BULLISH_OB,2.58260507251123,0.733694622872508,62,1,0,1,1,2,19,10.4771592146194,0,0,-0.80952380952381,SWEEP
UNKNOWN,2026_03.csv,119,MARKET,1,23378,23378,0,2026-04-24T06:30:00-05:00,2026-04-24T06:30:00-05:00,HIGH,HH,external,ChartPrimeHigh,27351,27363.75,27340.75,27342,27363.75,891,23,9,12.75,1.25,-1,0.0543478260869565,27351,27363.75,27340.75,27342,891,21.1767468391051,1.08609694278104,0.42499445587084,1.0270699350212,748.5,330.829487803007,1.19038076152305,0.43073548535931,LOW,27064.5,299.25,128,14.1310656577054,BSL,Resolved,23632,23633,BOS_UP,UP,70,9.91653730365294,0,0,0,EQL,4.65132821147531,9,0,BULLISH_FVG,3.69509068576592,0.31874584190313,7,0,2,0,BULLISH_OB,9.99917511451672,0.224302629487388,70,1,0,1,0,1,19,0,14.1310656577054,5,-0.9,GRAB
UNKNOWN,2026_03.csv,120,MARKET,1,23524,23524,0,2026-04-24T08:56:00-05:00,2026-04-24T08:56:00-05:00,LOW,HL,external,ChartPrimeLow,27154,27161.25,27130.25,27154.75,27130.25,2167,31,0.75,6.5,23.75,1,0.790322580645161,27154,27161.25,27130.25,27154.75,2167,25.4464478415771,1.21824469147906,0.0294736618906223,-0.962806288426996,1729.4,372.831114581388,1.25303573493697,1.17372178148633,HIGH,27363.75,233.5,146,9.17613340194708,SSL,Resolved,26139,26139,BOS_UP,UP,216,0.923508072572833,0,0,1,EQH,0.167017417380193,726,1,BULLISH_FVG,0,0.0982455396354077,223,1,2,0,BULLISH_OB,0.668069669520773,0.186666525307275,216,1,0,0,1,1,20,9.17613340194708,0,1,-0.904761904761905,SWEEP
UNKNOWN,2026_03.csv,121,MARKET,1,23762,23762,0,2026-04-24T12:54:00-05:00,2026-04-24T12:54:00-05:00,HIGH,HH,external,ChartPrimeHigh,27425.25,27462.5,27425.25,27436,27462.5,3833,37.25,10.75,26.5,0,1,0.288590604026846,27425.25,27462.5,27425.25,27436,3833,11.6895118545356,3.1866172397564,0.919627794023658,2.26698944573274,521.8,227.935210092693,7.34572633192794,14.5269350823572,LOW,27130.25,332.25,238,28.4229148431963,BSL,Resolved,24126,24126,BOS_UP,UP,130,8.44774368928709,0,0,0,EQH,5.00448613491944,108,0,BEARISH_FVG,3.87099141205307,0.128320157305627,73,1,1,0,BULLISH_OB,11.5274274646221,0.855467715370845,130,0,0,1,0,1,20,0,28.4229148431963,0,-0.904761904761905,SWEEP
UNKNOWN,2026_03.csv,122,MARKET,1,23954,23954,0,2026-04-26T17:06:00-05:00,2026-04-26T17:06:00-05:00,LOW,HL,external,ChartPrimeLow,27352,27357,27344.25,27348.5,27344.25,399,12.75,3.5,5,4.25,-1,0.333333333333333,27352,27357,27344.25,27348.5,399,11.2614103562029,1.13218501028844,0.310795885177219,-0.377395003429481,216.9,229.420770637708,1.83955739972337,0.793738071290697,HIGH,27462.5,118.25,192,10.5004609777732,SSL,Resolved,24895,24895,BOS_UP,UP,322,1.73157707455879,0,0,0,EQL,3.59635238562211,157,1,BULLISH_FVG,0,2.66396473009045,320,1,3,0,BULLISH_OB,1.46518060154975,0.887988243363484,322,0,0,0,1,1,21,10.5004609777732,0,0,-0.909090909090909,SWEEP
UNKNOWN,2026_03.csv,123,MARKET,1,24347,24347,0,2026-04-26T23:39:00-05:00,2026-04-26T23:39:00-05:00,HIGH,HH,external,ChartPrimeHigh,27536,27540,27535,27536.25,27540,184,5,0.25,3.75,1,1,0.25,27536,27540,27535,27536.25,184,3.81290665278833,1.31133553881881,0.0655667769409403,0.983501654114105,58.25,37.5298214757278,3.1587982832618,3.35066874968558,LOW,27344.25,195.75,393,51.3387863447563,BSL,Resolved,28201,28203,BOS_UP,UP,219,20.3257008516915,0,0,0,EQL,4.45854083198394,51,0,BULLISH_FVG,1.83586975434633,1.24576876187787,159,1,2,0,BULLISH_OB,20.9813686211009,2.16370363905103,219,0,0,1,0,1,21,0,51.3387863447563,1,-0.909090909090909,GRAB
UNKNOWN,2026_03.csv,124,MARKET,1,24563,24563,0,2026-04-27T03:15:00-05:00,2026-04-27T03:15:00-05:00,LOW,HL,external,ChartPrimeLow,27391.25,27399.5,27388,27399.25,27388,150,11.5,8,0.25,3.25,1,0.978260869565217,27391.25,27399.5,27388,27399.25,150,8.53402928657334,1.34754634813511,0.937423546528773,-1.31825186230609,144.55,80.4794849635608,1.03770321687997,0.067719121245217,HIGH,27540,152,216,17.8110473840467,SSL,Resolved,24852,24852,BOS_UP,UP,435,8.7297567770492,0,0,1,EQL,0,0,1,BULLISH_FVG,0,0.35153382994829,493,1,0,0,BULLISH_OB,7.05997108479482,1.17177943316097,931,0,0,0,1,1,22,17.8110473840467,0,4,-0.91304347826087,SWEEP
UNKNOWN,2026_03.csv,125,MARKET,1,24760,24760,0,2026-04-27T06:32:00-05:00,2026-04-27T06:32:00-05:00,HIGH,LH,external,ChartPrimeHigh,27498.5,27500.25,27497,27499.25,27500.25,177,3.25,0.75,1,1.5,1,0.692307692307692,27498.5,27500.25,27497,27499.25,177,5.40707334337683,0.601064530404595,0.138707199324137,0.184942932432183,104.5,34.643181147233,1.69377990430622,2.09276393215381,LOW,27388,112.25,197,20.7598441655126,BSL,Resolved,25346,25346,BOS_UP,UP,632,6.98159569931491,0,0,0,EQL,4.20745171283217,464,1,BEARISH_FVG,0,1.1096575945931,385,1,0,0,BULLISH_OB,7.44395303039537,1.52577919256551,632,1,0,1,0,2,22,0,20.7598441655126,0,-0.833333333333333,SWEEP
UNKNOWN,2026_03.csv,126,MARKET,1,24900,24900,0,2026-04-27T08:52:00-05:00,2026-04-27T08:52:00-05:00,LOW,LL,external,ChartPrimeLow,27305.25,27319.75,27298.5,27318.5,27298.5,2098,21.25,13.25,1.25,6.75,1,0.941176470588235,27305.25,27319.75,27298.5,27318.5,2098,24.7632789324514,0.858125454951469,0.53506646014621,-0.807647487013147,2032.45,588.436528013005,1.03225171590937,0.111396891388346,HIGH,27500.25,201.75,140,8.14714402524513,SSL,Resolved,26021,26023,CHOCH_DOWN,DOWN,22,3.61422250438384,0,0,0,EQH,1.28214038563337,1412,1,BEARISH_FVG,0,0.191816278165623,1471,1,2,0,BULLISH_OB,0.777360706250155,0.403823743506574,1268,1,1,0,1,2,21,8.14714402524513,0,1,-0.826086956521739,GRAB
UNKNOWN,2026_03.csv,127,MARKET,1,25459,25459,0,2026-04-27T19:11:00-05:00,2026-04-27T19:11:00-05:00,HIGH,HH,external,ChartPrimeHigh,27508.75,27512,27507.5,27509.75,27512,146,4.5,1,2.25,1.25,1,0.5,27508.75,27512,27507.5,27509.75,146,6.92045664553868,0.650246108094754,0.144499135132167,0.325123054047377,107.75,87.9214848600727,1.35498839907193,0.435047247676435,LOW,27298.5,213.5,559,30.8505653507178,BSL,Resolved,28189,28191,CHOCH_UP,UP,32,1.69786483780297,0,0,0,EQL,1.58949048645384,1163,1,BEARISH_FVG,0,0.758620459443879,1087,1,3,0,BULLISH_OB,1.66174005401993,0.758620459443879,32,1,0,1,0,2,21,0,30.8505653507178,0,-0.826086956521739,RUN
UNKNOWN,2026_03.csv,128,MARKET,1,25626,25626,0,2026-04-27T21:58:00-05:00,2026-04-27T21:58:00-05:00,LOW,HL,external,ChartPrimeLow,27392.25,27398.75,27386,27395.75,27386,201,12.75,3.5,3,6.25,1,0.764705882352941,27392.25,27398.75,27386,27395.75,201,6.08617793040902,2.09491082018746,0.575073558482833,-1.60199062720218,103.45,90.9463990491102,1.94296761720638,1.07260981215236,HIGH,27512,126,167,20.702648105382,SSL,Resolved,25759,25761,CHOCH_UP,UP,199,18.7720440161896,0,0,1,EQL,0.205383413743869,1829,1,BULLISH_FVG,0,0.410766827487738,538,1,1,0,BEARISH_OB,1.15014711696567,3.36828798539945,748,1,0,0,1,2,22,20.702648105382,0,1,-0.833333333333333,RUN
UNKNOWN,2026_03.csv,129,MARKET,1,25734,25734,0,2026-04-27T23:46:00-05:00,2026-04-27T23:46:00-05:00,HIGH,LH,external,ChartPrimeHigh,27435.75,27439.5,27435.75,27438.25,27439.5,78,3.75,2.5,1.25,0,1,0.666666666666667,27435.75,27439.5,27435.75,27438.25,78,2.98965321965933,1.25432607880432,0.836217385869548,0.418108692934774,31.4,25.9699826723084,2.48407643312102,1.79437932585489,LOW,27386,53.5,108,17.8950520576083,BSL,Resolved,28103,28105,CHOCH_UP,UP,307,20.32008247663,0,0,1,EQH,0.16724347717391,1267,1,BEARISH_FVG,0,5.10092605380424,167,1,2,0,BULLISH_OB,4.09746519076079,2.75951737336951,1606,1,0,1,0,3,22,0,17.8950520576083,2,-0.76,RUN
UNKNOWN,2026_03.csv,130,MARKET,1,26199,26199,0,2026-04-28T07:31:00-05:00,2026-04-28T07:31:00-05:00,LOW,LL,external,ChartPrimeLow,27047.5,27051,27036.5,27050.5,27036.5,604,14.5,3,0.5,11,1,0.96551724137931,27047.5,27051,27036.5,27050.5,604,16.5214772683502,0.877645489230994,0.181581825358137,-0.847381851671305,789.8,751.311826074899,0.764750569764497,-0.247300779186028,HIGH,27439.5,403,465,24.3924918731097,SSL,Resolved,26338,26340,CHOCH_DOWN,DOWN,440,21.1542826542229,0,0,1,EQL,0.438822744615497,6,1,BULLISH_FVG,0,0.0151318187798447,3227,1,2,0,BULLISH_OB,3.02636375596895,0.378295469496118,3011,1,0,0,1,3,19,24.3924918731097,0,2,-0.727272727272727,GRAB
UNKNOWN,2026_03.csv,131,MARKET,1,26277,26277,0,2026-04-28T08:49:00-05:00,2026-04-28T08:49:00-05:00,HIGH,LH,external,ChartPrimeHigh,27246.5,27252,27219.75,27227.75,27252,3018,32.25,18.75,5.5,8,-1,0.248062015503876,27246.5,27252,27219.75,27227.75,3018,24.3156471757173,1.32630646295141,0.771108408692679,0.997300208575865,2753.05,1321.45330886112,1.09623871705926,0.200498949318417,LOW,27036.5,215.5,78,8.86260597724119,BSL,Resolved,26828,26830,CHOCH_DOWN,DOWN,518,5.51085476079035,0,0,1,EQL,0.544916608809493,2908,1,BEARISH_FVG,0,0.452383599766372,163,1,2,0,BULLISH_OB,2.704020153149,0.411257817969429,2645,1,0,1,1,4,19,0,8.86260597724119,2,-0.652173913043478,RUN
UNKNOWN,2026_03.csv,133,MARKET,1,26858,26858,0,2026-04-28T19:30:00-05:00,2026-04-28T19:30:00-05:00,HIGH,HH,external,ChartPrimeHigh,27288.5,27294,27288.5,27292.5,27294,133,5.5,4,1.5,0,1,0.727272727272727,27288.5,27294,27288.5,27292.5,133,5.3316033833215,1.03158461058924,0.750243353155813,0.28134125743343,136,52.1325234378694,0.977941176470588,-0.057545651009496,LOW,27009.5,284.5,461,53.3610584932072,BSL,Resolved,27069,27069,CHOCH_UP,UP,30,7.87755520813604,0,0,0,EQL,1.64115733502834,918,1,BEARISH_FVG,0,0.937804191444766,830,1,2,0,BULLISH_OB,4.45456990936264,1.87560838288953,3226,1,1,1,0,4,18,0,53.3610584932072,1,-0.636363636363636,SWEEP
UNKNOWN,2026_03.csv,134,MARKET,1,26896,26896,0,2026-04-28T20:08:00-05:00,2026-04-28T20:08:00-05:00,LOW,HL,external,ChartPrimeLow,27209.25,27209.5,27191.75,27198.25,27191.75,814,17.75,11,0.25,6.5,-1,0.366197183098592,27209.25,27209.5,27191.75,27198.25,814,9.41603592425281,1.88508201782466,1.16821984203219,-0.6903117248372,184.85,178.341042668254,4.40357046253719,3.5277914191089,HIGH,27294,102.25,38,10.8591344407083,SSL,Resolved,27638,27640,CHOCH_UP,UP,68,6.39865868022174,0,0,1,EQH,0,276,1,BULLISH_FVG,0,0.584109921016093,187,1,1,0,BULLISH_OB,4.22152170188903,0.504458568150262,3588,1,0,1,1,4,19,10.8591344407083,0,0,-0.652173913043478,RUN
UNKNOWN,2026_03.csv,135,MARKET,1,27193,27193,0,2026-04-29T01:05:00-05:00,2026-04-29T01:05:00-05:00,HIGH,HH,external,ChartPrimeHigh,27313.25,27317.25,27310.75,27316.5,27317.25,53,6.5,3.25,0.75,2.5,1,0.884615384615385,27313.25,27317.25,27310.75,27316.5,53,5.18321564411398,1.25404776615485,0.627023883077424,0.144697819171713,68.9,60.3323296417435,0.769230769230769,-0.263540295798538,LOW,27191.75,125.5,297,24.2127684080667,BSL,Resolved,27982,27984,BOS_UP,UP,112,4.48563239432311,0,0,1,EQH,0,0,1,BEARISH_FVG,0,0.627023883077424,1178,1,2,0,BULLISH_OB,0.0964652127811422,1.92930425562284,3561,1,0,1,0,4,19,0,24.2127684080667,1,-0.652173913043478,RUN
UNKNOWN,2026_03.csv,136,MARKET,1,27324,27324,0,2026-04-29T03:16:00-05:00,2026-04-29T03:16:00-05:00,LOW,HL,external,ChartPrimeLow,27211.5,27212,27198,27204,27198,356,14,7.5,0.5,6,-1,0.428571428571429,27211.5,27212,27198,27204,356,10.7210876989533,1.30583765314846,0.699555885615248,-0.559644708492199,185.9,100.701986077733,1.91500806885422,1.68914245513189,HIGH,27317.25,119.25,131,11.1229385812824,SSL,Resolved,27582,27582,BOS_UP,UP,243,8.95431533587518,0,0,1,EQH,0.582963238012707,704,1,BULLISH_FVG,0,2.02871206828422,614,1,1,0,BULLISH_OB,3.84755737088387,0.396415001848641,496,1,0,0,1,4,20,11.1229385812824,0,0,-0.666666666666667,SWEEP
UNKNOWN,2026_03.csv,137,MARKET,1,27460,27460,0,2026-04-29T05:32:00-05:00,2026-04-29T05:32:00-05:00,HIGH,LH,external,ChartPrimeHigh,27284.75,27288.5,27284.5,27285.25,27288.5,58,4,0.5,3.25,0.25,1,0.1875,27284.75,27288.5,27284.5,27285.25,58,6.79427950100153,0.588730563617579,0.0735913204521974,0.478343582939283,119.6,84.7138713552863,0.48494983277592,-0.727153641009419,LOW,27198,90.5,136,13.3200290018477,BSL,Resolved,27702,27702,BOS_UP,UP,379,0.809504524974172,0,0,1,EQL,0.0735913204521974,367,1,BULLISH_FVG,0,1.03027848633076,231,1,3,0,BULLISH_OB,0.110386980678296,0.662321884069777,379,1,0,1,0,5,20,0,13.3200290018477,2,-0.6,SWEEP
UNKNOWN,2026_03.csv,138,MARKET,1,27643,27643,0,2026-04-29T08:35:00-05:00,2026-04-29T08:35:00-05:00,LOW,LL,external,ChartPrimeLow,27147.25,27148.25,27124.25,27146.5,27124.25,2075,24,0.75,1,22.25,-1,0.927083333333333,27147.25,27148.25,27124.25,27146.5,2075,18.8487872388873,1.27329146941004,0.0397903584190638,-1.18044729976556,1050.4,1359.72811252838,1.97543792840823,0.753532997192196,HIGH,27288.5,164.25,183,8.71408849377498,SSL,Resolved,28042,28042,CHOCH_DOWN,DOWN,5,3.91271857787461,0,1,1,EQH,0.0928441696444822,4845,1,BEARISH_FVG,0,0.809070621187631,1318,1,1,0,BEARISH_OB,1.12739348854014,1.85688339288964,1305,1,1,0,1,5,19,8.71408849377498,0,0,-0.583333333333333,SWEEP
UNKNOWN,2026_03.csv,139,MARKET,1,27705,27705,0,2026-04-29T09:37:00-05:00,2026-04-29T09:37:00-05:00,HIGH,HH,external,ChartPrimeHigh,27306.75,27315.5,27299.75,27302,27315.5,1537,15.75,4.75,8.75,2.25,-1,0.142857142857143,27306.75,27315.5,27299.75,27302,1537,15.646896811858,1.00658936972498,0.30357457182182,0.862790888335699,1156.75,369.19397002118,1.32872271450184,1.02994639911964,LOW,27124.25,191.25,62,12.2228709180891,BSL,Resolved,27982,27984,CHOCH_UP,UP,2,1.7255817766714,0,1,1,EQH,0.111843263302776,512,1,BULLISH_FVG,0,0.335529789908327,4093,1,5,0,BULLISH_OB,0.143798481389283,0.639104361730147,4073,1,1,1,1,5,19,0,12.2228709180891,0,-0.583333333333333,RUN
UNKNOWN,2026_03.csv,140,MARKET,1,27822,27822,0,2026-04-29T11:34:00-05:00,2026-04-29T11:34:00-05:00,LOW,HL,external,ChartPrimeLow,27167.5,27167.5,27153.5,27164.75,27153.5,1308,14,2.75,0,11.25,-1,0.803571428571429,27167.5,27167.5,27153.5,27164.75,1308,15.0820910147804,0.92825324991608,0.182335459804944,-0.745917790111135,903.65,465.79601490352,1.44746306645272,0.868083854439487,HIGH,27315.5,162,117,10.7412161776004,SSL,Resolved,28041,28041,CHOCH_UP,UP,119,8.95101348133363,0,0,0,EQL,1.12716466061238,4474,1,BULLISH_FVG,0,1.21004441506918,176,1,4,0,BULLISH_OB,0.0994557053481514,0.314943066935813,4514,1,0,0,1,5,20,10.7412161776004,0,0,-0.6,SWEEP
UNKNOWN,2026_03.csv,141,MARKET,1,28031,28031,0,2026-04-29T15:03:00-05:00,2026-04-29T15:03:00-05:00,HIGH,HH,external,ChartPrimeHigh,27381.75,27414,27365.25,27372.5,27414,2674,48.75,9.25,32.25,7.25,-1,0.148717948717949,27381.75,27414,27365.25,27372.5,2674,33.4450718927408,1.45761384984737,0.276572884330014,1.2408405080752,1555.65,1359.26867377278,1.71889563847909,0.822758606579166,LOW,27153.5,260.5,209,7.78889041815876,BSL,Resolved,28101,28103,BOS_UP,UP,49,2.94512747097366,0,0,1,EQH,0.0224248284591903,3124,1,BEARISH_FVG,0,0.0523245997381107,2281,1,0,0,BEARISH_OB,0.0149498856394602,0.612945311217868,3153,1,0,1,0,4,20,0,7.78889041815876,0,-0.666666666666667,RUN
UNKNOWN,2026_03.csv,143,MARKET,1,28247,28247,0,2026-04-29T19:39:00-05:00,2026-04-29T19:39:00-05:00,HIGH,HH,external,ChartPrimeHigh,27610,27622.75,27609,27619.75,27622.75,243,13.75,9.75,3,1,1,0.781818181818182,27610,27622.75,27609,27619.75,243,9.94100574406405,1.38315984861093,0.980786074469567,0.301780330606021,229.35,226.956884671957,1.0595160235448,0.0601435819835546,LOW,27094,528.75,201,53.1887832693111,BSL,Resolved,29468,29470,CHOCH_UP,UP,146,20.9988813380023,0,0,0,EQL,10.0341959926502,3951,0,BULLISH_FVG,1.30771476595942,0.402373774141361,0,1,3,0,BULLISH_OB,12.2975484721953,0.528115578560536,2820,1,0,1,0,1,19,0,53.1887832693111,0,-0.9,GRAB
UNKNOWN,2026_03.csv,144,MARKET,1,28579,28579,0,2026-04-30T01:11:00-05:00,2026-04-30T01:11:00-05:00,LOW,HL,external,ChartPrimeLow,27199.5,27200.5,27185.25,27188.5,27185.25,256,15.25,11,1,3.25,-1,0.213114754098361,27199.5,27200.5,27185.25,27188.5,256,12.148403848354,1.2553089434927,0.905468746125884,-0.26752485680992,181.05,90.4297932099814,1.41397404032035,0.82881976547224,HIGH,27622.75,437.5,332,36.0129614936431,SSL,Resolved,29064,29066,CHOCH_UP,UP,478,18.8296341523905,0,0,1,EQH,0.288103691949145,5234,1,BULLISH_FVG,0,6.15307170662817,489,1,2,0,BEARISH_OB,1.83151632739099,1.09067826237891,941,1,0,0,1,1,20,36.0129614936431,0,0,-0.904761904761905,GRAB
UNKNOWN,2026_03.csv,145,MARKET,1,28958,28958,0,2026-04-30T07:30:00-05:00,2026-04-30T07:30:00-05:00,HIGH,LH,external,ChartPrimeHigh,27538.25,27550,27527.75,27537.5,27550,528,22.25,0.75,11.75,9.75,-1,0.438202247191011,27538.25,27550,27527.75,27537.5,528,12.3405638125594,1.80299703789509,0.0607751810526435,1.01291968421072,338.8,221.069355633023,1.55844155844156,0.855840012100427,LOW,27185.25,364.75,379,29.556996385269,BSL,Resolved,29288,29290,CHOCH_UP,UP,857,11.0205661642127,0,0,0,EQL,2.18790651789517,4662,0,BEARISH_FVG,0.162067149473716,0.324134298947432,610,0,4,0,BULLISH_OB,4.01116194947447,0.425426267368504,3531,1,0,1,0,2,20,0,29.556996385269,1,-0.818181818181818,RUN
UNKNOWN,2026_03.csv,147,MARKET,1,29476,29476,0,2026-04-30T17:08:00-05:00,2026-04-30T17:08:00-05:00,HIGH,HH,external,ChartPrimeHigh,27635.5,27646.5,27633.25,27641,27646.5,319,13.25,5.5,5.5,2.25,1,0.584905660377358,27635.5,27646.5,27633.25,27641,319,11.6725789565524,1.13513903391179,0.471189787661499,0.471189787661499,237.65,146.408427011562,1.34231011992426,0.555637415553788,LOW,27163.25,483.25,411,41.4004481613489,BSL,Resolved,29671,29673,CHOCH_UP,UP,188,8.2672390016972,0,0,0,EQL,5.44010027572821,22,0,BULLISH_FVG,1.4135693629845,0.599696093387362,0,0,3,0,BULLISH_OB,8.43858074266502,0.599696093387362,188,0,0,1,0,1,20,0,41.4004481613489,1,-0.904761904761905,RUN
