source_file,symbol,timeframe,pivot_id,pivot_index,confirmation_index,pivot_timestamp,confirmation_timestamp,swept_index,resolved_index,target,swing_size_atr,distance_previous_pivot,bars_previous_pivot,distance_equal_level_atr,bars_since_equal_level,liquidity_imbalance_100,active_bsl_count,active_ssl_count,active_fvg_count_50,active_ob_count_50,distance_fvg_atr,fvg_size_atr,distance_ob_atr,distance_last_structure_event_atr,bars_since_structure_event,previous_pivot_type,last_structure_event
2026_03.csv,MARKET,1,3,464,464,2026-04-01T07:44:00-05:00,2026-04-01T07:44:00-05:00,592,592,SWEEP,11.2297531803496,242.5,201,4.80448203076812,82,0,1,1,0,0,2.3154130268762,0.150501846746953,3.9014709502864,2.99845986980468,64,LOW,BOS_UP
2026_03.csv,MARKET,1,4,487,487,2026-04-01T08:07:00-05:00,2026-04-01T08:07:00-05:00,1157,1157,SWEEP,10.2932928900251,210,23,2.04640465789785,264,-0.333333333333333,1,2,1,0,0,0.110285280964555,5.78385029058553,7.11952758226736,87,HIGH,BOS_UP
2026_03.csv,MARKET,1,5,724,724,2026-04-01T12:04:00-05:00,2026-04-01T12:04:00-05:00,3874,3876,RUN,37.1548465020551,312.25,237,2.61779543008875,54,-0.333333333333333,1,2,1,0,3.03426288487559,0.11899070136767,13.2377155271533,12.1667992148443,131,LOW,BOS_UP
2026_03.csv,MARKET,1,6,1111,1111,2026-04-01T19:31:00-05:00,2026-04-01T19:31:00-05:00,1143,1145,RUN,18.4526014370214,193.75,387,0.452386357810848,28,-0.5,1,3,0,0,0,1.80954543124339,0,8.71438983993528,518,HIGH,BOS_UP
2026_03.csv,MARKET,1,7,1139,1139,2026-04-01T19:59:00-05:00,2026-04-01T19:59:00-05:00,1957,1957,SWEEP,6.90376094171968,91.25,28,0.113486481233748,348,-0.2,2,3,3,0,0,0.737662128019363,0.662004473863531,0.018914413538958,546,LOW,BOS_UP
2026_03.csv,MARKET,1,8,1454,1454,2026-04-02T01:14:00-05:00,2026-04-02T01:14:00-05:00,1755,1757,RUN,53.4605157079982,493.25,315,11.949360074621,161,0.333333333333333,2,1,4,0,0.812881637729318,0.162576327545864,43.5162636731095,43.5704557822915,311,HIGH,CHOCH_DOWN
2026_03.csv,MARKET,1,9,1559,1559,2026-04-02T02:59:00-05:00,2026-04-02T02:59:00-05:00,1918,1920,RUN,14.7145598787578,129.5,105,2.18729944143697,266,0.5,3,1,0,0,0,0.738568642563134,30.9062570426419,30.9630700151468,416,LOW,CHOCH_DOWN
2026_03.csv,MARKET,1,11,2460,2460,2026-04-02T19:01:00-05:00,2026-04-02T19:01:00-05:00,3499,3501,RUN,86.9202376400132,589,648,0.18446569957558,1845,0.333333333333333,2,1,2,0,0.110679419745348,0.221358839490696,2.65630607388835,55.044564753353,542,LOW,CHOCH_UP
2026_03.csv,MARKET,1,12,2630,2630,2026-04-02T21:51:00-05:00,2026-04-02T21:51:00-05:00,2850,2850,SWEEP,16.2092686893981,104.5,170,1.27967910705774,2248,0,2,2,6,0,0,0.620450476149208,0.542894166630557,41.6477382115156,712,HIGH,CHOCH_UP
2026_03.csv,MARKET,1,13,2805,2805,2026-04-03T00:46:00-05:00,2026-04-03T00:46:00-05:00,3204,3205,GRAB,9.54993052381308,43,175,1.38807129706585,516,0.2,3,2,0,0,0,0.388659963178439,0,69.1814734457622,887,LOW,CHOCH_UP
2026_03.csv,MARKET,1,14,3122,3122,2026-04-03T06:08:00-05:00,2026-04-03T06:08:00-05:00,3232,3233,GRAB,18.1691280543819,79.25,317,3.78284685043913,2901,0.2,3,2,2,0,0,3.55358340495797,9.11322195787607,8.31079989869202,251,HIGH,CHOCH_DOWN
2026_03.csv,MARKET,1,15,3204,3204,2026-04-03T07:30:00-05:00,2026-04-03T07:30:00-05:00,3499,3501,RUN,9.01709995568742,131,82,0.137665648178434,2413,0.333333333333333,4,2,0,0,0,0.671120034869866,0.56787079873604,6.52191008245331,333,LOW,CHOCH_DOWN
2026_03.csv,MARKET,1,16,3260,3260,2026-04-05T17:11:00-05:00,2026-04-05T17:11:00-05:00,5651,5651,SWEEP,13.3501607139243,263.75,56,0.27839197697283,2080,0.2,3,2,4,0,0.27839197697283,0.202466892343876,6.25116530111718,6.7193699896624,28,HIGH,BOS_DOWN
2026_03.csv,MARKET,1,17,3513,3513,2026-04-05T21:24:00-05:00,2026-04-05T21:24:00-05:00,3849,3849,SWEEP,25.4769856270735,345.25,253,0.0368964310312434,2843,0,2,2,4,1,0,0.424308956859299,6.62290937010818,6.01411825809267,14,LOW,CHOCH_UP
2026_03.csv,MARKET,1,18,3568,3568,2026-04-05T22:19:00-05:00,2026-04-05T22:19:00-05:00,5588,5590,RUN,14.2432373689459,206.25,55,0.535200434469484,356,-0.2,2,3,5,0,0,2.39976969004059,0.345290602883538,8.61500054194427,69,HIGH,CHOCH_UP
2026_03.csv,MARKET,1,19,3779,3779,2026-04-06T01:50:00-05:00,2026-04-06T01:50:00-05:00,3837,3839,RUN,15.3572317772337,170.25,211,2.25510011413123,86,0,3,3,1,0,0,0.699081035380683,4.84846524538215,4.10428220771885,280,LOW,CHOCH_UP
2026_03.csv,MARKET,1,20,3800,3800,2026-04-06T02:11:00-05:00,2026-04-06T02:11:00-05:00,4402,4402,SWEEP,7.20334058104151,83.5,21,0.0215668879671902,1355,-0.142857142857143,3,4,3,0,0,0.0215668879671902,0,3.2781669710129,301,HIGH,CHOCH_UP
2026_03.csv,MARKET,1,21,3914,3914,2026-04-06T04:05:00-05:00,2026-04-06T04:05:00-05:00,4200,4200,SWEEP,22.6304760880165,191,114,7.46450258400545,3175,-0.6,1,4,3,0,1.59953626800117,0.651662924000476,13.5664372360099,12.7370480600093,77,LOW,BOS_UP
2026_03.csv,MARKET,1,22,4178,4178,2026-04-06T08:29:00-05:00,2026-04-06T08:29:00-05:00,4185,4186,GRAB,13.2527625031564,141,264,0.093991223426641,3563,-0.666666666666667,1,5,2,0,0,0.164484640996622,1.73883763339286,3.14870598479247,341,HIGH,BOS_UP
2026_03.csv,MARKET,1,23,4184,4184,2026-04-06T08:35:00-05:00,2026-04-06T08:35:00-05:00,4195,4195,SWEEP,4.87324639276889,116.5,6,1.61047198387641,3445,-0.428571428571429,2,5,0,0,0,0.125491323418941,3.76473970256824,3.47192661459071,347,LOW,BOS_UP
2026_03.csv,MARKET,1,24,4186,4186,2026-04-06T08:37:00-05:00,2026-04-06T08:37:00-05:00,4401,4403,RUN,4.60827465312846,128,2,0.0540032185913491,3395,-0.428571428571429,2,5,1,1,0,0.684040768823756,0.315018775116203,0.41402467586701,1,HIGH,CHOCH_DOWN
2026_03.csv,MARKET,1,25,4209,4209,2026-04-06T09:00:00-05:00,2026-04-06T09:00:00-05:00,6009,6011,RUN,6.62222553553742,206.5,23,3.752059988658,3470,-0.666666666666667,1,5,1,1,2.05240888268472,0.25655111033559,2.26085665983239,2.51740777016798,10,LOW,CHOCH_UP
2026_03.csv,MARKET,1,26,4403,4403,2026-04-06T12:14:00-05:00,2026-04-06T12:14:00-05:00,4861,4863,RUN,13.3997260800603,249.5,194,0.0134265792385374,2395,-0.6,1,4,3,1,0,0.281958164009285,0,2.30937162902843,2,HIGH,CHOCH_DOWN
2026_03.csv,MARKET,1,27,4635,4635,2026-04-06T17:06:00-05:00,2026-04-06T17:06:00-05:00,5299,5299,SWEEP,25.0909819855145,181.25,232,0.830598024348066,395,-0.333333333333333,2,4,2,0,0,1.10746403246409,0.311474259130525,19.13836281102,234,LOW,CHOCH_DOWN
2026_03.csv,MARKET,1,28,4876,4876,2026-04-06T21:07:00-05:00,2026-04-06T21:07:00-05:00,5475,5475,SWEEP,19.4378798807074,231,241,0.441769997288804,1836,-0.333333333333333,2,4,6,1,0,0.841466661502485,0.0841466661502485,4.18629664097486,15,HIGH,BOS_DOWN
2026_03.csv,MARKET,1,29,5323,5323,2026-04-07T04:34:00-05:00,2026-04-07T04:34:00-05:00,5990,5991,GRAB,23.3660776804985,269,447,2.77960775381395,1083,-0.333333333333333,2,4,2,1,1.62867641825036,0.412598025956759,3.49622537784411,3.30078420765407,17,LOW,CHOCH_UP
2026_03.csv,MARKET,1,30,5475,5475,2026-04-07T07:06:00-05:00,2026-04-07T07:06:00-05:00,5588,5590,RUN,16.8500603527268,289,152,0.116609414205722,3229,-0.333333333333333,2,4,1,0,0,0.597623247804323,0,14.6344814828181,169,HIGH,CHOCH_UP
2026_03.csv,MARKET,1,31,5559,5559,2026-04-07T08:30:00-05:00,2026-04-07T08:30:00-05:00,5934,5936,GRAB,10.5934237857294,175,84,0.196735013163546,1511,-0.142857142857143,3,4,1,0,0,0.771806590103144,0.0605338502041681,4.60057261551678,253,LOW,CHOCH_UP
2026_03.csv,MARKET,1,33,5805,5805,2026-04-07T12:36:00-05:00,2026-04-07T12:36:00-05:00,5934,5936,RUN,19.7858971074839,358.25,150,0.124265927402202,1142,0.333333333333333,4,2,2,0,0,0.704173588612477,0.510871034875718,9.20948595302984,217,LOW,CHOCH_DOWN
2026_03.csv,MARKET,1,35,6505,6505,2026-04-08T01:16:00-05:00,2026-04-08T01:16:00-05:00,6668,6670,RUN,125.849888508159,1125.25,620,0,0,-0.5,1,3,3,0,1.1743379954105,0.307564713083703,91.73816578433,100.909186319917,571,LOW,CHOCH_UP
2026_03.csv,MARKET,1,36,6613,6613,2026-04-08T03:04:00-05:00,2026-04-08T03:04:00-05:00,6942,6942,SWEEP,7.84990645079805,67.75,108,2.14351689062382,206,-0.6,1,4,2,0,0,0.5503624448899,87.1889978483473,96.6899916338151,679,HIGH,CHOCH_UP
2026_03.csv,MARKET,1,37,6682,6682,2026-04-08T04:13:00-05:00,2026-04-08T04:13:00-05:00,6853,6853,SWEEP,11.2554751013745,111,69,4.38557926247252,177,-0.6,1,4,7,1,1.44495964139268,0.811205412711679,5.72913822727623,4.38557926247252,14,LOW,BOS_UP
2026_03.csv,MARKET,1,38,6811,6811,2026-04-08T06:22:00-05:00,2026-04-08T06:22:00-05:00,6870,6872,RUN,7.52098002425095,65,129,0.0867805387413571,318,-0.666666666666667,1,5,1,0,0,1.01243961864917,0.318195308718309,2.51663562349936,143,HIGH,BOS_UP
2026_03.csv,MARKET,1,39,6856,6856,2026-04-08T07:07:00-05:00,2026-04-08T07:07:00-05:00,8472,8472,SWEEP,8.05444733691219,76.75,45,5.27343294696856,77,-0.666666666666667,1,5,2,1,1.99393484561995,0.157415908864733,1.28556325572866,1.23309128610708,1,LOW,BOS_UP
2026_03.csv,MARKET,1,40,7025,7025,2026-04-08T09:56:00-05:00,2026-04-08T09:56:00-05:00,10149,10149,SWEEP,14.6855436059078,330.5,169,2.643842192289,940,-0.6,1,4,0,0,0.577646193273228,0.599863354552967,11.3974037365064,11.2752093494678,155,HIGH,CHOCH_DOWN
2026_03.csv,MARKET,1,41,7144,7144,2026-04-08T11:55:00-05:00,2026-04-08T11:55:00-05:00,8456,8456,SWEEP,27.5313515149559,231,119,0.0595916699457921,549,-0.333333333333333,2,4,0,0,0,0.566120864485025,3.0391751672354,2.71142098253354,274,LOW,CHOCH_DOWN
2026_03.csv,MARKET,1,42,7592,7592,2026-04-08T20:23:00-05:00,2026-04-08T20:23:00-05:00,7971,7971,SWEEP,26.7668805624227,177,448,0.831739226515959,1507,-0.428571428571429,2,5,0,0,0,1.24760883977394,30.6231260671785,30.2072564539205,722,HIGH,CHOCH_DOWN
2026_03.csv,MARKET,1,43,7680,7680,2026-04-08T21:51:00-05:00,2026-04-08T21:51:00-05:00,7871,7871,SWEEP,13.852701613399,70.25,88,2.85927648959838,305,-0.25,3,5,2,0,0,1.72542546786109,26.0785734999576,25.5362969243441,810,LOW,CHOCH_DOWN
2026_03.csv,MARKET,1,44,7819,7819,2026-04-09T00:10:00-05:00,2026-04-09T00:10:00-05:00,7963,7964,GRAB,13.4175796051764,56.5,139,1.9592041016408,1734,-0.333333333333333,3,6,3,0,0,1.48424553154606,44.8242150526911,44.1711470188108,949,HIGH,CHOCH_DOWN
2026_03.csv,MARKET,1,45,7872,7872,2026-04-09T01:03:00-05:00,2026-04-09T01:03:00-05:00,8270,8270,SWEEP,10.267216926436,64.75,53,3.25062466396815,690,-0.333333333333333,3,6,2,0,0,4.32095229722596,19.6623150405878,19.2262556344458,1002,LOW,CHOCH_DOWN
2026_03.csv,MARKET,1,46,8004,8004,2026-04-09T03:15:00-05:00,2026-04-09T03:15:00-05:00,10149,10149,SWEEP,15.1052700091798,106,132,0.32063073132693,706,-0.25,3,5,3,0,0.42750764176924,0.10687691044231,5.98510698476936,5.87823007432706,41,HIGH,BOS_DOWN
2026_03.csv,MARKET,1,47,8334,8334,2026-04-09T08:45:00-05:00,2026-04-09T08:45:00-05:00,8441,8443,RUN,7.78022195147491,158.5,330,0.0859015041960952,2083,-0.25,3,5,2,0,0,1.54622707552971,2.66294663007895,2.57704512588285,17,LOW,CHOCH_UP
2026_03.csv,MARKET,1,48,8385,8385,2026-04-09T09:36:00-05:00,2026-04-09T09:36:00-05:00,10149,10149,SWEEP,9.69225180705027,151,51,0.336982264814662,1087,-0.333333333333333,3,6,1,0,0.0160467745149839,0.272795166754726,2.21445488306778,6.32242915890365,68,HIGH,CHOCH_UP
2026_03.csv,MARKET,1,49,8472,8472,2026-04-09T11:03:00-05:00,2026-04-09T11:03:00-05:00,8699,8699,SWEEP,16.8293712813066,305.25,87,3.25285145158752,1693,-0.714285714285714,1,6,4,1,1.15779458446336,0.206749032939885,1.15779458446336,8.50427688826061,31,LOW,BOS_UP
2026_03.csv,MARKET,1,50,8614,8614,2026-04-09T13:25:00-05:00,2026-04-09T13:25:00-05:00,10149,10151,RUN,9.20475374677953,120.75,142,0.152459689387653,162,-0.75,1,7,4,0,0,1.14344767040739,2.8967340983654,2.55369979724318,173,HIGH,BOS_UP
2026_03.csv,MARKET,1,51,8701,8701,2026-04-09T14:52:00-05:00,2026-04-09T14:52:00-05:00,8948,8949,GRAB,11.8701085594712,124.75,87,1.47484314766977,14,-0.75,1,7,1,0,1.40347976955671,0.118938963521755,2.37877927043511,15.0576727818542,260,LOW,BOS_UP
2026_03.csv,MARKET,1,52,8832,8832,2026-04-09T18:03:00-05:00,2026-04-09T18:03:00-05:00,10149,10151,RUN,11.7622123709745,76.75,131,0.153253581380775,225,-0.777777777777778,1,8,2,0,0,1.60916260449814,0.651327720868293,12.4901668825332,391,HIGH,BOS_UP
2026_03.csv,MARKET,1,53,9108,9108,2026-04-09T22:39:00-05:00,2026-04-09T22:39:00-05:00,9638,9640,RUN,22.9381236482987,110.75,276,9.57912612852205,148,-0.777777777777778,1,8,3,0,2.43361582724614,0.310674360925039,11.650288534689,7.04195218096756,160,LOW,BOS_UP
2026_03.csv,MARKET,1,54,9387,9387,2026-04-10T03:18:00-05:00,2026-04-10T03:18:00-05:00,10149,10151,RUN,16.0637002120914,101,279,0.119284902565035,2882,-0.8,1,9,2,0,0,0.675947781201866,2.22665151454732,10.6561179624765,439,HIGH,BOS_UP
2026_03.csv,MARKET,1,55,9813,9813,2026-04-10T10:24:00-05:00,2026-04-10T10:24:00-05:00,11258,11258,SWEEP,16.0393091384148,190.25,426,6.76559557612504,35,-0.8,1,9,0,0,2.04443230805024,0.147536352127337,8.83110450590776,7.5243539584942,175,LOW,BOS_UP
2026_03.csv,MARKET,1,56,9893,9893,2026-04-10T11:44:00-05:00,2026-04-10T11:44:00-05:00,10149,10151,RUN,14.6249300985308,170.75,80,1.32759248332197,3114,-0.818181818181818,1,10,0,0,0,0.963575189507883,0.984987971496947,6.98056692843489,255,HIGH,BOS_UP
2026_03.csv,MARKET,1,57,10148,10148,2026-04-10T15:59:00-05:00,2026-04-10T15:59:00-05:00,11163,11163,SWEEP,25.1981437590151,115.75,255,5.49678729948279,370,-0.666666666666667,2,10,2,0,0.163270909885627,1.46943818897065,10.8303036890799,7.45603821811031,510,LOW,BOS_UP
2026_03.csv,MARKET,1,59,10386,10386,2026-04-12T20:57:00-05:00,2026-04-12T20:57:00-05:00,10564,10564,SWEEP,27.892650419662,189.25,237,0.847464940095412,3201,-0.142857142857143,3,4,1,0,0,46.8316495157073,4.67948032139641,30.9508934643542,748,LOW,BOS_UP
2026_03.csv,MARKET,1,61,10929,10929,2026-04-13T06:00:00-05:00,2026-04-13T06:00:00-05:00,11072,11074,RUN,16.1638866378584,145.25,416,0.306028834795943,2322,-0.25,3,5,0,0,0,35.360240820513,0.667699275918421,11.2396044779601,283,LOW,BOS_UP
2026_03.csv,MARKET,1,63,11599,11599,2026-04-13T18:10:00-05:00,2026-04-13T18:10:00-05:00,12074,12075,GRAB,85.8304743837786,545.75,608,3.42063732083772,15,-0.714285714285714,1,6,2,0,1.88724817701391,0.550447384962391,52.0565955493004,66.7614042618672,527,LOW,BOS_UP
2026_03.csv,MARKET,1,65,11970,11970,2026-04-14T00:21:00-05:00,2026-04-14T00:21:00-05:00,12071,12071,SWEEP,18.6122304246772,38.25,315,0.364945694601513,386,-0.555555555555556,2,7,4,0,0,0.973188518937368,150.844220435292,196.340783695614,898,LOW,BOS_UP
2026_03.csv,MARKET,1,67,12191,12191,2026-04-14T04:02:00-05:00,2026-04-14T04:02:00-05:00,12366,12368,GRAB,20.8209957486012,109.5,158,12.1693491133377,97,-0.777777777777778,1,8,4,0,1.71131471906311,0.332755639817828,16.3525628710475,14.4035655521146,119,LOW,BOS_UP
2026_03.csv,MARKET,1,69,13137,13137,2026-04-14T20:48:00-05:00,2026-04-14T20:48:00-05:00,13329,13329,SWEEP,108.152575319148,422.5,828,3.19978033488604,129,-0.8,1,9,2,0,1.59989016744302,0.191986820093163,98.4892387077925,94.3295242724406,771,LOW,BOS_UP
2026_03.csv,MARKET,1,70,13191,13191,2026-04-14T21:42:00-05:00,2026-04-14T21:42:00-05:00,13352,13354,RUN,12.156146200029,52.5,54,1.85236513524252,114,-0.818181818181818,1,10,4,0,0,0.810409746668601,76.9310395230408,73.1684228420794,825,HIGH,BOS_UP
2026_03.csv,MARKET,1,71,13329,13329,2026-04-15T00:00:00-05:00,2026-04-15T00:00:00-05:00,13849,13849,SWEEP,11.6710206751861,68,138,2.91775516879652,184,-0.818181818181818,1,10,0,0,3.30392864701959,0.0858163284940153,68.6959709594593,65.9069402834038,963,LOW,BOS_UP
2026_03.csv,MARKET,1,72,13380,13380,2026-04-15T00:51:00-05:00,2026-04-15T00:51:00-05:00,13644,13644,SWEEP,18.1733546631254,92,51,0,0,-0.818181818181818,1,10,6,1,0.0493841159324061,0.641993507121279,7.95084266511738,4.74087512951099,28,HIGH,CHOCH_DOWN
2026_03.csv,MARKET,1,73,13570,13570,2026-04-15T04:01:00-05:00,2026-04-15T04:01:00-05:00,13735,13735,SWEEP,17.0749336171256,72.25,190,0.590828152841717,427,-0.666666666666667,2,10,3,0,0,0.118165630568343,6.85360657296391,11.4029833498451,218,LOW,CHOCH_DOWN
2026_03.csv,MARKET,1,75,14012,14012,2026-04-15T11:23:00-05:00,2026-04-15T11:23:00-05:00,14125,14126,GRAB,38.2891737662523,317.75,350,7.77231064649339,23,-0.818181818181818,1,10,4,0,1.17488416749319,0.301252350639279,25.5461993342108,25.6968255095305,165,LOW,CHOCH_UP
2026_03.csv,MARKET,1,77,14513,14513,2026-04-15T20:44:00-05:00,2026-04-15T20:44:00-05:00,14771,14773,GRAB,65.4364858082313,363,468,11.942609324505,122,-0.833333333333333,1,11,5,0,2.2082560637764,0.721063204498417,38.7120807915087,38.5318149903841,388,LOW,BOS_UP
2026_03.csv,MARKET,1,78,14711,14711,2026-04-16T00:02:00-05:00,2026-04-16T00:02:00-05:00,14924,14926,GRAB,13.3115164669031,48.75,198,4.77849309068317,320,-0.846153846153846,1,12,2,0,0.136528374019519,0.477849309068317,45.3274201744804,45.0543634264413,586,HIGH,BOS_UP
2026_03.csv,MARKET,1,79,14869,14869,2026-04-16T02:40:00-05:00,2026-04-16T02:40:00-05:00,15324,15324,SWEEP,14.8149545760569,71.5,158,4.86925080471799,60,-0.714285714285714,2,12,1,0,1.60581675474742,0.518005404757233,6.83767134279548,4.71384918329082,98,LOW,BOS_UP
2026_03.csv,MARKET,1,81,15056,15056,2026-04-16T05:47:00-05:00,2026-04-16T05:47:00-05:00,15225,15226,GRAB,15.6845627988854,123.5,187,2.79401118684598,705,-0.714285714285714,2,12,8,0,0.0317501271232497,0.0952503813697492,7.04852822136144,6.60402644163595,132,HIGH,CHOCH_DOWN
2026_03.csv,MARKET,1,83,15387,15387,2026-04-16T11:18:00-05:00,2026-04-16T11:18:00-05:00,16500,16501,GRAB,29.6560187377469,288.5,143,1.87598732049872,15,-0.846153846153846,1,12,1,0,2.5698456445188,0.102793825780752,8.19780760601497,7.81233075933715,56,LOW,CHOCH_UP
2026_03.csv,MARKET,1,85,15856,15856,2026-04-16T20:07:00-05:00,2026-04-16T20:07:00-05:00,16298,16301,RUN,31.2094935543387,142.75,339,0.16397282077586,248,-0.733333333333333,2,13,3,0,0,0.8198641038793,2.95151077396548,2.13164667008618,525,LOW,CHOCH_UP
2026_03.csv,MARKET,1,87,16785,16785,2026-04-17T11:36:00-05:00,2026-04-17T11:36:00-05:00,19240,19242,RUN,40.0468300071509,444.75,693,12.6511065002916,144,-0.866666666666667,1,14,1,0,1.66580405875726,0.810391163719749,35.3195482187857,34.8468200399492,486,LOW,BOS_UP
2026_03.csv,MARKET,1,88,16833,16833,2026-04-17T12:24:00-05:00,2026-04-17T12:24:00-05:00,17049,17051,RUN,7.54447405617839,149.25,48,0.442305849189688,192,-0.875,1,15,2,0,0,0.593953568911867,12.2834652974965,12.0180817879827,534,HIGH,BOS_UP
2026_03.csv,MARKET,1,89,17005,17005,2026-04-17T15:16:00-05:00,2026-04-17T15:16:00-05:00,18916,18918,RUN,15.0880958210284,109.5,172,4.30596341924326,143,-0.764705882352941,2,15,1,0,0,0.413372488247353,48.571267369064,47.8478655146311,706,LOW,BOS_UP
2026_03.csv,MARKET,1,91,17285,17285,2026-04-19T20:56:00-05:00,2026-04-19T20:56:00-05:00,17610,17612,GRAB,34.346281853873,179.75,236,2.34070627376882,5,-0.666666666666667,3,15,0,0,0,50.7789952860459,42.4670995383771,41.4639397067619,986,LOW,BOS_UP
2026_03.csv,MARKET,1,92,17513,17513,2026-04-20T00:44:00-05:00,2026-04-20T00:44:00-05:00,18060,18060,SWEEP,14.7784019304974,102.75,228,2.91253176732431,896,-0.684210526315789,3,16,4,0,0,1.3304157455679,17.1875331454447,16.4324323168792,1214,HIGH,BOS_UP
2026_03.csv,MARKET,1,93,17979,17979,2026-04-20T08:30:00-05:00,2026-04-20T08:30:00-05:00,18596,18596,SWEEP,17.9493895937907,215.75,466,1.16473443482303,1117,-0.684210526315789,3,16,5,0,0,22.1091554324444,10.5450064009871,9.40107079535734,369,LOW,BOS_UP
2026_03.csv,MARKET,1,94,18076,18076,2026-04-20T10:07:00-05:00,2026-04-20T10:07:00-05:00,19732,19732,SWEEP,11.840719734928,259,97,1.0514924861133,2704,-0.684210526315789,3,16,3,1,0.0114292661534054,0.0342877984602162,2.58301415066962,1.97726304453914,3,HIGH,CHOCH_DOWN
2026_03.csv,MARKET,1,95,18559,18559,2026-04-20T19:10:00-05:00,2026-04-20T19:10:00-05:00,18596,18598,RUN,42.0549427200853,250.25,483,0.882271525596195,1697,-0.6,4,16,1,0,0,44.6597443670836,19.8301028610192,34.7867058663643,486,LOW,CHOCH_DOWN
2026_03.csv,MARKET,1,96,18587,18587,2026-04-20T19:38:00-05:00,2026-04-20T19:38:00-05:00,19358,19360,RUN,6.32508583274028,34,28,1.16269960160667,1605,-0.619047619047619,4,17,0,0,0,1.58127145818507,15.6266826455936,32.1835249724726,514,HIGH,CHOCH_DOWN
2026_03.csv,MARKET,1,97,18596,18596,2026-04-20T19:47:00-05:00,2026-04-20T19:47:00-05:00,18855,18855,SWEEP,6.67107508307532,53.5,9,3.08615155712363,1734,-0.619047619047619,4,17,2,0,0,33.1371626790143,17.1452864284646,28.242962734889,523,LOW,CHOCH_DOWN
2026_03.csv,MARKET,1,98,18751,18751,2026-04-20T22:22:00-05:00,2026-04-20T22:22:00-05:00,19358,19360,RUN,13.8336486432781,48.5,155,0.356537336166961,1769,-0.714285714285714,3,18,4,0,0,0.926997074034099,25.3854583350876,50.7709166701752,678,HIGH,CHOCH_DOWN
2026_03.csv,MARKET,1,99,18918,18918,2026-04-21T01:10:00-05:00,2026-04-21T01:10:00-05:00,19157,19157,SWEEP,12.9630403290839,67.25,167,2.84319471901839,53,-0.8,2,18,3,0,0,3.51785109302276,3.51785109302276,3.61423057502338,61,LOW,CHOCH_UP
2026_03.csv,MARKET,1,100,19034,19034,2026-04-21T03:06:00-05:00,2026-04-21T03:06:00-05:00,19358,19360,RUN,9.25038097560607,60,116,0.847951589430556,527,-0.80952380952381,2,19,2,0,0,0.192716270325126,5.62731509349369,6.35963692072917,177,HIGH,CHOCH_UP
2026_03.csv,MARKET,1,101,19248,19248,2026-04-21T06:40:00-05:00,2026-04-21T06:40:00-05:00,20775,20776,GRAB,15.2243366293472,104.5,214,6.73804372351489,316,-0.9,1,19,2,0,1.96678033010705,0.874124591158688,7.10226230316434,6.48309071776027,62,LOW,BOS_UP
2026_03.csv,MARKET,1,102,19588,19588,2026-04-21T12:20:00-05:00,2026-04-21T12:20:00-05:00,19731,19733,RUN,16.5006713790579,301.75,340,1.76353488641133,2971,-0.888888888888889,1,17,4,0,0,1.91391383021384,1.38075212036856,10.7862715145623,230,HIGH,CHOCH_DOWN
2026_03.csv,MARKET,1,103,19720,19720,2026-04-21T14:32:00-05:00,2026-04-21T14:32:00-05:00,19760,19760,SWEEP,13.5187947324871,186.5,132,0.344312466377016,2738,-0.789473684210526,2,17,2,0,0,1.17791106918453,1.61283207934497,0.779233476537458,362,LOW,CHOCH_DOWN
2026_03.csv,MARKET,1,105,20077,20077,2026-04-21T21:29:00-05:00,2026-04-21T21:29:00-05:00,20244,20244,SWEEP,65.893495512763,286,345,0.806388931100246,1205,-0.777777777777778,2,16,1,0,0,1.6703770715648,0,11.8078379196822,140,LOW,CHOCH_UP
2026_03.csv,MARKET,1,106,20228,20228,2026-04-22T00:00:00-05:00,2026-04-22T00:00:00-05:00,22370,22370,SWEEP,15.4651886253549,72.25,151,0.481614870685792,2236,-0.789473684210526,2,17,4,0,0,0.856204214552519,2.03348500956223,4.49507212640073,291,HIGH,CHOCH_UP
2026_03.csv,MARKET,1,107,20392,20392,2026-04-22T02:44:00-05:00,2026-04-22T02:44:00-05:00,20652,20652,SWEEP,14.9921934962911,99,164,1.36292668148101,1460,-0.789473684210526,2,17,1,0,0,1.93081279876476,1.74151742633685,4.05092096995745,144,LOW,BOS_UP
2026_03.csv,MARKET,1,108,20631,20631,2026-04-22T06:43:00-05:00,2026-04-22T06:43:00-05:00,22369,22371,RUN,8.49123717424499,58.5,239,0.0725746767029486,1870,-0.8,2,18,1,0,0,0.290298706811794,0.399160721866217,4.60849197063724,383,HIGH,BOS_UP
2026_03.csv,MARKET,1,109,21136,21136,2026-04-22T15:08:00-05:00,2026-04-22T15:08:00-05:00,22225,22225,SWEEP,23.8407433268668,330,505,0,0,-0.894736842105263,1,18,4,0,1.67968873439289,0.126428184309142,19.8131025981612,19.614429737104,482,LOW,BOS_UP
2026_03.csv,MARKET,1,110,21528,21528,2026-04-22T22:40:00-05:00,2026-04-22T22:40:00-05:00,22350,22350,SWEEP,33.1865310968591,271,392,1.16336548125521,2596,-0.9,1,19,5,0,0,0.887831551484237,0.397993454113624,0.0612297621713267,874,HIGH,BOS_UP
2026_03.csv,MARKET,1,111,21777,21777,2026-04-23T02:49:00-05:00,2026-04-23T02:49:00-05:00,22015,22017,GRAB,16.4958007990803,148.5,249,0.638726293567082,920,-0.80952380952381,2,19,0,0,0,0.16662425049576,16.8568200084878,16.5513422159122,1123,LOW,BOS_UP
2026_03.csv,MARKET,1,112,21856,21856,2026-04-23T04:08:00-05:00,2026-04-23T04:08:00-05:00,22344,22344,SWEEP,14.8001510980856,123.5,79,3.95469624483258,283,-0.818181818181818,2,20,6,0,0,0.958714241171536,3.38545966413698,3.05590164373427,1202,HIGH,BOS_UP
2026_03.csv,MARKET,1,113,22241,22241,2026-04-23T10:33:00-05:00,2026-04-23T10:33:00-05:00,23306,23306,SWEEP,22.7181479560422,265.75,385,1.68836659315835,1105,-0.904761904761905,1,20,5,0,1.06858645136605,0.213717290273209,15.9005663963268,12.1605138165456,226,LOW,BOS_UP
2026_03.csv,MARKET,1,115,22718,22718,2026-04-23T19:30:00-05:00,2026-04-23T19:30:00-05:00,23188,23189,GRAB,71.7954250863397,454,344,0.0395349257083368,1582,-0.789473684210526,2,17,3,0,0,1.14651284554177,26.2511906703356,38.8628319712951,371,LOW,CHOCH_DOWN
2026_03.csv,MARKET,1,116,22953,22953,2026-04-23T23:25:00-05:00,2026-04-23T23:25:00-05:00,26339,26339,SWEEP,20.2541604176928,119.5,235,1.22880889563408,50,-0.8,2,18,3,0,0,11.567752707176,7.88132602027377,21.3982238722487,606,HIGH,CHOCH_DOWN
2026_03.csv,MARKET,1,117,23189,23189,2026-04-24T03:21:00-05:00,2026-04-24T03:21:00-05:00,23306,23306,SWEEP,13.2020646975766,137.5,236,1.70426653368717,2053,-0.8,2,18,1,1,0.504078833907472,0.192030031964751,5.85691597492491,1.72827028768276,1,LOW,CHOCH_UP
2026_03.csv,MARKET,1,118,23250,23250,2026-04-24T04:22:00-05:00,2026-04-24T04:22:00-05:00,26179,26179,SWEEP,10.4771592146194,89.25,61,0.733694622872508,558,-0.80952380952381,2,19,0,0,0,0.381521203893704,2.58260507251123,8.36411870074659,62,HIGH,CHOCH_UP
2026_03.csv,MARKET,1,119,23378,23378,2026-04-24T06:30:00-05:00,2026-04-24T06:30:00-05:00,23632,23633,GRAB,14.1310656577054,299.25,128,4.65132821147531,9,-0.9,1,19,2,0,3.69509068576592,0.31874584190313,9.99917511451672,9.91653730365294,70,LOW,BOS_UP
2026_03.csv,MARKET,1,120,23524,23524,2026-04-24T08:56:00-05:00,2026-04-24T08:56:00-05:00,26139,26139,SWEEP,9.17613340194708,233.5,146,0.167017417380193,726,-0.904761904761905,1,20,2,0,0,0.0982455396354077,0.668069669520773,0.923508072572833,216,HIGH,BOS_UP
2026_03.csv,MARKET,1,121,23762,23762,2026-04-24T12:54:00-05:00,2026-04-24T12:54:00-05:00,24126,24126,SWEEP,28.4229148431963,332.25,238,5.00448613491944,108,-0.904761904761905,1,20,1,0,3.87099141205307,0.128320157305627,11.5274274646221,8.44774368928709,130,LOW,BOS_UP
2026_03.csv,MARKET,1,122,23954,23954,2026-04-26T17:06:00-05:00,2026-04-26T17:06:00-05:00,24895,24895,SWEEP,10.5004609777732,118.25,192,3.59635238562211,157,-0.909090909090909,1,21,3,0,0,2.66396473009045,1.46518060154975,1.73157707455879,322,HIGH,BOS_UP
2026_03.csv,MARKET,1,123,24347,24347,2026-04-26T23:39:00-05:00,2026-04-26T23:39:00-05:00,28201,28203,GRAB,51.3387863447563,195.75,393,4.45854083198394,51,-0.909090909090909,1,21,2,0,1.83586975434633,1.24576876187787,20.9813686211009,20.3257008516915,219,LOW,BOS_UP
2026_03.csv,MARKET,1,124,24563,24563,2026-04-27T03:15:00-05:00,2026-04-27T03:15:00-05:00,24852,24852,SWEEP,17.8110473840467,152,216,0,0,-0.91304347826087,1,22,0,0,0,0.35153382994829,7.05997108479482,8.7297567770492,435,HIGH,BOS_UP
2026_03.csv,MARKET,1,125,24760,24760,2026-04-27T06:32:00-05:00,2026-04-27T06:32:00-05:00,25346,25346,SWEEP,20.7598441655126,112.25,197,4.20745171283217,464,-0.833333333333333,2,22,0,0,0,1.1096575945931,7.44395303039537,6.98159569931491,632,LOW,BOS_UP
2026_03.csv,MARKET,1,126,24900,24900,2026-04-27T08:52:00-05:00,2026-04-27T08:52:00-05:00,26021,26023,GRAB,8.14714402524513,201.75,140,1.28214038563337,1412,-0.826086956521739,2,21,2,1,0,0.191816278165623,0.777360706250155,3.61422250438384,22,HIGH,CHOCH_DOWN
2026_03.csv,MARKET,1,127,25459,25459,2026-04-27T19:11:00-05:00,2026-04-27T19:11:00-05:00,28189,28191,RUN,30.8505653507178,213.5,559,1.58949048645384,1163,-0.826086956521739,2,21,3,0,0,0.758620459443879,1.66174005401993,1.69786483780297,32,LOW,CHOCH_UP
2026_03.csv,MARKET,1,128,25626,25626,2026-04-27T21:58:00-05:00,2026-04-27T21:58:00-05:00,25759,25761,RUN,20.702648105382,126,167,0.205383413743869,1829,-0.833333333333333,2,22,1,0,0,0.410766827487738,1.15014711696567,18.7720440161896,199,HIGH,CHOCH_UP
2026_03.csv,MARKET,1,129,25734,25734,2026-04-27T23:46:00-05:00,2026-04-27T23:46:00-05:00,28103,28105,RUN,17.8950520576083,53.5,108,0.16724347717391,1267,-0.76,3,22,2,0,0,5.10092605380424,4.09746519076079,20.32008247663,307,LOW,CHOCH_UP
2026_03.csv,MARKET,1,130,26199,26199,2026-04-28T07:31:00-05:00,2026-04-28T07:31:00-05:00,26338,26340,GRAB,24.3924918731097,403,465,0.438822744615497,6,-0.727272727272727,3,19,2,0,0,0.0151318187798447,3.02636375596895,21.1542826542229,440,HIGH,CHOCH_DOWN
2026_03.csv,MARKET,1,131,26277,26277,2026-04-28T08:49:00-05:00,2026-04-28T08:49:00-05:00,26828,26830,RUN,8.86260597724119,215.5,78,0.544916608809493,2908,-0.652173913043478,4,19,2,0,0,0.452383599766372,2.704020153149,5.51085476079035,518,LOW,CHOCH_DOWN
2026_03.csv,MARKET,1,133,26858,26858,2026-04-28T19:30:00-05:00,2026-04-28T19:30:00-05:00,27069,27069,SWEEP,53.3610584932072,284.5,461,1.64115733502834,918,-0.636363636363636,4,18,2,1,0,0.937804191444766,4.45456990936264,7.87755520813604,30,LOW,CHOCH_UP
2026_03.csv,MARKET,1,134,26896,26896,2026-04-28T20:08:00-05:00,2026-04-28T20:08:00-05:00,27638,27640,RUN,10.8591344407083,102.25,38,0,276,-0.652173913043478,4,19,1,0,0,0.584109921016093,4.22152170188903,6.39865868022174,68,HIGH,CHOCH_UP
2026_03.csv,MARKET,1,135,27193,27193,2026-04-29T01:05:00-05:00,2026-04-29T01:05:00-05:00,27982,27984,RUN,24.2127684080667,125.5,297,0,0,-0.652173913043478,4,19,2,0,0,0.627023883077424,0.0964652127811422,4.48563239432311,112,LOW,BOS_UP
2026_03.csv,MARKET,1,136,27324,27324,2026-04-29T03:16:00-05:00,2026-04-29T03:16:00-05:00,27582,27582,SWEEP,11.1229385812824,119.25,131,0.582963238012707,704,-0.666666666666667,4,20,1,0,0,2.02871206828422,3.84755737088387,8.95431533587518,243,HIGH,BOS_UP
2026_03.csv,MARKET,1,137,27460,27460,2026-04-29T05:32:00-05:00,2026-04-29T05:32:00-05:00,27702,27702,SWEEP,13.3200290018477,90.5,136,0.0735913204521974,367,-0.6,5,20,3,0,0,1.03027848633076,0.110386980678296,0.809504524974172,379,LOW,BOS_UP
2026_03.csv,MARKET,1,138,27643,27643,2026-04-29T08:35:00-05:00,2026-04-29T08:35:00-05:00,28042,28042,SWEEP,8.71408849377498,164.25,183,0.0928441696444822,4845,-0.583333333333333,5,19,1,1,0,0.809070621187631,1.12739348854014,3.91271857787461,5,HIGH,CHOCH_DOWN
2026_03.csv,MARKET,1,139,27705,27705,2026-04-29T09:37:00-05:00,2026-04-29T09:37:00-05:00,27982,27984,RUN,12.2228709180891,191.25,62,0.111843263302776,512,-0.583333333333333,5,19,5,1,0,0.335529789908327,0.143798481389283,1.7255817766714,2,LOW,CHOCH_UP
2026_03.csv,MARKET,1,140,27822,27822,2026-04-29T11:34:00-05:00,2026-04-29T11:34:00-05:00,28041,28041,SWEEP,10.7412161776004,162,117,1.12716466061238,4474,-0.6,5,20,4,0,0,1.21004441506918,0.0994557053481514,8.95101348133363,119,HIGH,CHOCH_UP
2026_03.csv,MARKET,1,141,28031,28031,2026-04-29T15:03:00-05:00,2026-04-29T15:03:00-05:00,28101,28103,RUN,7.78889041815876,260.5,209,0.0224248284591903,3124,-0.666666666666667,4,20,0,0,0,0.0523245997381107,0.0149498856394602,2.94512747097366,49,LOW,BOS_UP
2026_03.csv,MARKET,1,143,28247,28247,2026-04-29T19:39:00-05:00,2026-04-29T19:39:00-05:00,29468,29470,GRAB,53.1887832693111,528.75,201,10.0341959926502,3951,-0.9,1,19,3,0,1.30771476595942,0.402373774141361,12.2975484721953,20.9988813380023,146,LOW,CHOCH_UP
2026_03.csv,MARKET,1,144,28579,28579,2026-04-30T01:11:00-05:00,2026-04-30T01:11:00-05:00,29064,29066,GRAB,36.0129614936431,437.5,332,0.288103691949145,5234,-0.904761904761905,1,20,2,0,0,6.15307170662817,1.83151632739099,18.8296341523905,478,HIGH,CHOCH_UP
2026_03.csv,MARKET,1,145,28958,28958,2026-04-30T07:30:00-05:00,2026-04-30T07:30:00-05:00,29288,29290,RUN,29.556996385269,364.75,379,2.18790651789517,4662,-0.818181818181818,2,20,4,0,0.162067149473716,0.324134298947432,4.01116194947447,11.0205661642127,857,LOW,CHOCH_UP
2026_03.csv,MARKET,1,147,29476,29476,2026-04-30T17:08:00-05:00,2026-04-30T17:08:00-05:00,29671,29673,RUN,41.4004481613489,483.25,411,5.44010027572821,22,-0.904761904761905,1,20,3,0,1.4135693629845,0.599696093387362,8.43858074266502,8.2672390016972,188,LOW,CHOCH_UP
2026_06_29.csv,MARKET,1,3,29,29,2026-06-01T00:29:00-05:00,2026-06-01T00:29:00-05:00,139,139,SWEEP,5.467305124048,30,24,0,-1,0,1,1,2,1,1.95911766945053,0.2733652562024,4.41940497527213,3.18926132236133,20,HIGH,BOS_DOWN
2026_06_29.csv,MARKET,1,4,51,51,2026-06-01T00:51:00-05:00,2026-06-01T00:51:00-05:00,749,751,RUN,7.23117437379195,41.25,22,0,-1,0,1,1,2,1,1.6215360716988,0.569728890056336,1.97213846557962,1.97213846557962,3,LOW,CHOCH_UP
2026_06_29.csv,MARKET,1,5,507,507,2026-06-01T08:27:00-05:00,2026-06-01T08:27:00-05:00,4386,4386,SWEEP,14.0649416024818,300.75,456,8.41792016108636,128,0,1,1,6,0,1.04054846435651,0.280597338702879,13.0594678054631,12.1358348988995,366,HIGH,CHOCH_DOWN
2026_06_29.csv,MARKET,1,6,763,763,2026-06-01T12:43:00-05:00,2026-06-01T12:43:00-05:00,2036,2036,SWEEP,20.7285748562946,401.5,256,7.87324449709819,64,0,1,1,1,1,4.45290057622767,0.193604372879464,5.78231726999998,5.20150415136159,14,LOW,CHOCH_UP
2026_06_29.csv,MARKET,1,7,1280,1280,2026-06-01T22:20:00-05:00,2026-06-01T22:20:00-05:00,4381,4386,RUN,43.6205372413773,375.25,517,17.0006757403103,225,-0.333333333333333,1,2,3,0,0,0.464975746743529,27.172020200325,31.9089606202747,531,HIGH,CHOCH_UP
2026_06_29.csv,MARKET,1,8,1670,1670,2026-06-02T04:50:00-05:00,2026-06-02T04:50:00-05:00,1918,1920,RUN,31.9367997602234,268.25,390,3.66097518220641,806,0,2,2,2,0,0,1.01197687963429,0.595280517431937,0.744100646789922,921,LOW,CHOCH_UP
2026_06_29.csv,MARKET,1,9,1901,1901,2026-06-02T08:41:00-05:00,2026-06-02T08:41:00-05:00,3738,3738,SWEEP,6.56881925985662,162.25,231,1.62955300591204,846,-0.2,2,3,0,0,0,0.445343678634347,5.17205954050344,6.82185544089887,1152,HIGH,CHOCH_UP
2026_06_29.csv,MARKET,1,10,2047,2047,2026-06-02T11:07:00-05:00,2026-06-02T11:07:00-05:00,2278,2279,GRAB,24.0259249518819,289.5,146,2.63496758971417,21,-0.5,1,3,1,0,1.97103874821138,0.0207477762969619,10.9755736610929,10.5606181351536,129,LOW,BOS_UP
2026_06_29.csv,MARKET,1,11,2200,2200,2026-06-02T13:40:00-05:00,2026-06-02T13:40:00-05:00,2423,2425,RUN,11.8968026297161,114.75,153,1.89208407836443,1336,-0.6,1,4,3,0,0.0777568799327849,0.311027519731139,1.81432719843165,1.29594799887975,282,HIGH,BOS_UP
2026_06_29.csv,MARKET,1,12,2285,2285,2026-06-02T15:05:00-05:00,2026-06-02T15:05:00-05:00,3022,3022,SWEEP,13.1656210115146,164.75,85,6.53286505427206,259,-0.6,1,4,2,1,3.57609432634465,1.01888721029931,4.55502517545575,3.99563611882083,7,LOW,BOS_UP
2026_06_29.csv,MARKET,1,13,2425,2425,2026-06-02T18:25:00-05:00,2026-06-02T18:25:00-05:00,3287,3289,RUN,13.5239063325043,202,140,0.401700188094188,1524,-0.6,1,4,6,1,0,0.652762805653056,0,2.49388866775142,2,HIGH,CHOCH_DOWN
2026_06_29.csv,MARKET,1,14,2735,2735,2026-06-02T23:35:00-05:00,2026-06-02T23:35:00-05:00,2891,2893,RUN,43.1053272827703,169.25,310,1.7191194041873,424,-0.333333333333333,2,4,3,0,0,2.48317247271498,6.17609563726547,33.6183350152182,312,LOW,CHOCH_DOWN
2026_06_29.csv,MARKET,1,15,2832,2832,2026-06-03T01:12:00-05:00,2026-06-03T01:12:00-05:00,3277,3278,GRAB,7.56693913036988,60.25,97,0.0313980876778833,205,-0.428571428571429,2,5,4,0,0,1.09893306872592,3.10841068011045,9.01125116355251,409,HIGH,CHOCH_DOWN
2026_06_29.csv,MARKET,1,16,3184,3184,2026-06-03T07:04:00-05:00,2026-06-03T07:04:00-05:00,3271,3271,SWEEP,17.9490403214556,128.75,352,2.47452788897737,51,-0.666666666666667,1,5,2,0,1.60321525201351,1.04557516435663,11.1179492476589,9.54958650112393,293,LOW,CHOCH_UP
2026_06_29.csv,MARKET,1,17,3235,3235,2026-06-03T07:55:00-05:00,2026-06-03T07:55:00-05:00,3275,3277,RUN,10.4981719225814,99,51,0.212084281264271,273,-0.714285714285714,1,6,3,0,0,0.927868730531184,0,3.23428528928013,344,HIGH,CHOCH_UP
2026_06_29.csv,MARKET,1,18,3272,3272,2026-06-03T08:32:00-05:00,2026-06-03T08:32:00-05:00,14391,14392,GRAB,7.11537334409389,107.75,37,1.74995260898829,139,-0.714285714285714,1,6,2,0,1.10610212077562,0.907994278248641,5.8441813545458,5.10127694506964,381,LOW,CHOCH_UP
2026_06_29.csv,MARKET,1,19,3463,3463,2026-06-03T11:43:00-05:00,2026-06-03T11:43:00-05:00,3703,3705,GRAB,16.1975715881308,302,191,0.0536343430070555,3113,-0.6,1,4,0,0,0,0.509526258567028,1.68948180472225,10.4184711291205,188,HIGH,CHOCH_DOWN
2026_06_29.csv,MARKET,1,20,3648,3648,2026-06-03T14:48:00-05:00,2026-06-03T14:48:00-05:00,14301,14301,SWEEP,15.1930324080048,189,185,0.522511696571592,1198,-0.333333333333333,2,4,2,0,0,0.120579622285752,0.020096603714292,0.422028678000132,373,LOW,CHOCH_DOWN
2026_06_29.csv,MARKET,1,21,3771,3771,2026-06-03T17:51:00-05:00,2026-06-03T17:51:00-05:00,3975,3977,RUN,19.7797823838376,326.25,123,5.78994396216549,2716,-0.2,2,3,1,0,0,0.348609191439283,9.57917430389683,8.32114983044203,67,HIGH,BOS_DOWN
2026_06_29.csv,MARKET,1,22,3912,3912,2026-06-03T20:12:00-05:00,2026-06-03T20:12:00-05:00,4254,4254,SWEEP,16.6110894363132,162.5,141,0.357777310935977,2264,0,3,3,3,0,0,1.58444237700218,0,2.58110774318097,208,LOW,BOS_DOWN
2026_06_29.csv,MARKET,1,23,3976,3976,2026-06-03T21:16:00-05:00,2026-06-03T21:16:00-05:00,4346,4348,GRAB,12.6989748331826,178.5,64,7.06091457811412,125,-0.142857142857143,3,4,9,1,0,0.177856790380708,3.1124938316624,1.13828345843653,1,HIGH,BOS_DOWN
2026_06_29.csv,MARKET,1,24,4265,4265,2026-06-04T02:05:00-05:00,2026-06-04T02:05:00-05:00,4910,4910,SWEEP,23.0670032820205,192,289,0.480562568375428,3566,0,3,3,4,1,0,1.11130093936818,0,1.62189866826707,1,LOW,CHOCH_UP
2026_06_29.csv,MARKET,1,25,4538,4538,2026-06-04T06:38:00-05:00,2026-06-04T06:38:00-05:00,4686,4687,GRAB,19.7956499208716,380.25,273,12.3120873275112,181,0.5,3,1,2,0,1.45766784427194,1.34053382107151,10.2947791501706,9.80021327443543,192,HIGH,CHOCH_DOWN
2026_06_29.csv,MARKET,1,26,4657,4657,2026-06-04T08:37:00-05:00,2026-06-04T08:37:00-05:00,4740,4742,RUN,7.24929819409767,200.25,119,1.31229492901893,300,0.6,4,1,1,0,0,0.181006197106059,0,0.434414873054542,311,LOW,CHOCH_DOWN
2026_06_29.csv,MARKET,1,27,4687,4687,2026-06-04T09:07:00-05:00,2026-06-04T09:07:00-05:00,5266,5266,SWEEP,6.0810028428629,213.5,30,2.05073632171489,105,0.6,4,1,4,1,1.17490101764916,0.071206122281767,2.34980203529831,0.377392448093365,1,HIGH,BOS_DOWN
2026_06_29.csv,MARKET,1,28,5010,5010,2026-06-04T14:30:00-05:00,2026-06-04T14:30:00-05:00,13995,13996,GRAB,42.0147497386632,452.25,323,0.719987419512748,63,0.5,3,1,2,0,0,0.418057211329983,0,22.1802576011185,270,LOW,CHOCH_UP
2026_06_29.csv,MARKET,1,29,5306,5306,2026-06-04T20:26:00-05:00,2026-06-04T20:26:00-05:00,5976,5977,GRAB,33.9747511978024,551,296,6.56680762716145,27,0.5,3,1,2,1,3.2525737308241,0.385376034457831,6.87510845472771,6.08894134443374,35,HIGH,CHOCH_DOWN
2026_06_29.csv,MARKET,1,30,5376,5376,2026-06-04T21:36:00-05:00,2026-06-04T21:36:00-05:00,5773,5774,GRAB,20.6471383252061,196.75,70,2.7284655474224,794,0.6,4,1,5,0,0,2.78093603871899,0,10.2842162941306,105,LOW,CHOCH_DOWN
2026_06_29.csv,MARKET,1,31,5660,5660,2026-06-05T02:20:00-05:00,2026-06-05T02:20:00-05:00,5974,5975,GRAB,14.642003523051,187,284,7.57547508478709,381,0.333333333333333,4,2,2,0,1.15491739018718,0.274048194281703,7.96697250518952,6.96865408316332,389,HIGH,CHOCH_DOWN
2026_06_29.csv,MARKET,1,32,5774,5774,2026-06-05T04:14:00-05:00,2026-06-05T04:14:00-05:00,13368,13370,RUN,10.8826907453065,197,114,1.49153629504201,1207,0.333333333333333,4,2,1,1,0,0.731957626270617,0,0.55242085001556,1,LOW,CHOCH_UP
2026_06_29.csv,MARKET,1,33,6468,6468,2026-06-05T15:48:00-05:00,2026-06-05T15:48:00-05:00,8936,8938,RUN,81.3547732587974,1477.75,694,49.2037412282526,290,0.6,4,1,5,0,1.83051680653359,0.0825797055579064,73.2757253983823,70.5093052621924,494,HIGH,CHOCH_DOWN
2026_06_29.csv,MARKET,1,34,6640,6640,2026-06-07T19:40:00-05:00,2026-06-07T19:40:00-05:00,7270,7272,RUN,31.5678863287661,506.25,172,21.3570391458813,114,0.666666666666667,5,1,7,0,0.48326146972432,0.982112019117167,51.4283738264688,48.294968813095,666,LOW,CHOCH_DOWN
2026_06_29.csv,MARKET,1,35,6949,6949,2026-06-08T00:49:00-05:00,2026-06-08T00:49:00-05:00,8906,8908,RUN,17.3590375413941,314.75,309,1.53046319864555,423,0.428571428571429,5,2,2,0,0,0.289547091635645,62.8455068416795,60.074127536024,975,HIGH,CHOCH_DOWN
2026_06_29.csv,MARKET,1,36,7402,7402,2026-06-08T08:22:00-05:00,2026-06-08T08:22:00-05:00,7486,7488,RUN,41.9175932879562,631.5,453,4.69623076028963,1224,0.428571428571429,5,2,2,0,0.215727914783623,0.381672464617178,24.2776876406492,21.0251744639115,132,LOW,CHOCH_UP
2026_06_29.csv,MARKET,1,37,7440,7440,2026-06-08T09:00:00-05:00,2026-06-08T09:00:00-05:00,7875,7876,GRAB,6.02085192249527,272.75,38,0.860910082409957,118,0.25,5,3,1,0,0,0.419417732456133,2.05293942728528,0.971283169898413,170,HIGH,CHOCH_UP
2026_06_29.csv,MARKET,1,38,7520,7520,2026-06-08T10:20:00-05:00,2026-06-08T10:20:00-05:00,8765,8765,SWEEP,21.4119719120409,411.5,80,3.04398628640193,1431,0.25,5,3,2,1,0,0.520339536137082,10.0165360706388,7.21971106390201,34,LOW,BOS_UP
2026_06_29.csv,MARKET,1,39,7875,7875,2026-06-08T17:15:00-05:00,2026-06-08T17:15:00-05:00,8013,8014,GRAB,23.8213840725203,421.75,355,2.78175024439033,553,0.111111111111111,5,4,1,0,0,1.07316253083079,4.67390523296041,15.9844734855323,389,HIGH,BOS_UP
2026_06_29.csv,MARKET,1,40,7960,7960,2026-06-08T18:40:00-05:00,2026-06-08T18:40:00-05:00,8079,8081,RUN,12.1000579088097,160.75,85,0.752725219832641,316,0.333333333333333,6,3,3,0,0,1.09145156875733,3.44371788073433,9.20206581245404,474,LOW,BOS_UP
2026_06_29.csv,MARKET,1,41,8036,8036,2026-06-08T19:56:00-05:00,2026-06-08T19:56:00-05:00,8864,8866,RUN,10.0262936463162,178.5,76,1.10935181800977,147,0.333333333333333,6,3,1,1,0,2.21870363601954,3.06124932058393,0.997012393401188,23,HIGH,CHOCH_DOWN
2026_06_29.csv,MARKET,1,42,8408,8408,2026-06-09T02:08:00-05:00,2026-06-09T02:08:00-05:00,8548,8548,SWEEP,32.9817454355385,385.75,372,1.21837944901212,2230,0.333333333333333,6,3,2,0,0,2.26575827360148,11.8631683193285,17.7199397058078,329,LOW,CHOCH_UP
2026_06_29.csv,MARKET,1,43,8461,8461,2026-06-09T03:01:00-05:00,2026-06-09T03:01:00-05:00,8830,8833,RUN,9.2658116550106,123.25,53,0.902147990751539,1035,0.2,6,4,1,0,0,0.751789992292949,1.16527448805407,6.31503593526077,382,HIGH,CHOCH_UP
2026_06_29.csv,MARKET,1,44,8790,8790,2026-06-09T08:30:00-05:00,2026-06-09T08:30:00-05:00,8803,8805,RUN,11.306567548207,182,329,3.16832387339865,209,0.111111111111111,5,4,0,0,0.0931859962764309,0.621239975176206,4.08465283678356,3.64978485416021,220,LOW,BOS_UP
2026_06_29.csv,MARKET,1,45,8794,8794,2026-06-09T08:34:00-05:00,2026-06-09T08:34:00-05:00,8820,8820,SWEEP,5.28221980781958,114.75,4,0.678978145231711,1228,0,5,5,0,0,0,0.943664540830514,1.85280476919162,2.57781533104921,224,HIGH,BOS_UP
2026_06_29.csv,MARKET,1,46,8810,8810,2026-06-09T08:50:00-05:00,2026-06-09T08:50:00-05:00,13368,13370,RUN,7.76633434534569,215,16,1.6887261890461,2721,0,5,5,5,1,0,0.559898522571433,5.52674025505996,3.62127915405072,7,LOW,BOS_UP
2026_06_29.csv,MARKET,1,48,9184,9184,2026-06-09T15:04:00-05:00,2026-06-09T15:04:00-05:00,10212,10213,GRAB,23.1535189047832,968.5,204,0.0956263042014795,2345,0.714285714285714,6,1,3,0,0,0.657430841385172,0.693290705460727,10.4471737340116,355,LOW,CHOCH_DOWN
2026_06_29.csv,MARKET,1,49,9337,9337,2026-06-09T18:37:00-05:00,2026-06-09T18:37:00-05:00,9404,9404,SWEEP,12.5558716327125,216,153,0.276112917849001,180,0.5,6,2,2,0,0,0.653951647537109,14.2416136574748,37.9582600748206,508,HIGH,CHOCH_DOWN
2026_06_29.csv,MARKET,1,50,9366,9366,2026-06-09T19:06:00-05:00,2026-06-09T19:06:00-05:00,10211,10211,SWEEP,9.53904807204248,188.75,29,0.505380030306886,137,0.555555555555556,7,2,5,0,0,1.40242958410161,2.84276267047623,23.4622679069972,537,LOW,CHOCH_DOWN
2026_06_29.csv,MARKET,1,51,9683,9683,2026-06-10T00:23:00-05:00,2026-06-10T00:23:00-05:00,9855,9856,GRAB,17.2485399141839,315.25,317,0.177819999115298,515,0.555555555555556,7,2,2,0,0,0.615530766168338,7.71465226930983,6.9213015040262,177,HIGH,BOS_DOWN
2026_06_29.csv,MARKET,1,52,9758,9758,2026-06-10T01:38:00-05:00,2026-06-10T01:38:00-05:00,10166,10166,SWEEP,10.2198294714929,160.25,75,0.669630012172705,185,0.6,8,2,1,0,0,1.16388073544303,0,2.15238218198369,252,LOW,BOS_DOWN
2026_06_29.csv,MARKET,1,53,10048,10048,2026-06-10T06:40:00-05:00,2026-06-10T06:40:00-05:00,10478,10480,GRAB,12.4463994343539,404,290,5.1988363973941,108,0.6,8,2,1,0,0.138635637263843,1.33244251370249,7.97925112251894,7.50943035179147,193,HIGH,BOS_DOWN
2026_06_29.csv,MARKET,1,54,10223,10223,2026-06-10T09:35:00-05:00,2026-06-10T09:35:00-05:00,11781,11781,SWEEP,11.342452794333,640,175,0.88169847893448,3384,0.5,6,2,1,0,0,0.735487173382531,0.203809698648171,4.1825294679103,52,LOW,CHOCH_UP
2026_06_29.csv,MARKET,1,56,11245,11245,2026-06-11T03:37:00-05:00,2026-06-11T03:37:00-05:00,11559,11561,RUN,48.0168670715185,670.25,558,0.644762109128932,4719,0.555555555555556,7,2,2,0,0,2.00592656173446,0,23.3547163973369,767,LOW,CHOCH_DOWN
2026_06_29.csv,MARKET,1,57,11482,11482,2026-06-11T07:34:00-05:00,2026-06-11T07:34:00-05:00,11626,11627,GRAB,8.13852809703248,298.5,237,0.122691378347223,1012,0.4,7,3,1,0,0,0.524846451818677,0,0.749780645455253,1004,HIGH,CHOCH_DOWN
2026_06_29.csv,MARKET,1,58,11572,11572,2026-06-11T09:04:00-05:00,2026-06-11T09:04:00-05:00,11777,11779,RUN,7.73427336264342,412,90,0.384836417315995,2314,0.4,7,3,2,1,0,0.248735733143265,0.619492769337944,2.13067967635929,13,LOW,CHOCH_UP
2026_06_29.csv,MARKET,1,60,12144,12144,2026-06-11T19:36:00-05:00,2026-06-11T19:36:00-05:00,12682,12683,GRAB,67.5767587479222,1068,515,0.158185296694575,4578,0.333333333333333,6,3,3,0,0,0.727652364795043,0,37.7113747319866,367,LOW,CHOCH_UP
2026_06_29.csv,MARKET,1,61,12545,12545,2026-06-12T02:17:00-05:00,2026-06-12T02:17:00-05:00,12933,12934,GRAB,23.5224535387566,385.5,401,3.64582775341299,5706,0.2,6,4,3,0,0,0.2440721508561,1.31188781085154,12.8442969388022,768,HIGH,CHOCH_UP
2026_06_29.csv,MARKET,1,62,12684,12684,2026-06-12T04:36:00-05:00,2026-06-12T04:36:00-05:00,13013,13013,SWEEP,21.0489470369215,415,139,0,6506,0.2,6,4,5,1,0,0.634004428822936,0,1.49625045202213,2,LOW,BOS_UP
2026_06_29.csv,MARKET,1,63,12933,12933,2026-06-12T08:45:00-05:00,2026-06-12T08:45:00-05:00,25849,25850,GRAB,7.60391127253058,445,249,0.508351371590527,6094,0.0909090909090909,6,5,1,0,0,0.170874410618665,0,7.09983176120551,251,HIGH,BOS_UP
2026_06_29.csv,MARKET,1,64,13033,13033,2026-06-12T10:25:00-05:00,2026-06-12T10:25:00-05:00,13368,13370,RUN,16.1026182468747,530,100,1.26086539102887,6944,0.2,6,4,2,1,0,0.751961889830471,1.96725383299083,2.58249537921576,15,LOW,BOS_UP
2026_06_29.csv,MARKET,1,65,13283,13283,2026-06-12T14:35:00-05:00,2026-06-12T14:35:00-05:00,22662,22662,SWEEP,8.33095644142962,179.5,250,0.545341159815031,538,0.0909090909090909,6,5,3,0,0,1.94930457125373,0.510532149614071,4.38593528532089,265,HIGH,BOS_UP
2026_06_29.csv,MARKET,1,66,14014,14014,2026-06-15T03:46:00-05:00,2026-06-15T03:46:00-05:00,14295,14295,SWEEP,114.048251307286,1047.75,731,1.25178228588288,13150,-0.25,3,5,2,0,0,0.489827850997648,1.76882279526929,94.5095625841574,646,LOW,BOS_UP
2026_06_29.csv,MARKET,1,67,14073,14073,2026-06-15T04:45:00-05:00,2026-06-15T04:45:00-05:00,15796,15796,SWEEP,12.4490309519751,118.75,59,0.262084862146843,290,-0.333333333333333,3,6,2,0,0,0.209667889717475,1.25800733830485,78.5730416716236,705,HIGH,BOS_UP
2026_06_29.csv,MARKET,1,68,14478,14478,2026-06-15T11:30:00-05:00,2026-06-15T11:30:00-05:00,15400,15402,RUN,33.003521013721,405.5,405,9.17668802539345,54,-0.714285714285714,1,6,1,0,0.874939213064121,0.0610422706788921,9.11564575471456,23.3384948228964,182,LOW,BOS_UP
2026_06_29.csv,MARKET,1,69,14685,14685,2026-06-15T14:57:00-05:00,2026-06-15T14:57:00-05:00,14759,14759,SWEEP,6.33610384991407,100,207,0.807853240864044,261,-0.75,1,7,0,0,0,0.253444153996563,0.760332461989689,11.8326739397145,389,HIGH,BOS_UP
2026_06_29.csv,MARKET,1,70,14688,14688,2026-06-15T15:00:00-05:00,2026-06-15T15:00:00-05:00,15376,15376,SWEEP,4.30507832537082,79,3,1.68933453274045,129,-0.555555555555556,2,7,1,0,0,0.054494662346466,4.95901427352841,14.4819565185733,392,LOW,BOS_UP
2026_06_29.csv,MARKET,1,71,14937,14937,2026-06-15T20:09:00-05:00,2026-06-15T20:09:00-05:00,15682,15682,SWEEP,11.1699910570407,138.5,249,0.746010233051452,12612,-0.555555555555556,2,7,4,0,0,3.85102579764398,0.947634620362655,4.79866041800664,177,HIGH,CHOCH_DOWN
2026_06_29.csv,MARKET,1,73,16087,16087,2026-06-16T15:19:00-05:00,2026-06-16T15:19:00-05:00,17330,17332,RUN,47.010743456463,703.25,539,0.919157799539803,11520,-0.714285714285714,1,6,2,0,0,0.434510959782452,0.668478399665312,32.3042186638262,360,HIGH,CHOCH_DOWN
2026_06_29.csv,MARKET,1,74,16736,16736,2026-06-17T03:08:00-05:00,2026-06-17T03:08:00-05:00,18433,18435,RUN,36.8865739350768,312.25,649,0.118131541825706,2497,-0.5,2,6,1,0,0,0.945052334605651,0.413460396389972,20.2004936521958,1009,LOW,CHOCH_DOWN
2026_06_29.csv,MARKET,1,75,16965,16965,2026-06-17T06:57:00-05:00,2026-06-17T06:57:00-05:00,17085,17087,RUN,18.0735720514496,196.75,229,1.19418773402208,12608,-0.555555555555556,2,7,3,0,0,1.05639684163492,0.275581784774327,33.7817337835862,1238,HIGH,CHOCH_DOWN
2026_06_29.csv,MARKET,1,76,17073,17073,2026-06-17T08:45:00-05:00,2026-06-17T08:45:00-05:00,17112,17112,SWEEP,5.22261568155197,154.5,108,0.0591558410531777,16374,-0.4,3,7,3,0,0,0.684517589329627,0,7.20856177405151,1346,LOW,CHOCH_DOWN
2026_06_29.csv,MARKET,1,77,17090,17090,2026-06-17T09:02:00-05:00,2026-06-17T09:02:00-05:00,17135,17135,SWEEP,6.16755665648077,222.25,17,0.173440850857164,3612,-0.4,3,7,3,1,0,0.971268764800121,0.173440850857164,1.88009882329166,5,HIGH,BOS_DOWN
2026_06_29.csv,MARKET,1,78,17112,17112,2026-06-17T09:24:00-05:00,2026-06-17T09:24:00-05:00,18430,18430,SWEEP,6.64440228422427,225.75,22,0.154520983354053,16413,-0.272727272727273,4,7,2,0,0,0.16923726748301,0,4.65034578475054,27,LOW,BOS_DOWN
2026_06_29.csv,MARKET,1,80,17135,17135,2026-06-17T09:47:00-05:00,2026-06-17T09:47:00-05:00,17330,17332,RUN,6.28640986205677,261,23,0.0301073269255593,12568,-0.272727272727273,4,7,1,0,0,0.132472238472461,0.319137665410928,2.48084373866608,50,HIGH,BOS_DOWN
2026_06_29.csv,MARKET,1,81,17334,17334,2026-06-17T13:06:00-05:00,2026-06-17T13:06:00-05:00,17420,17420,SWEEP,4.50387984526941,214.5,199,1.8582441319643,12055,-0.2,4,6,4,1,0,12.3253028865881,0.881878571101702,4.50387984526941,4,LOW,BOS_DOWN
2026_06_29.csv,MARKET,1,82,17372,17372,2026-06-17T13:44:00-05:00,2026-06-17T13:44:00-05:00,18405,18407,GRAB,8.35951070846086,449.75,38,0.0325272790212485,3451,-0.0909090909090909,5,6,3,0,0,0.0975818370637454,0.0278805248753558,4.37259565128497,42,LOW,BOS_DOWN
2026_06_29.csv,MARKET,1,83,17441,17441,2026-06-17T14:53:00-05:00,2026-06-17T14:53:00-05:00,22002,22002,SWEEP,12.0572534933566,597,69,2.45386314814543,11352,-0.0909090909090909,5,6,3,0,0,11.8552894482417,2.87798764288662,2.97392056431617,19,HIGH,BOS_DOWN
2026_06_29.csv,MARKET,1,84,17701,17701,2026-06-17T20:13:00-05:00,2026-06-17T20:13:00-05:00,18053,18053,SWEEP,36.2526696698026,515.25,260,0.0527695337260591,4191,0,6,6,2,0,0,6.27957451340104,1.24887896485007,25.8922512149197,279,LOW,BOS_DOWN
2026_06_29.csv,MARKET,1,85,17913,17913,2026-06-17T23:45:00-05:00,2026-06-17T23:45:00-05:00,21811,21811,SWEEP,15.3920434826383,154.25,212,0.199572686971,13346,-0.0769230769230769,6,7,4,0,0,0.598718060912999,0.773344162012623,21.3293309200256,491,HIGH,BOS_DOWN
2026_06_29.csv,MARKET,1,86,18118,18118,2026-06-18T03:10:00-05:00,2026-06-18T03:10:00-05:00,18397,18398,GRAB,16.6933372605924,216,205,0.0386419843995193,14019,-0.0769230769230769,6,7,5,1,0,1.75821029017813,1.41043243058246,4.77228507334064,11,LOW,CHOCH_UP
2026_06_29.csv,MARKET,1,87,18329,18329,2026-06-18T06:41:00-05:00,2026-06-18T06:41:00-05:00,20124,20124,SWEEP,10.797104083066,145,211,0.409545327288709,13175,-0.142857142857143,6,8,3,0,0,0.614317990933064,0.111694180169648,6.19902699941546,222,HIGH,CHOCH_UP
2026_06_29.csv,MARKET,1,88,18682,18682,2026-06-18T12:34:00-05:00,2026-06-18T12:34:00-05:00,18812,18814,RUN,29.57853575915,381.75,353,0.0387407148122462,16371,-0.6,2,8,2,0,0,0.987888227712279,1.35592501842862,18.3437284635986,285,LOW,BOS_UP
2026_06_29.csv,MARKET,1,89,18780,18780,2026-06-18T14:12:00-05:00,2026-06-18T14:12:00-05:00,19020,19022,RUN,6.41114054167787,91.5,98,0,17942,-0.636363636363636,2,9,1,0,0,0.490469768215793,1.33127508515715,10.1772476904777,383,HIGH,BOS_UP
2026_06_29.csv,MARKET,1,90,18815,18815,2026-06-18T14:47:00-05:00,2026-06-18T14:47:00-05:00,20813,20815,RUN,9.28015926547273,138,35,0.134495061818445,15682,-0.636363636363636,2,9,5,1,0,0.487544599091865,0,3.12701018727886,3,LOW,BOS_UP
2026_06_29.csv,MARKET,1,91,19350,19350,2026-06-19T00:42:00-05:00,2026-06-19T00:42:00-05:00,20124,20126,GRAB,29.7567422184466,395.25,535,0.338786438919696,1554,-0.636363636363636,2,9,0,0,0,0.338786438919696,0.244679094775336,19.3672914249093,330,HIGH,CHOCH_DOWN
2026_06_29.csv,MARKET,1,92,19548,19548,2026-06-19T04:00:00-05:00,2026-06-19T04:00:00-05:00,19784,19784,SWEEP,36.317398701737,278,198,0.16329765603299,16212,-0.5,3,9,1,0,0,0.457233436892372,0,2.71074109014763,528,LOW,CHOCH_DOWN
2026_06_29.csv,MARKET,1,93,19765,19765,2026-06-19T07:37:00-05:00,2026-06-19T07:37:00-05:00,20037,20037,SWEEP,14.3579181125685,140.75,217,0.229522669650296,18117,-0.538461538461538,3,10,3,0,0,3.87638286520501,0,12.2412090480158,745,HIGH,CHOCH_DOWN
2026_06_29.csv,MARKET,1,94,19917,19917,2026-06-19T10:09:00-05:00,2026-06-19T10:09:00-05:00,20532,20534,RUN,25.9407531030192,179.75,152,0.432947200606719,16955,-0.538461538461538,3,10,1,0,0,1.84002560257856,0,5.62831360788735,93,LOW,CHOCH_UP
2026_06_29.csv,MARKET,1,95,20147,20147,2026-06-21T18:59:00-05:00,2026-06-21T18:59:00-05:00,21740,21740,SWEEP,24.6621588779503,367.5,230,0.0167769788285376,2250,-0.454545454545455,3,8,4,0,0,0.0671079153141506,0,12.5995111002318,107,HIGH,CHOCH_DOWN
2026_06_29.csv,MARKET,1,96,20245,20245,2026-06-21T20:37:00-05:00,2026-06-21T20:37:00-05:00,20461,20461,SWEEP,35.5268385823111,321.5,98,0,0,-0.333333333333333,4,8,1,0,0,0.303884311357249,0.221006771896181,14.7798278705571,205,LOW,CHOCH_DOWN
2026_06_29.csv,MARKET,1,97,20432,20432,2026-06-21T23:44:00-05:00,2026-06-21T23:44:00-05:00,21109,21109,SWEEP,13.8078308738935,135,187,0.178990400217138,6544,-0.384615384615385,4,9,2,0,0,2.7615661747787,0,0.127850285869384,392,HIGH,CHOCH_DOWN
2026_06_29.csv,MARKET,1,99,21112,21112,2026-06-22T11:04:00-05:00,2026-06-22T11:04:00-05:00,21549,21551,RUN,16.3527735899483,465,114,0.061542696306257,20762,-0.636363636363636,2,9,2,1,0,0.58905152178846,0.527508825482203,0.738512355675084,1,HIGH,CHOCH_DOWN
2026_06_29.csv,MARKET,1,101,22339,22339,2026-06-23T08:31:00-05:00,2026-06-23T08:31:00-05:00,22653,22655,RUN,32.8394121609182,1084.75,929,0.95362201711816,14773,-0.333333333333333,3,6,0,0,0,0.605474296582958,0.0681158583655828,26.8376481960396,790,HIGH,BOS_DOWN
2026_06_29.csv,MARKET,1,102,22388,22388,2026-06-23T09:20:00-05:00,2026-06-23T09:20:00-05:00,24149,24151,RUN,11.7225025207069,430.5,49,0.871359072387037,4925,-0.2,4,6,2,0,0,0.313144666639092,0.503754463723756,12.4168667815153,839,LOW,BOS_DOWN
2026_06_29.csv,MARKET,1,103,22662,22662,2026-06-23T13:54:00-05:00,2026-06-23T13:54:00-05:00,23736,23736,SWEEP,20.9948270467211,469.75,274,0.379895752841149,9917,-0.111111111111111,4,5,3,1,0,1.87713195521509,0.636884056233691,1.75422450576648,9,HIGH,BOS_DOWN
2026_06_29.csv,MARKET,1,104,22804,22804,2026-06-23T17:16:00-05:00,2026-06-23T17:16:00-05:00,22910,22910,SWEEP,17.1534359509294,226.25,142,0.151632582991641,16715,0,5,5,2,0,0,1.72482063152992,8.20711355442258,14.1776465097185,151,LOW,BOS_DOWN
2026_06_29.csv,MARKET,1,105,22856,22856,2026-06-23T18:08:00-05:00,2026-06-23T18:08:00-05:00,23736,23736,SWEEP,13.3981888877716,218,52,1.02944799940447,10111,-0.0909090909090909,5,6,10,0,0,2.58130244626792,0.368757492323988,1.90524704367394,203,HIGH,BOS_DOWN
2026_06_29.csv,MARKET,1,106,22950,22950,2026-06-23T19:42:00-05:00,2026-06-23T19:42:00-05:00,23807,23807,SWEEP,15.7693663329538,306.25,94,0,374,-0.0909090909090909,5,6,2,1,0,0.45055332379868,7.22172613288742,4.54415209431241,35,LOW,CHOCH_UP
2026_06_29.csv,MARKET,1,107,23094,23094,2026-06-23T22:06:00-05:00,2026-06-23T22:06:00-05:00,23730,23730,SWEEP,16.7771996990905,275.25,144,1.92000650507303,15528,-0.166666666666667,5,7,6,0,0,1.67619615522248,0.13714332179093,11.3981338555129,179,HIGH,CHOCH_UP
2026_06_29.csv,MARKET,1,108,23247,23247,2026-06-24T00:39:00-05:00,2026-06-24T00:39:00-05:00,23807,23810,GRAB,19.3232956798194,267.75,153,0.0902114644249274,687,-0.0769230769230769,6,7,2,0,0,0.631480250974492,9.58045752192729,5.82766060185031,332,LOW,CHOCH_UP
2026_06_29.csv,MARKET,1,109,23388,23388,2026-06-24T03:00:00-05:00,2026-06-24T03:00:00-05:00,23493,23493,SWEEP,9.23079758247529,121.25,141,0.875498327410028,484,-0.142857142857143,6,8,1,0,0,0.32355372969501,0.875498327410028,3.0832767182701,473,HIGH,CHOCH_UP
2026_06_29.csv,MARKET,1,110,23421,23421,2026-06-24T03:33:00-05:00,2026-06-24T03:33:00-05:00,23647,23648,GRAB,7.5257917183145,103.25,33,1.22089115042874,861,-0.0666666666666667,7,8,3,0,0,0.69244572710884,8.36401549323573,4.57378625011365,506,LOW,CHOCH_UP
2026_06_29.csv,MARKET,1,111,23588,23588,2026-06-24T06:20:00-05:00,2026-06-24T06:20:00-05:00,23697,23699,RUN,10.2406866744192,132.25,167,0,890,-0.0666666666666667,7,8,4,1,0,0.464605822657961,0.212944335384899,2.24559480951348,5,HIGH,CHOCH_DOWN
2026_06_29.csv,MARKET,1,112,23648,23648,2026-06-24T07:20:00-05:00,2026-06-24T07:20:00-05:00,23796,23796,SWEEP,9.32761781169181,138.75,60,0.554615113127621,20,-0.0666666666666667,7,8,4,1,0,0.588228150286871,2.55459082410298,0.436969483070247,1,LOW,CHOCH_UP
2026_06_29.csv,MARKET,1,113,23768,23768,2026-06-24T09:20:00-05:00,2026-06-24T09:20:00-05:00,23944,23946,RUN,7.12098399071388,347.75,120,0.0511932709612788,16044,0.166666666666667,7,5,2,0,0,0.527290690901172,0.0563125980574067,4.27975745236291,71,HIGH,CHOCH_DOWN
2026_06_29.csv,MARKET,1,114,23809,23809,2026-06-24T10:01:00-05:00,2026-06-24T10:01:00-05:00,24128,24128,SWEEP,11.1660419923193,382.5,41,0.459778199683737,1233,0.0909090909090909,6,5,3,1,0,0.204345866526106,2.12373739853917,1.01443126596888,2,LOW,CHOCH_UP
2026_06_29.csv,MARKET,1,115,24061,24061,2026-06-24T14:13:00-05:00,2026-06-24T14:13:00-05:00,25842,25844,RUN,20.5046495287473,642.75,252,1.86623414614036,16172,0,5,5,3,0,0,0.207359349571152,0.837412757883497,8.30234934244496,117,HIGH,CHOCH_DOWN
2026_06_29.csv,MARKET,1,116,24169,24169,2026-06-24T17:01:00-05:00,2026-06-24T17:01:00-05:00,24728,24730,RUN,32.1870429337202,903.75,108,0.311631121073363,18731,-0.111111111111111,4,5,3,1,0,0.79243342215798,0,9.2955111543026,40,LOW,CHOCH_UP
2026_06_29.csv,MARKET,1,117,24424,24424,2026-06-24T21:16:00-05:00,2026-06-24T21:16:00-05:00,25109,25111,RUN,17.21885341059,244,255,1.88772265874296,57,-0.2,4,6,4,0,0,2.02886080145272,2.57577110445302,1.19967421303291,295,HIGH,CHOCH_UP
2026_06_29.csv,MARKET,1,118,24950,24950,2026-06-25T06:02:00-05:00,2026-06-25T06:02:00-05:00,25038,25040,RUN,26.1999253469316,268.5,526,0.0487894326758504,19128,-0.2,4,6,1,0,0,1.24413053323418,1.90278787435816,2.39068220111667,222,LOW,BOS_UP
2026_06_29.csv,MARKET,1,119,24978,24978,2026-06-25T06:30:00-05:00,2026-06-25T06:30:00-05:00,25099,25101,RUN,8.51426193296806,94,28,0.679329409545324,338,-0.272727272727273,4,7,1,0,0,0.634040782242302,0,6.29511919512,250,HIGH,BOS_UP
2026_06_29.csv,MARKET,1,121,25127,25127,2026-06-25T08:59:00-05:00,2026-06-25T08:59:00-05:00,25837,25837,SWEEP,12.4864280029382,965.5,89,0.323315069988042,17238,-0.2,4,6,7,1,0,0.333014522087683,0.77272301727142,10.355781691717,28,HIGH,CHOCH_DOWN
2026_06_29.csv,MARKET,1,122,25396,25396,2026-06-25T13:28:00-05:00,2026-06-25T13:28:00-05:00,25489,25490,GRAB,19.5147877863878,593,269,0.0164542898704788,2820,-0.0909090909090909,5,6,0,0,0,1.65365613198312,0.106952884158112,6.83675744118392,297,LOW,CHOCH_DOWN
2026_06_29.csv,MARKET,1,123,25478,25478,2026-06-25T14:50:00-05:00,2026-06-25T14:50:00-05:00,25577,25578,GRAB,10.0087579065214,275,82,0.200175158130428,1563,-0.166666666666667,5,7,2,0,0,0.800700632521713,0.072790966592883,17.5699195613571,379,HIGH,CHOCH_DOWN
2026_06_29.csv,MARKET,1,126,26120,26120,2026-06-26T02:32:00-05:00,2026-06-26T02:32:00-05:00,26514,26514,SWEEP,19.9150735027996,402.25,234,0.297055167226346,13375,0.2,6,4,2,0,0,1.53478503066945,0,2.64874190776825,543,LOW,BOS_DOWN
2026_06_29.csv,MARKET,1,127,26382,26382,2026-06-26T06:54:00-05:00,2026-06-26T06:54:00-05:00,26440,26440,SWEEP,17.0312377649288,258,262,1.22123216531466,18493,0.0909090909090909,6,5,4,0,0,0.181534511060287,3.51516825962193,20.5629091619198,805,HIGH,BOS_DOWN
2026_06_29.csv,MARKET,1,128,26404,26404,2026-06-26T07:16:00-05:00,2026-06-26T07:16:00-05:00,26505,26505,SWEEP,8.42143070107165,145.25,22,0.333378495911614,150,0.166666666666667,7,5,5,0,0,0.333378495911614,0.811704163958713,9.63898694700972,827,LOW,BOS_DOWN
2026_06_29.csv,MARKET,1,130,26612,26612,2026-06-26T10:44:00-05:00,2026-06-26T10:44:00-05:00,27546,27547,GRAB,15.7651669142288,534.5,130,0.0442427509286121,1367,0.0909090909090909,6,5,8,0,0,0.309699256500285,0.612024721179134,7.84571449800721,106,LOW,CHOCH_UP
2026_06_29.csv,MARKET,1,132,27034,27034,2026-06-28T18:46:00-05:00,2026-06-28T18:46:00-05:00,27439,27439,SWEEP,32.1594557896954,428.25,121,0.150190102929109,13865,0.0769230769230769,7,6,4,0,0,0.807271803243959,0,17.5159207541073,528,LOW,CHOCH_UP
2026_06_29.csv,MARKET,1,133,27080,27080,2026-06-28T19:32:00-05:00,2026-06-28T19:32:00-05:00,27901,27903,RUN,12.3819328614083,320,46,0.280528166391283,19758,0,7,7,6,0,0,1.82826977406733,0,3.35666461164742,574,HIGH,CHOCH_UP
2026_06_29.csv,MARKET,1,134,27739,27739,2026-06-29T06:31:00-05:00,2026-06-29T06:31:00-05:00,27862,27863,GRAB,29.7299223958009,396.5,659,0.356159221639481,3850,-0.0769230769230769,6,7,1,0,0,1.36840121998327,0,5.7360379906148,224,LOW,BOS_UP
2026_06_29.csv,MARKET,1,135,27858,27858,2026-06-29T08:30:00-05:00,2026-06-29T08:30:00-05:00,27888,27888,SWEEP,9.32557147155888,202.75,119,0.137986260984842,20432,-0.142857142857143,6,8,2,0,0,0.413958782954525,0,5.80692181644542,343,HIGH,BOS_UP
2026_07_06.csv,MARKET,1,3,138,138,2026-07-01T02:18:00-05:00,2026-07-01T02:18:00-05:00,454,454,SWEEP,13.6103310034719,164,130,9.19112291850312,71,0,1,1,3,0,3.11211836969632,0.207474557979755,11.9712819954318,11.3281108656946,116,HIGH,BOS_DOWN
2026_07_06.csv,MARKET,1,5,515,515,2026-07-01T08:35:00-05:00,2026-07-01T08:35:00-05:00,897,899,RUN,8.73194065442408,347.5,150,4.95647566643209,38,0.333333333333333,2,1,1,0,1.63331264039587,0.339226471466835,5.03185932675805,5.30826608128658,59,HIGH,BOS_DOWN
2026_07_06.csv,MARKET,1,7,1084,1084,2026-07-01T19:04:00-05:00,2026-07-01T19:04:00-05:00,1455,1455,SWEEP,20.8178978107376,404,453,5.99029856558971,33,0.5,3,1,2,0,2.64088431386213,0.373588512692691,7.83247640403988,6.96935811609469,187,HIGH,BOS_DOWN
2026_07_06.csv,MARKET,1,8,1215,1215,2026-07-01T21:15:00-05:00,2026-07-01T21:15:00-05:00,1830,1832,GRAB,28.9954808835766,287,131,4.59684453032312,738,0.6,4,1,2,0,0,1.13658243881616,4.8999331806741,15.3312342302535,318,LOW,BOS_DOWN
2026_07_06.csv,MARKET,1,9,1517,1517,2026-07-02T02:17:00-05:00,2026-07-02T02:17:00-05:00,1962,1964,RUN,21.2109203111879,413.25,302,12.4468195413504,466,0.6,4,1,2,1,1.02654181784333,0.295130772629958,7.1472974067342,6.48004522513603,31,HIGH,BOS_DOWN
2026_07_06.csv,MARKET,1,12,2460,2460,2026-07-02T19:00:00-05:00,2026-07-02T19:00:00-05:00,2525,2527,RUN,21.7167593647162,310.25,301,2.04743017378871,67,0.666666666666667,5,1,0,0,0,0.507482692648484,21.1742778656781,13.1245523960815,498,LOW,CHOCH_DOWN
2026_07_06.csv,MARKET,1,14,3272,3272,2026-07-03T08:33:00-05:00,2026-07-03T08:33:00-05:00,3479,3479,SWEEP,42.2418020499437,433.25,754,0.463124200201345,1572,0.428571428571429,5,2,4,0,0,0.731248737160019,0,30.8586967081528,747,LOW,CHOCH_UP
2026_07_06.csv,MARKET,1,15,3402,3402,2026-07-03T10:43:00-05:00,2026-07-03T10:43:00-05:00,3483,3483,SWEEP,10.8252887720834,70.75,130,0.918045690918735,157,0.25,5,3,0,0,0,0.726786171977332,8.6831821599397,37.6016214238799,877,HIGH,CHOCH_UP
2026_07_06.csv,MARKET,1,16,3479,3479,2026-07-05T17:00:00-05:00,2026-07-05T17:00:00-05:00,3551,3553,RUN,8.35156974044265,95,77,1.0988907553214,1721,0.25,5,3,0,0,0,6.15378822979985,0,29.9557619900614,954,LOW,CHOCH_UP
2026_07_06.csv,MARKET,1,17,3484,3484,2026-07-05T17:05:00-05:00,2026-07-05T17:05:00-05:00,3629,3629,SWEEP,7.24570960700864,118.75,5,0.259320133303467,387,0.25,5,3,0,0,0,0.701689772468205,4.91182840727743,13.545663433734,959,HIGH,CHOCH_UP
2026_07_06.csv,MARKET,1,18,3570,3570,2026-07-05T18:31:00-05:00,2026-07-05T18:31:00-05:00,4450,4450,SWEEP,12.8034068506674,150.5,86,3.76445683150851,1812,0.25,5,3,0,1,0,5.95507295379877,2.12681176921385,2.70105094690158,19,LOW,BOS_UP
2026_07_06.csv,MARKET,1,20,4379,4379,2026-07-06T08:00:00-05:00,2026-07-06T08:00:00-05:00,4413,4413,SWEEP,26.5959544068627,255,609,1.30372325523837,2679,0.333333333333333,6,3,1,0,0,0.677936092723951,0,8.05700971737311,697,LOW,CHOCH_DOWN
