split,ghost_timestamp,source_file,target_trace_15,tsne_x,tsne_y,hmm_state,gmm_cluster
TRAIN,2026-04-01T02:01:00-05:00,2026_04.csv,5,-2.54304324650006,-0.211899484835129,QUIET,2
TRAIN,2026-04-01T04:23:00-05:00,2026_04.csv,5,-0.683142777907181,2.47480002986912,ACTIVE,0
TRAIN,2026-04-01T07:44:00-05:00,2026_04.csv,6,0.20677361505435,-1.88780096696959,ACTIVE,3
TRAIN,2026-04-01T08:07:00-05:00,2026_04.csv,8,-0.401433641972645,2.34986263471328,ACTIVE,0
TRAIN,2026-04-01T12:04:00-05:00,2026_04.csv,0,-1.073151681411,-2.87551579079684,QUIET,5
TRAIN,2026-04-01T19:31:00-05:00,2026_04.csv,7,-0.424700979338488,1.67983902208555,ACTIVE,0
TRAIN,2026-04-01T19:59:00-05:00,2026_04.csv,6,0.0131746171890142,-0.894608777715385,ACTIVE,3
TRAIN,2026-04-02T01:14:00-05:00,2026_04.csv,10,-0.801102569358485,3.06629061558205,ACTIVE,0
TRAIN,2026-04-02T02:59:00-05:00,2026_04.csv,7,0.0486365854486421,-2.76618784913539,ACTIVE,3
TRAIN,2026-04-02T07:12:00-05:00,2026_04.csv,9,-0.824450319557671,4.10303007515685,ACTIVE,1
TRAIN,2026-04-02T19:01:00-05:00,2026_04.csv,1,1.80559820023535,-2.48991701644449,QUIET,6
TRAIN,2026-04-02T21:51:00-05:00,2026_04.csv,2,-0.274228404156638,1.28088055076126,ACTIVE,0
TRAIN,2026-04-03T00:46:00-05:00,2026_04.csv,6,0.254079721303209,-1.38022740589885,ACTIVE,3
TRAIN,2026-04-03T06:08:00-05:00,2026_04.csv,9,-0.470808230921811,1.08201993224227,ACTIVE,0
TRAIN,2026-04-03T07:30:00-05:00,2026_04.csv,3,0.918483686282955,-0.0237884460375427,QUIET,3
TRAIN,2026-04-05T17:11:00-05:00,2026_04.csv,6,0.254506504036867,5.14990021619964,ACTIVE,1
TRAIN,2026-04-05T21:24:00-05:00,2026_04.csv,8,0.212381310968356,-3.27854761371577,ACTIVE,3
TRAIN,2026-04-05T22:19:00-05:00,2026_04.csv,0,0.501085607745851,2.35171722631733,ACTIVE,0
TRAIN,2026-04-06T01:50:00-05:00,2026_04.csv,1,0.356662172672262,-1.57346775099214,ACTIVE,3
TRAIN,2026-04-06T02:11:00-05:00,2026_04.csv,3,0.257047234022441,1.2134386149281,ACTIVE,0
TRAIN,2026-04-06T04:05:00-05:00,2026_04.csv,6,-1.29237329446615,-2.58102737607031,QUIET,5
TRAIN,2026-04-06T08:29:00-05:00,2026_04.csv,7,-0.0544527466859368,1.70910884374912,ACTIVE,0
TRAIN,2026-04-06T08:35:00-05:00,2026_04.csv,3,-0.149574582026864,-3.12321599910762,ACTIVE,3
TRAIN,2026-04-06T08:37:00-05:00,2026_04.csv,8,-0.0124734415840397,2.25708278178009,ACTIVE,0
TRAIN,2026-04-06T09:00:00-05:00,2026_04.csv,6,-1.78267471949029,-5.60540503750619,QUIET,5
TRAIN,2026-04-06T12:14:00-05:00,2026_04.csv,9,-0.0895401721426446,3.42232190061622,ACTIVE,0
TRAIN,2026-04-06T17:06:00-05:00,2026_04.csv,6,0.0358198128150682,-2.15526066510134,ACTIVE,3
TRAIN,2026-04-06T21:07:00-05:00,2026_04.csv,2,-0.0854535857780741,4.18872697697036,ACTIVE,1
TRAIN,2026-04-07T04:34:00-05:00,2026_04.csv,9,-0.284576319137038,-3.15341460225809,ACTIVE,3
TRAIN,2026-04-07T07:06:00-05:00,2026_04.csv,0,2.20549518828404,2.24738337724665,QUIET,6
TRAIN,2026-04-07T08:30:00-05:00,2026_04.csv,4,1.66787732927308,-0.574275974248457,QUIET,6
TRAIN,2026-04-07T10:06:00-05:00,2026_04.csv,5,-0.812533065096647,4.78893109332162,ACTIVE,1
TRAIN,2026-04-07T12:36:00-05:00,2026_04.csv,4,0.560659145328035,-3.58289951591553,ACTIVE,3
TRAIN,2026-04-07T13:56:00-05:00,2026_04.csv,5,-0.100429620005329,3.60081334280023,ACTIVE,0
TRAIN,2026-04-08T01:16:00-05:00,2026_04.csv,5,-3.59307648886468,-3.33289390992014,QUIET,2
TRAIN,2026-04-08T03:04:00-05:00,2026_04.csv,7,-0.82210274826315,-0.455107818106967,QUIET,3
TRAIN,2026-04-08T04:13:00-05:00,2026_04.csv,8,-1.06087994900509,-2.81196429992209,QUIET,5
TRAIN,2026-04-08T06:22:00-05:00,2026_04.csv,9,-0.570896476374409,0.0172433277992004,ACTIVE,0
TRAIN,2026-04-08T07:07:00-05:00,2026_04.csv,6,-0.928346428102471,-2.41529245773004,QUIET,5
TRAIN,2026-04-08T09:56:00-05:00,2026_04.csv,7,3.34342860950665,3.26426353728896,QUIET,4
TRAIN,2026-04-08T11:55:00-05:00,2026_04.csv,7,0.0752381732467383,-3.04221892192694,ACTIVE,3
TRAIN,2026-04-08T20:23:00-05:00,2026_04.csv,6,-0.488918268808518,1.86212499037244,ACTIVE,0
TRAIN,2026-04-08T21:51:00-05:00,2026_04.csv,10,0.138992372368295,-0.764594787418961,ACTIVE,3
TRAIN,2026-04-09T00:10:00-05:00,2026_04.csv,6,-0.201006624335902,1.03387250125533,ACTIVE,0
TRAIN,2026-04-09T01:03:00-05:00,2026_04.csv,8,0.319312337980928,-1.04584026618179,ACTIVE,3
TRAIN,2026-04-09T03:15:00-05:00,2026_04.csv,6,-0.517352353311018,1.96909542235294,ACTIVE,0
TRAIN,2026-04-09T08:45:00-05:00,2026_04.csv,7,-0.121249217791828,-2.82123184116812,ACTIVE,3
TRAIN,2026-04-09T09:36:00-05:00,2026_04.csv,8,0.0543746796985346,2.58870424290368,ACTIVE,0
TRAIN,2026-04-09T11:03:00-05:00,2026_04.csv,5,-0.767122530809868,-4.65152950372798,ACTIVE,3
TRAIN,2026-04-09T13:25:00-05:00,2026_04.csv,3,0.422127782708883,2.2445372454769,ACTIVE,0
TRAIN,2026-04-09T14:52:00-05:00,2026_04.csv,10,-0.74495899500757,-2.03345056169247,ACTIVE,3
TRAIN,2026-04-09T18:03:00-05:00,2026_04.csv,8,-0.0922969392967936,1.67257022104227,ACTIVE,0
TRAIN,2026-04-09T22:39:00-05:00,2026_04.csv,5,-1.17172653038191,-2.34562527794112,QUIET,5
TRAIN,2026-04-10T03:18:00-05:00,2026_04.csv,4,-0.188663422112987,1.60137673832068,ACTIVE,0
TRAIN,2026-04-10T10:24:00-05:00,2026_04.csv,11,-1.25951620876764,-3.43968581903015,QUIET,5
TRAIN,2026-04-10T11:44:00-05:00,2026_04.csv,6,-0.145393713277599,2.34939196744141,ACTIVE,0
TRAIN,2026-04-10T15:59:00-05:00,2026_04.csv,1,-0.484817178123378,-2.11963339879205,ACTIVE,3
TRAIN,2026-04-12T17:00:00-05:00,2026_04.csv,2,0.90187399357399,5.07391412722733,ACTIVE,1
TRAIN,2026-04-12T20:57:00-05:00,2026_04.csv,10,-0.672959064471289,-6.62807204293074,INTENSE,3
TRAIN,2026-04-12T23:04:00-05:00,2026_04.csv,6,-0.532416488681641,0.381041627697901,ACTIVE,0
TRAIN,2026-04-13T06:00:00-05:00,2026_04.csv,2,0.560429551355146,-2.60951577937681,QUIET,3
TRAIN,2026-04-13T07:02:00-05:00,2026_04.csv,5,-0.0663121448021019,1.4009188953484,ACTIVE,0
TRAIN,2026-04-13T18:10:00-05:00,2026_04.csv,4,-1.17436168029452,-3.04642456953914,QUIET,5
TRAIN,2026-04-13T19:06:00-05:00,2026_04.csv,5,-0.560957099187441,0.100898513567052,ACTIVE,0
TRAIN,2026-04-14T00:21:00-05:00,2026_04.csv,8,-0.971878623781218,-1.61648694463385,QUIET,5
TRAIN,2026-04-14T01:24:00-05:00,2026_04.csv,9,-0.427321723250538,0.407692088860289,ACTIVE,0
TRAIN,2026-04-14T04:02:00-05:00,2026_04.csv,3,-1.51791443457061,-2.2061826641876,QUIET,5
TRAIN,2026-04-14T06:00:00-05:00,2026_04.csv,8,-0.235511589078707,1.24825251459861,ACTIVE,0
TRAIN,2026-04-14T20:48:00-05:00,2026_04.csv,4,-2.97434398028123,-3.07851856132733,QUIET,2
TRAIN,2026-04-14T21:42:00-05:00,2026_04.csv,4,-0.206542553290534,1.244734141139,ACTIVE,0
TRAIN,2026-04-15T00:00:00-05:00,2026_04.csv,4,0.963997617174632,-0.333379315284475,QUIET,3
TRAIN,2026-04-15T00:51:00-05:00,2026_04.csv,8,-0.261753383879867,1.87674322785537,ACTIVE,0
TRAIN,2026-04-15T04:01:00-05:00,2026_04.csv,7,-0.185634949646602,-0.858958977103474,ACTIVE,3
TRAIN,2026-04-15T05:33:00-05:00,2026_04.csv,7,-3.3712442968838,1.33022000984734,QUIET,2
TRAIN,2026-04-15T11:23:00-05:00,2026_04.csv,8,-1.08022543774071,-3.44363237034049,QUIET,5
TRAIN,2026-04-15T11:56:00-05:00,2026_04.csv,10,0.0899251905811906,2.16686077805677,ACTIVE,0
TRAIN,2026-04-15T20:44:00-05:00,2026_04.csv,9,-1.38572863152183,-3.13066717287389,QUIET,5
TRAIN,2026-04-16T00:02:00-05:00,2026_04.csv,0,-0.184933935304455,0.721669956621519,ACTIVE,0
TRAIN,2026-04-16T02:40:00-05:00,2026_04.csv,8,-1.59811224094129,-1.76497364282085,QUIET,5
TRAIN,2026-04-16T02:40:00-05:00,2026_04.csv,8,-1.38426938060906,-1.79185832427471,QUIET,5
TRAIN,2026-04-16T05:47:00-05:00,2026_04.csv,12,-0.113990628124759,1.66337314802235,ACTIVE,0
TRAIN,2026-04-16T08:55:00-05:00,2026_04.csv,7,-0.0671145790730893,3.22982179564915,ACTIVE,0
TRAIN,2026-04-16T11:18:00-05:00,2026_04.csv,9,-0.994337214805922,-3.70010308981925,QUIET,5
TRAIN,2026-04-16T13:28:00-05:00,2026_04.csv,12,0.167369864849903,2.95088620958758,ACTIVE,0
TRAIN,2026-04-16T20:07:00-05:00,2026_04.csv,2,0.129229998756625,-0.840629320361858,ACTIVE,3
TRAIN,2026-04-17T00:03:00-05:00,2026_04.csv,7,-0.214809858728708,1.59448719141642,ACTIVE,0
TRAIN,2026-04-17T11:36:00-05:00,2026_04.csv,3,-1.55717621844265,-3.55508162127217,QUIET,5
TRAIN,2026-04-17T12:24:00-05:00,2026_04.csv,0,3.55346350854542,2.02394010765895,QUIET,4
TRAIN,2026-04-17T15:16:00-05:00,2026_04.csv,5,-0.621338250558665,-2.43507172166805,QUIET,3
TRAIN,2026-04-19T17:00:00-05:00,2026_04.csv,2,1.53397584194829,3.24023082481897,QUIET,6
TRAIN,2026-04-19T20:56:00-05:00,2026_04.csv,11,-0.227124208822111,-2.9462174944509,ACTIVE,3
TRAIN,2026-04-20T00:44:00-05:00,2026_04.csv,5,-0.171193383940577,1.62714004789166,ACTIVE,0
TRAIN,2026-04-20T08:30:00-05:00,2026_04.csv,4,2.58621051902959,-0.466414715025529,QUIET,6
TRAIN,2026-04-20T10:07:00-05:00,2026_04.csv,8,0.0303060824778857,4.08511565379641,ACTIVE,1
TRAIN,2026-04-20T19:10:00-05:00,2026_04.csv,3,-0.138971542031791,-2.60742704011668,ACTIVE,3
TRAIN,2026-04-20T19:38:00-05:00,2026_04.csv,5,-0.10365189501114,0.535731435086958,ACTIVE,0
TRAIN,2026-04-20T19:47:00-05:00,2026_04.csv,0,0.272616245227132,-1.70896645114092,ACTIVE,3
TRAIN,2026-04-20T22:22:00-05:00,2026_04.csv,7,-0.173073772367353,0.730399632247945,ACTIVE,0
TRAIN,2026-04-21T01:10:00-05:00,2026_04.csv,2,-0.285948194144291,-1.69435163139446,ACTIVE,3
TRAIN,2026-04-21T03:06:00-05:00,2026_04.csv,0,0.0759204973450093,1.47874453656647,ACTIVE,0
TRAIN,2026-04-21T06:40:00-05:00,2026_04.csv,6,-0.95449915950047,-1.98340984124329,QUIET,5
TRAIN,2026-04-21T12:20:00-05:00,2026_04.csv,9,-0.529914187992895,3.48072058306644,ACTIVE,1
TRAIN,2026-04-21T14:32:00-05:00,2026_04.csv,10,0.0384505126297503,-3.93184307271526,ACTIVE,3
TRAIN,2026-04-21T14:44:00-05:00,2026_04.csv,3,0.354720974533231,4.59421665517011,ACTIVE,1
TRAIN,2026-04-21T21:29:00-05:00,2026_04.csv,2,0.367919662751677,-2.23084350456013,ACTIVE,3
TRAIN,2026-04-22T00:00:00-05:00,2026_04.csv,6,-0.0963839033556641,1.71936887924149,ACTIVE,0
TRAIN,2026-04-22T02:44:00-05:00,2026_04.csv,4,-0.176726775818778,-1.37199695601187,ACTIVE,3
TRAIN,2026-04-22T06:43:00-05:00,2026_04.csv,5,-0.0848990797301874,1.1594610703962,ACTIVE,0
TRAIN,2026-04-22T15:08:00-05:00,2026_04.csv,7,-0.97303986793054,-4.03848452050671,ACTIVE,5
TRAIN,2026-04-22T22:40:00-05:00,2026_04.csv,9,-0.221829678600273,2.2126151367686,ACTIVE,0
TRAIN,2026-04-23T02:49:00-05:00,2026_04.csv,8,0.0604339797911446,-1.14140556843218,ACTIVE,3
TRAIN,2026-04-23T04:08:00-05:00,2026_04.csv,9,-0.0266611117871399,1.83861433855495,ACTIVE,0
TRAIN,2026-04-23T10:33:00-05:00,2026_04.csv,10,-0.853321553103157,-4.00183647318237,ACTIVE,5
TRAIN,2026-04-23T12:46:00-05:00,2026_04.csv,6,-0.23592519434733,5.32883131351326,ACTIVE,1
TRAIN,2026-04-23T19:30:00-05:00,2026_04.csv,5,-0.103574491152476,-2.92554188286118,ACTIVE,3
TRAIN,2026-04-23T23:25:00-05:00,2026_04.csv,4,-0.255544558733555,1.54505365223083,ACTIVE,0
TRAIN,2026-04-24T03:21:00-05:00,2026_04.csv,8,-1.1246380012112,-2.19147063100412,QUIET,5
TRAIN,2026-04-24T04:22:00-05:00,2026_04.csv,4,0.334394767799661,1.52680416731589,ACTIVE,0
TRAIN,2026-04-24T06:30:00-05:00,2026_04.csv,12,-1.38101120499373,-3.6250946301568,QUIET,5
TRAIN,2026-04-24T08:56:00-05:00,2026_04.csv,6,-0.0258355938233529,2.93326508918422,ACTIVE,0
TRAIN,2026-04-24T12:54:00-05:00,2026_04.csv,4,-1.5359997198638,-3.49096538746295,QUIET,5
TRAIN,2026-04-26T17:06:00-05:00,2026_04.csv,5,-0.140057468182706,2.29601093801584,ACTIVE,0
TRAIN,2026-04-26T23:39:00-05:00,2026_04.csv,5,-1.38301142273766,-2.4868809385957,QUIET,5
TRAIN,2026-04-27T03:15:00-05:00,2026_04.csv,7,-0.0748927008659844,1.66861095926835,ACTIVE,0
TRAIN,2026-04-27T06:32:00-05:00,2026_04.csv,5,-0.19693930812386,-1.18133695857936,ACTIVE,3
TRAIN,2026-04-27T08:52:00-05:00,2026_04.csv,7,-0.358023669199305,2.86012743004464,ACTIVE,0
TRAIN,2026-04-27T19:11:00-05:00,2026_04.csv,6,-0.365807579689988,-2.34282582794028,ACTIVE,3
TRAIN,2026-04-27T21:58:00-05:00,2026_04.csv,4,-0.106029002116003,1.65717335807562,ACTIVE,0
TRAIN,2026-04-27T23:46:00-05:00,2026_04.csv,11,-0.353315625566187,-0.987909880837316,ACTIVE,3
TRAIN,2026-04-28T07:31:00-05:00,2026_04.csv,9,-0.681806882097324,4.04657708509227,ACTIVE,1
TRAIN,2026-04-28T08:49:00-05:00,2026_04.csv,6,0.277651418655307,-3.43876996566151,ACTIVE,3
TRAIN,2026-04-28T10:49:00-05:00,2026_04.csv,8,-1.21590885730422,4.4435451837462,ACTIVE,1
TRAIN,2026-04-28T19:30:00-05:00,2026_04.csv,5,0.0561205375919996,-2.76533899830289,ACTIVE,3
TRAIN,2026-04-28T20:08:00-05:00,2026_04.csv,4,-0.0217173700941233,1.88395065217456,ACTIVE,0
TRAIN,2026-04-29T01:05:00-05:00,2026_04.csv,10,-0.152683079284823,-1.33483362538818,ACTIVE,3
TRAIN,2026-04-29T03:16:00-05:00,2026_04.csv,8,-0.0408405092673376,1.66608540976155,ACTIVE,0
TRAIN,2026-04-29T05:32:00-05:00,2026_04.csv,8,-0.125932321486771,-2.03475570701774,ACTIVE,3
TRAIN,2026-04-29T08:35:00-05:00,2026_04.csv,6,-0.131997106449847,3.36549162476129,ACTIVE,0
TRAIN,2026-04-29T09:37:00-05:00,2026_04.csv,4,-0.0369200987687544,-3.96374714411732,ACTIVE,3
TRAIN,2026-04-29T11:34:00-05:00,2026_04.csv,5,-0.037004330766474,3.0189967284358,ACTIVE,0
TRAIN,2026-04-29T15:03:00-05:00,2026_04.csv,10,-0.132137787281784,-4.52335133575102,ACTIVE,3
TRAIN,2026-04-29T15:18:00-05:00,2026_04.csv,10,0.907835710100459,6.06512735759001,ACTIVE,1
TRAIN,2026-04-29T19:39:00-05:00,2026_04.csv,6,-0.684131212921786,-3.80948939976872,ACTIVE,3
TRAIN,2026-04-30T01:11:00-05:00,2026_04.csv,11,-0.384213966973636,3.19617266854118,ACTIVE,0
TRAIN,2026-04-30T07:30:00-05:00,2026_04.csv,7,-0.205806826896664,-2.99883500262345,ACTIVE,3
TRAIN,2026-04-30T09:17:00-05:00,2026_04.csv,6,-0.300419383619451,5.0996629973154,ACTIVE,1
TRAIN,2026-04-30T17:08:00-05:00,2026_04.csv,4,-1.63441687772052,-3.30430950502663,QUIET,5
TRAIN,2026-04-30T17:57:00-05:00,2026_04.csv,5,-0.165403208215822,1.54741687388883,ACTIVE,0
TRAIN,2026-04-30T22:31:00-05:00,2026_04.csv,7,-1.25683688195826,-2.54131243317221,QUIET,5
TRAIN,2026-04-30T23:43:00-05:00,2026_04.csv,4,-0.323427805504274,0.762411386688891,ACTIVE,0
TRAIN,2026-05-01T05:40:00-05:00,2026_05.csv,10,-2.10583573849324,0.779750179902412,QUIET,5
TRAIN,2026-05-01T10:50:00-05:00,2026_05.csv,0,1.02321068152118,-1.3656426121278,QUIET,3
TRAIN,2026-05-01T13:46:00-05:00,2026_05.csv,6,-0.0455273836619415,1.94916439246762,ACTIVE,0
TRAIN,2026-05-01T14:30:00-05:00,2026_05.csv,7,0.200010194038116,-2.08017987617259,ACTIVE,3
TRAIN,2026-05-01T15:57:00-05:00,2026_05.csv,1,-0.000770772209498269,2.00442822725385,ACTIVE,0
TRAIN,2026-05-04T00:19:00-05:00,2026_05.csv,6,-1.7167768729854,-2.48877477022148,QUIET,5
TRAIN,2026-05-04T05:21:00-05:00,2026_05.csv,7,0.308756973352325,4.39760906733292,ACTIVE,1
TRAIN,2026-05-04T09:46:00-05:00,2026_05.csv,6,0.0797587683682015,-3.04912754164761,ACTIVE,3
TRAIN,2026-05-04T11:08:00-05:00,2026_05.csv,7,0.409693097994181,4.82143466454433,ACTIVE,1
TRAIN,2026-05-04T13:06:00-05:00,2026_05.csv,9,0.516680107694879,-2.96708744860588,QUIET,3
TRAIN,2026-05-04T18:51:00-05:00,2026_05.csv,7,-1.09398092311228,1.92693439692089,ACTIVE,0
TRAIN,2026-05-05T01:01:00-05:00,2026_05.csv,7,0.366254683350361,-0.752123203405725,ACTIVE,3
TRAIN,2026-05-05T01:24:00-05:00,2026_05.csv,9,0.0463056757654782,1.40893798122071,ACTIVE,0
TRAIN,2026-05-05T05:34:00-05:00,2026_05.csv,2,0.191356677635806,-1.24328049162571,ACTIVE,3
TRAIN,2026-05-05T06:19:00-05:00,2026_05.csv,8,-0.227989197317871,1.08587250676198,ACTIVE,0
TRAIN,2026-05-05T14:11:00-05:00,2026_05.csv,5,-1.54118930400215,-2.88884394280534,QUIET,5
TRAIN,2026-05-05T14:55:00-05:00,2026_05.csv,9,-0.347075830129236,0.584953316463545,ACTIVE,0
TRAIN,2026-05-06T01:01:00-05:00,2026_05.csv,9,-0.462328661383688,-2.63501237015139,ACTIVE,3
TRAIN,2026-05-06T01:42:00-05:00,2026_05.csv,0,0.522932540639271,1.07448610182885,ACTIVE,0
TRAIN,2026-05-06T06:10:00-05:00,2026_05.csv,4,-1.27223902124064,-3.71259624179734,QUIET,5
TRAIN,2026-05-06T08:30:00-05:00,2026_05.csv,8,3.43371349398464,2.01719133389045,QUIET,4
TRAIN,2026-05-06T15:14:00-05:00,2026_05.csv,2,-1.57990387820395,-3.69678934407498,QUIET,5
TRAIN,2026-05-06T19:43:00-05:00,2026_05.csv,6,-0.180942433718757,1.76322436383119,ACTIVE,0
TRAIN,2026-05-07T03:05:00-05:00,2026_05.csv,10,-1.42298870749037,-2.44377194675032,QUIET,5
TRAIN,2026-05-07T05:11:00-05:00,2026_05.csv,5,-0.181784910898359,1.75379908179128,ACTIVE,0
TRAIN,2026-05-07T09:55:00-05:00,2026_05.csv,5,-1.73159826162198,-4.56238784834117,QUIET,5
TRAIN,2026-05-07T12:27:00-05:00,2026_05.csv,7,-0.00949844955994332,4.46322299829709,ACTIVE,1
TRAIN,2026-05-07T15:04:00-05:00,2026_05.csv,5,0.0192316651205964,-3.44643880701084,ACTIVE,3
TRAIN,2026-05-07T17:00:00-05:00,2026_05.csv,6,0.169918215833113,3.260003199428,ACTIVE,0
TRAIN,2026-05-08T07:43:00-05:00,2026_05.csv,8,-0.664163055574808,-2.8546151886948,ACTIVE,3
TRAIN,2026-05-08T08:30:00-05:00,2026_05.csv,10,2.67523657886655,1.38281375421803,QUIET,6
TRAIN,2026-05-08T15:01:00-05:00,2026_05.csv,0,-1.61448539254784,-4.09543759508615,QUIET,5
TRAIN,2026-05-10T17:17:00-05:00,2026_05.csv,5,-0.0578223907491369,1.44937220060672,ACTIVE,0
TRAIN,2026-05-10T19:36:00-05:00,2026_05.csv,9,-1.20146297595064,-2.61740954600725,QUIET,5
TRAIN,2026-05-11T03:35:00-05:00,2026_05.csv,9,-0.252987403772873,1.16618990068232,ACTIVE,0
TRAIN,2026-05-11T06:31:00-05:00,2026_05.csv,10,-0.330724709490425,-2.4865572402243,ACTIVE,3
TRAIN,2026-05-11T07:47:00-05:00,2026_05.csv,2,0.523526416896578,1.3316267512586,ACTIVE,0
TRAIN,2026-05-11T08:34:00-05:00,2026_05.csv,3,-1.2229997463481,-4.00866250079396,QUIET,5
TRAIN,2026-05-11T09:32:00-05:00,2026_05.csv,10,-0.0800475974625396,2.6705236139139,ACTIVE,0
TRAIN,2026-05-11T11:10:00-05:00,2026_05.csv,5,-1.17496008935779,-4.20191005161158,QUIET,5
TRAIN,2026-05-11T15:11:00-05:00,2026_05.csv,0,0.85980029122248,2.26511882415555,ACTIVE,0
TRAIN,2026-05-11T17:46:00-05:00,2026_05.csv,5,-0.107633842608184,-1.69299835014885,ACTIVE,3
TRAIN,2026-05-12T07:32:00-05:00,2026_05.csv,8,-0.41401221150156,2.13478307027154,ACTIVE,0
TRAIN,2026-05-12T08:45:00-05:00,2026_05.csv,12,0.315866234745644,-3.58854914975788,ACTIVE,3
TRAIN,2026-05-12T11:54:00-05:00,2026_05.csv,8,-1.93723332672781,5.64083608305731,ACTIVE,1
TRAIN,2026-05-12T14:53:00-05:00,2026_05.csv,7,0.119431447235701,-4.50305539646295,ACTIVE,3
TRAIN,2026-05-12T19:02:00-05:00,2026_05.csv,3,-0.034844679025629,2.35296469694608,ACTIVE,0
TRAIN,2026-05-13T03:40:00-05:00,2026_05.csv,6,-0.0935646872705404,-2.8873983166276,ACTIVE,3
TRAIN,2026-05-13T08:48:00-05:00,2026_05.csv,7,1.90814461442008,4.07554573645896,QUIET,6
TRAIN,2026-05-13T19:59:00-05:00,2026_05.csv,3,-2.01278400818138,-3.24369492625422,QUIET,5
TRAIN,2026-05-13T23:05:00-05:00,2026_05.csv,10,-0.185676558481556,1.88917547964718,ACTIVE,0
TRAIN,2026-05-14T01:23:00-05:00,2026_05.csv,2,-0.455194791997316,-1.37863071398044,ACTIVE,3
TRAIN,2026-05-14T08:12:00-05:00,2026_05.csv,6,0.187712046617297,2.44030083727543,ACTIVE,0
TRAIN,2026-05-14T11:21:00-05:00,2026_05.csv,8,-0.633552515592063,-3.67832360538347,ACTIVE,3
TRAIN,2026-05-14T15:40:00-05:00,2026_05.csv,6,0.0823195095796658,2.4695894157997,ACTIVE,0
TRAIN,2026-05-14T18:38:00-05:00,2026_05.csv,7,-0.033091357610823,-1.16339148380024,ACTIVE,3
TRAIN,2026-05-15T04:51:00-05:00,2026_05.csv,5,-0.792835220237821,3.82818594214197,ACTIVE,1
TRAIN,2026-05-15T05:51:00-05:00,2026_05.csv,5,0.500169783595796,-1.56217768371947,QUIET,3
TRAIN,2026-05-15T08:47:00-05:00,2026_05.csv,6,0.0424824362490364,4.79333568200852,ACTIVE,1
TRAIN,2026-05-15T13:08:00-05:00,2026_05.csv,7,0.283718761954133,-4.552436172453,ACTIVE,3
TRAIN,2026-05-17T20:38:00-05:00,2026_05.csv,10,-0.953817757348811,4.31233205968913,ACTIVE,1
TRAIN,2026-05-17T23:16:00-05:00,2026_05.csv,10,0.504696364616316,-2.30871976180713,QUIET,3
TRAIN,2026-05-18T01:31:00-05:00,2026_05.csv,8,-0.50776122343971,3.11734214338223,ACTIVE,0
TRAIN,2026-05-18T04:00:00-05:00,2026_05.csv,7,0.574817040305794,-3.25798684455963,QUIET,3
TRAIN,2026-05-18T06:10:00-05:00,2026_05.csv,7,-0.342826584471757,3.39965930884724,ACTIVE,0
TRAIN,2026-05-18T07:59:00-05:00,2026_05.csv,4,0.323860204252399,-3.94541812952102,ACTIVE,3
TRAIN,2026-05-18T13:50:00-05:00,2026_05.csv,8,-0.804621479385824,4.36038444760188,ACTIVE,1
TRAIN,2026-05-18T19:21:00-05:00,2026_05.csv,1,0.783135648791792,-2.2155317622928,QUIET,3
TRAIN,2026-05-19T00:24:00-05:00,2026_05.csv,5,-0.766208369653701,3.7266522302179,ACTIVE,1
TRAIN,2026-05-19T02:48:00-05:00,2026_05.csv,5,0.486725852542832,-2.43506001319286,QUIET,3
TRAIN,2026-05-19T08:27:00-05:00,2026_05.csv,8,-0.498546937387706,4.0488638243257,ACTIVE,1
TRAIN,2026-05-19T08:37:00-05:00,2026_05.csv,9,0.451272492109318,-4.85920400813483,ACTIVE,3
TRAIN,2026-05-19T09:22:00-05:00,2026_05.csv,6,0.0615827061101448,5.68290190791462,ACTIVE,1
TRAIN,2026-05-19T12:23:00-05:00,2026_05.csv,5,0.610670076014119,-5.58833556774872,ACTIVE,3
TRAIN,2026-05-19T17:28:00-05:00,2026_05.csv,6,-0.54224132539667,3.04155109451758,ACTIVE,0
TRAIN,2026-05-19T18:34:00-05:00,2026_05.csv,6,0.449991686727763,-2.37582762965144,QUIET,3
TRAIN,2026-05-19T19:17:00-05:00,2026_05.csv,6,0.250499050175997,4.40426834336496,ACTIVE,1
TRAIN,2026-05-19T21:24:00-05:00,2026_05.csv,8,0.283968340049179,-3.19985973728128,ACTIVE,3
TRAIN,2026-05-19T22:14:00-05:00,2026_05.csv,7,-0.295610373951832,4.00854213511465,ACTIVE,1
TRAIN,2026-05-20T05:36:00-05:00,2026_05.csv,9,0.623011815626241,-2.41307903000075,QUIET,3
TRAIN,2026-05-20T06:49:00-05:00,2026_05.csv,9,-0.0943495488042769,1.5965411115753,ACTIVE,0
TRAIN,2026-05-20T07:34:00-05:00,2026_05.csv,4,0.325624680022284,-2.13316316294207,ACTIVE,3
TRAIN,2026-05-20T08:39:00-05:00,2026_05.csv,6,0.171107352397751,1.62876760006293,ACTIVE,0
TRAIN,2026-05-20T08:47:00-05:00,2026_05.csv,5,1.73202106764878,-5.41700490768718,QUIET,6
TRAIN,2026-05-20T09:13:00-05:00,2026_05.csv,3,0.209510198638309,3.91047689157864,ACTIVE,1
TRAIN,2026-05-20T15:00:00-05:00,2026_05.csv,5,-0.0387379850291739,-3.72468635612089,ACTIVE,3
TRAIN,2026-05-20T17:10:00-05:00,2026_05.csv,3,0.352519227297571,4.16553576952295,ACTIVE,1
TRAIN,2026-05-21T00:07:00-05:00,2026_05.csv,3,0.0927884636354089,-2.67848732488714,ACTIVE,3
TRAIN,2026-05-21T02:13:00-05:00,2026_05.csv,5,0.89120213287188,4.19888081830331,ACTIVE,1
TRAIN,2026-05-21T03:16:00-05:00,2026_05.csv,7,0.146898860741134,-3.01259058732759,ACTIVE,3
TRAIN,2026-05-21T08:31:00-05:00,2026_05.csv,2,1.43928127428504,2.5980131323733,QUIET,6
TRAIN,2026-05-21T09:02:00-05:00,2026_05.csv,9,0.466281333779656,-3.96424715031384,ACTIVE,3
TRAIN,2026-05-21T09:21:00-05:00,2026_05.csv,5,0.52350395676508,4.64150293869311,ACTIVE,1
TRAIN,2026-05-21T19:32:00-05:00,2026_05.csv,4,0.674903855413896,-2.81907002699174,QUIET,3
TRAIN,2026-05-21T20:41:00-05:00,2026_05.csv,7,-0.121800824698285,1.76615930627907,ACTIVE,0
TRAIN,2026-05-22T00:10:00-05:00,2026_05.csv,5,0.273570240159183,-1.61538246465051,ACTIVE,3
TRAIN,2026-05-22T02:02:00-05:00,2026_05.csv,4,-0.223621035555952,1.37344516316767,ACTIVE,0
TRAIN,2026-05-22T03:21:00-05:00,2026_05.csv,7,-0.406650643205004,-1.98130110145043,ACTIVE,3
TRAIN,2026-05-22T05:32:00-05:00,2026_05.csv,6,0.401979646643288,3.72531499070575,ACTIVE,1
TRAIN,2026-05-22T08:40:00-05:00,2026_05.csv,5,-0.11374811168184,-4.54841792421428,ACTIVE,3
TRAIN,2026-05-22T09:24:00-05:00,2026_05.csv,12,-0.0129597383693133,3.16930200437594,ACTIVE,0
TRAIN,2026-05-22T12:30:00-05:00,2026_05.csv,5,-0.460832071259763,-2.8137413664076,ACTIVE,3
TRAIN,2026-05-22T15:31:00-05:00,2026_05.csv,0,1.55972861931814,2.41578655017334,QUIET,6
TRAIN,2026-05-25T00:17:00-05:00,2026_05.csv,2,-1.20068752534075,-2.78547445585346,QUIET,5
TRAIN,2026-05-25T02:20:00-05:00,2026_05.csv,8,-0.274041762087355,1.35779802000775,ACTIVE,0
TRAIN,2026-05-25T07:23:00-05:00,2026_05.csv,7,-0.3372061592416,-1.47255028890323,ACTIVE,3
TRAIN,2026-05-25T07:45:00-05:00,2026_05.csv,2,0.0399384632555441,0.957227258506028,ACTIVE,0
TRAIN,2026-05-25T09:01:00-05:00,2026_05.csv,9,-1.86559279949686,-1.46166681581737,QUIET,5
TRAIN,2026-05-25T20:40:00-05:00,2026_05.csv,5,-0.406176891204522,2.57593606095162,ACTIVE,0
TRAIN,2026-05-25T23:22:00-05:00,2026_05.csv,8,-0.0214868468864426,-0.926936935828116,ACTIVE,3
TRAIN,2026-05-26T00:04:00-05:00,2026_05.csv,5,-0.106076369949214,1.23338089126493,ACTIVE,0
TRAIN,2026-05-26T01:26:00-05:00,2026_05.csv,2,-0.367576787135946,-0.519661421597899,ACTIVE,3
TRAIN,2026-05-26T02:33:00-05:00,2026_05.csv,10,-1.75856557015892,3.24527744070465,ACTIVE,1
TRAIN,2026-05-26T14:54:00-05:00,2026_05.csv,6,-1.11202317278793,-3.42792485387642,QUIET,5
TRAIN,2026-05-26T17:48:00-05:00,2026_05.csv,3,-0.2453173968595,1.55432228995627,ACTIVE,0
TRAIN,2026-05-26T20:17:00-05:00,2026_05.csv,2,-0.869271780464549,-2.9247705841844,QUIET,5
TRAIN,2026-05-27T01:39:00-05:00,2026_05.csv,6,-0.0690629823047077,1.63743233038947,ACTIVE,0
TRAIN,2026-05-27T07:23:00-05:00,2026_05.csv,4,-1.97456687542812,-4.57270830547051,QUIET,5
TRAIN,2026-05-27T09:33:00-05:00,2026_05.csv,6,0.0124116428346463,4.87098138967873,ACTIVE,1
TRAIN,2026-05-27T17:02:00-05:00,2026_05.csv,9,0.321883389540525,-3.26555755099304,ACTIVE,3
TRAIN,2026-05-27T19:00:00-05:00,2026_05.csv,3,-0.220837281284421,3.27047555755747,ACTIVE,0
TRAIN,2026-05-27T19:58:00-05:00,2026_05.csv,1,0.212684739944254,-0.410139604359458,ACTIVE,3
TRAIN,2026-05-27T23:21:00-05:00,2026_05.csv,6,-0.988470638285337,4.65493071401511,ACTIVE,1
TRAIN,2026-05-28T04:03:00-05:00,2026_05.csv,5,0.20042645198959,-2.35912322335526,ACTIVE,3
TRAIN,2026-05-28T05:51:00-05:00,2026_05.csv,1,0.536790597760739,2.55019834196048,ACTIVE,0
TRAIN,2026-05-28T12:52:00-05:00,2026_05.csv,6,-0.497124319784817,-3.29297144884148,ACTIVE,3
TRAIN,2026-05-28T14:17:00-05:00,2026_05.csv,9,-0.240971531457839,1.63296631764613,ACTIVE,0
TRAIN,2026-05-28T17:05:00-05:00,2026_05.csv,5,-1.8933405066933,-1.76111923357638,QUIET,5
TRAIN,2026-05-28T20:03:00-05:00,2026_05.csv,5,0.0726721831257667,2.02509390594217,ACTIVE,0
TRAIN,2026-05-29T01:59:00-05:00,2026_05.csv,5,-0.149717540434734,-1.49558491982859,ACTIVE,3
TRAIN,2026-05-29T02:36:00-05:00,2026_05.csv,3,-0.167497232552868,1.29941473011359,ACTIVE,0
TRAIN,2026-05-29T06:17:00-05:00,2026_05.csv,9,-0.960357663397412,-2.05837456281497,QUIET,5
TRAIN,2026-05-29T07:33:00-05:00,2026_05.csv,0,1.18120712152938,1.44207711127888,QUIET,6
TRAIN,2026-05-29T09:00:00-05:00,2026_05.csv,7,-1.33885744819235,-4.34244375532852,QUIET,5
TRAIN,2026-05-29T13:00:00-05:00,2026_05.csv,11,0.0283986513579247,2.97870119788917,ACTIVE,0
TRAIN,2026-05-31T22:32:00-05:00,2026_05.csv,9,-1.30498285951108,-3.0852475821156,QUIET,5
TRAIN,2026-06-01T00:29:00-05:00,2026_06.csv,6,-3.36667601819239,1.21462456800448,QUIET,2
TRAIN,2026-06-01T00:51:00-05:00,2026_06.csv,4,-2.06520655797349,-0.280050096822945,QUIET,5
TRAIN,2026-06-01T08:27:00-05:00,2026_06.csv,11,-0.499171986750581,3.47938711623638,ACTIVE,1
TRAIN,2026-06-01T12:43:00-05:00,2026_06.csv,0,-1.30524004806936,-4.53245548197229,QUIET,5
TRAIN,2026-06-01T22:20:00-05:00,2026_06.csv,2,-0.767182466797756,2.18572769915781,ACTIVE,0
TRAIN,2026-06-02T04:50:00-05:00,2026_06.csv,6,0.0871289055140662,-2.33191778771198,ACTIVE,3
TRAIN,2026-06-02T08:41:00-05:00,2026_06.csv,11,0.25417349218101,2.09369199305847,ACTIVE,0
TRAIN,2026-06-02T11:07:00-05:00,2026_06.csv,5,-0.865928867410641,-3.43207535819398,ACTIVE,5
TRAIN,2026-06-02T13:40:00-05:00,2026_06.csv,8,-0.148974673326526,1.98523111884815,ACTIVE,0
TRAIN,2026-06-02T15:05:00-05:00,2026_06.csv,1,-1.59386136405529,-3.46869071362152,QUIET,5
TRAIN,2026-06-02T18:25:00-05:00,2026_06.csv,8,0.781762485112089,4.79976542570685,ACTIVE,1
TRAIN,2026-06-02T23:35:00-05:00,2026_06.csv,5,0.0317389148507983,-2.16432671204617,ACTIVE,3
TRAIN,2026-06-03T01:12:00-05:00,2026_06.csv,7,-0.20760286627401,1.60967930577294,ACTIVE,0
TRAIN,2026-06-03T07:04:00-05:00,2026_06.csv,4,-0.808881756882601,-2.10698703196843,QUIET,3
TRAIN,2026-06-03T07:55:00-05:00,2026_06.csv,11,0.121824769150797,1.55066879750414,ACTIVE,0
TRAIN,2026-06-03T08:32:00-05:00,2026_06.csv,10,-1.23918854912598,-4.99929026376486,QUIET,5
TRAIN,2026-06-03T11:43:00-05:00,2026_06.csv,8,-0.569199976570111,3.68917154535179,ACTIVE,1
TRAIN,2026-06-03T14:48:00-05:00,2026_06.csv,8,0.0948964975757104,-2.7707663660895,ACTIVE,3
TRAIN,2026-06-03T17:51:00-05:00,2026_06.csv,4,-0.393829617661324,4.09513223272364,ACTIVE,1
TRAIN,2026-06-03T20:12:00-05:00,2026_06.csv,10,0.371360193924236,-2.43235475040844,ACTIVE,3
TRAIN,2026-06-03T21:16:00-05:00,2026_06.csv,8,-0.482455528127613,5.22679770423143,ACTIVE,1
TRAIN,2026-06-04T02:05:00-05:00,2026_06.csv,7,0.0814922156815382,-2.09714578984061,ACTIVE,3
TRAIN,2026-06-04T06:38:00-05:00,2026_06.csv,5,-0.824633817267828,3.8536145726707,ACTIVE,1
TRAIN,2026-06-04T08:37:00-05:00,2026_06.csv,6,0.578732316234245,-3.11098557465951,QUIET,3
TRAIN,2026-06-04T09:07:00-05:00,2026_06.csv,8,0.0917596982420302,5.00176766383479,ACTIVE,1
TRAIN,2026-06-04T14:30:00-05:00,2026_06.csv,10,0.986502386630795,-2.98542741153146,QUIET,3
TRAIN,2026-06-04T20:26:00-05:00,2026_06.csv,9,-0.821096378059859,3.85279689306883,ACTIVE,1
TRAIN,2026-06-04T21:36:00-05:00,2026_06.csv,7,0.481520978317736,-2.15866144528473,QUIET,3
TRAIN,2026-06-05T02:20:00-05:00,2026_06.csv,10,-0.79693503236006,2.89839765929751,ACTIVE,0
TRAIN,2026-06-05T04:14:00-05:00,2026_06.csv,7,0.501405431197422,-2.13215735394734,QUIET,3
TRAIN,2026-06-05T15:48:00-05:00,2026_06.csv,7,-4.09608916850706,-5.36011411222432,QUIET,2
TRAIN,2026-06-07T19:40:00-05:00,2026_06.csv,7,0.231438160948533,-4.44193028247272,ACTIVE,3
TRAIN,2026-06-08T00:49:00-05:00,2026_06.csv,8,-1.03182906098888,4.54090577909122,ACTIVE,1
TRAIN,2026-06-08T08:22:00-05:00,2026_06.csv,10,0.00821157741122105,-3.97489549966395,ACTIVE,3
TRAIN,2026-06-08T09:00:00-05:00,2026_06.csv,7,2.01171513826921,5.67454116593829,ACTIVE,6
TRAIN,2026-06-08T10:20:00-05:00,2026_06.csv,11,0.00179411615418607,-4.78923680623535,ACTIVE,3
TRAIN,2026-06-08T17:15:00-05:00,2026_06.csv,2,-0.526146153691082,3.02971583260254,ACTIVE,0
TRAIN,2026-06-08T18:40:00-05:00,2026_06.csv,10,0.347244425102205,-2.16665152147135,ACTIVE,3
TRAIN,2026-06-08T19:56:00-05:00,2026_06.csv,4,-0.413928314686168,3.47897065823524,ACTIVE,0
TRAIN,2026-06-09T02:08:00-05:00,2026_06.csv,7,0.569256211583184,-2.63156766035494,QUIET,3
TRAIN,2026-06-09T03:01:00-05:00,2026_06.csv,8,-0.216246529742409,2.0365625108039,ACTIVE,0
TRAIN,2026-06-09T08:30:00-05:00,2026_06.csv,7,1.49988984599331,-1.08452112585743,QUIET,6
TRAIN,2026-06-09T08:34:00-05:00,2026_06.csv,10,0.119899364110042,0.979615238887333,ACTIVE,0
TRAIN,2026-06-09T08:50:00-05:00,2026_06.csv,7,-0.23686763408717,-4.97678745461866,ACTIVE,3
TRAIN,2026-06-09T11:40:00-05:00,2026_06.csv,3,4.65941100669585,4.00990595311272,QUIET,4
TRAIN,2026-06-09T15:04:00-05:00,2026_06.csv,5,0.672162281235529,-4.76971006537056,QUIET,3
TRAIN,2026-06-09T18:37:00-05:00,2026_06.csv,5,-0.23011220816459,2.83057963161539,ACTIVE,0
TRAIN,2026-06-09T19:06:00-05:00,2026_06.csv,8,1.06972956846876,-3.55936089170105,QUIET,3
TRAIN,2026-06-10T00:23:00-05:00,2026_06.csv,7,0.135460968235188,2.93954022975261,ACTIVE,0
TRAIN,2026-06-10T01:38:00-05:00,2026_06.csv,5,3.37515226356907,-3.87742314767728,QUIET,6
TRAIN,2026-06-10T06:40:00-05:00,2026_06.csv,8,-0.522318265884845,4.82079317036212,ACTIVE,1
TRAIN,2026-06-10T09:35:00-05:00,2026_06.csv,6,0.397234031040396,-4.99695593932981,ACTIVE,3
TRAIN,2026-06-10T18:19:00-05:00,2026_06.csv,2,-0.750657760313551,4.35048826977719,ACTIVE,1
TRAIN,2026-06-11T03:37:00-05:00,2026_06.csv,6,0.633539934360484,-2.72482006223558,QUIET,3
TRAIN,2026-06-11T07:34:00-05:00,2026_06.csv,8,1.73718733825017,5.52007248746343,ACTIVE,1
TRAIN,2026-06-11T09:04:00-05:00,2026_06.csv,8,0.3184950891279,-5.3207863316462,ACTIVE,3
TRAIN,2026-06-11T10:01:00-05:00,2026_06.csv,10,0.41854352561601,5.71994066889709,ACTIVE,1
TRAIN,2026-06-11T19:36:00-05:00,2026_06.csv,5,0.703507622089329,-3.44446837847392,QUIET,3
TRAIN,2026-06-12T02:17:00-05:00,2026_06.csv,3,0.0847371931699424,3.23647768508459,ACTIVE,0
TRAIN,2026-06-12T04:36:00-05:00,2026_06.csv,4,1.24844027872342,-6.28843575027981,QUIET,3
TRAIN,2026-06-12T08:45:00-05:00,2026_06.csv,7,1.05956397847602,5.36717583446322,ACTIVE,1
TRAIN,2026-06-12T10:25:00-05:00,2026_06.csv,10,0.0736555722402403,-5.00978801792725,ACTIVE,3
TRAIN,2026-06-12T14:35:00-05:00,2026_06.csv,1,-0.118900759955344,2.28654033571875,ACTIVE,0
TRAIN,2026-06-15T03:46:00-05:00,2026_06.csv,8,2.88046177729439,-2.9839867172493,QUIET,6
TRAIN,2026-06-15T04:45:00-05:00,2026_06.csv,9,-0.198243962900004,0.134092412247753,ACTIVE,0
TRAIN,2026-06-15T11:30:00-05:00,2026_06.csv,6,-0.683314582251027,-2.86263613618304,ACTIVE,3
TRAIN,2026-06-15T14:57:00-05:00,2026_06.csv,3,-0.227115735160288,1.81486724882057,ACTIVE,0
TRAIN,2026-06-15T15:00:00-05:00,2026_06.csv,4,-0.0585457404236148,-3.56575967968297,ACTIVE,3
TRAIN,2026-06-15T20:09:00-05:00,2026_06.csv,7,0.961304581251481,3.26700611248763,ACTIVE,1
TRAIN,2026-06-16T06:20:00-05:00,2026_06.csv,6,-1.03499758640715,-2.88044629544039,QUIET,5
TRAIN,2026-06-16T15:19:00-05:00,2026_06.csv,6,-0.987270359668259,4.57910412206439,ACTIVE,1
TRAIN,2026-06-17T03:08:00-05:00,2026_06.csv,5,0.291661676938856,-1.32372647257021,ACTIVE,3
TRAIN,2026-06-17T06:57:00-05:00,2026_06.csv,11,-0.309016886340956,2.87772110692794,ACTIVE,0
TRAIN,2026-06-17T08:45:00-05:00,2026_06.csv,9,2.11172280340753,-4.47630785364017,QUIET,6
TRAIN,2026-06-17T09:02:00-05:00,2026_06.csv,7,0.210713869080255,4.37459865002031,ACTIVE,1
TRAIN,2026-06-17T09:24:00-05:00,2026_06.csv,9,0.504857136332401,-4.14782362913152,ACTIVE,3
TRAIN,2026-06-17T09:24:00-05:00,2026_06.csv,9,0.541040364354944,-4.11847367162193,ACTIVE,3
TRAIN,2026-06-17T09:47:00-05:00,2026_06.csv,0,2.33332204232881,3.36287005783866,QUIET,6
TRAIN,2026-06-17T13:06:00-05:00,2026_06.csv,8,0.815606939700048,6.63783457193267,ACTIVE,1
TRAIN,2026-06-17T13:44:00-05:00,2026_06.csv,10,0.376739141031629,-4.84842548382745,ACTIVE,3
TRAIN,2026-06-17T14:53:00-05:00,2026_06.csv,3,0.0760801993488593,5.74282158486618,ACTIVE,1
TRAIN,2026-06-17T20:13:00-05:00,2026_06.csv,4,0.613365300171541,-3.17259828565091,QUIET,3
TRAIN,2026-06-17T23:45:00-05:00,2026_06.csv,11,-0.15379415480518,2.40376702545109,ACTIVE,0
TRAIN,2026-06-18T03:10:00-05:00,2026_06.csv,9,0.891067457376681,-4.42468073629296,QUIET,3
TRAIN,2026-06-18T06:41:00-05:00,2026_06.csv,7,-0.0398348221775535,2.61064513138026,ACTIVE,0
TRAIN,2026-06-18T12:34:00-05:00,2026_06.csv,4,0.651147806167505,-3.41715372966819,QUIET,3
TRAIN,2026-06-18T14:12:00-05:00,2026_06.csv,8,-0.175547572450826,1.40356896196832,ACTIVE,0
TRAIN,2026-06-18T14:47:00-05:00,2026_06.csv,5,0.109949117409145,-3.23509804017289,ACTIVE,3
TRAIN,2026-06-19T00:42:00-05:00,2026_06.csv,10,-1.0001191522044,3.29839320697304,ACTIVE,1
TRAIN,2026-06-19T04:00:00-05:00,2026_06.csv,6,0.64712316448523,-2.36488375232026,QUIET,3
TRAIN,2026-06-19T07:37:00-05:00,2026_06.csv,7,0.338437660630526,2.8661525992319,ACTIVE,0
TRAIN,2026-06-19T10:09:00-05:00,2026_06.csv,6,0.5064540901071,-2.40298087653518,QUIET,3
TRAIN,2026-06-21T18:59:00-05:00,2026_06.csv,8,-0.418537710009265,3.93483953815411,ACTIVE,1
TRAIN,2026-06-21T20:37:00-05:00,2026_06.csv,8,0.619481927068773,-3.80672478015394,QUIET,3
TRAIN,2026-06-21T23:44:00-05:00,2026_06.csv,5,-0.200900101270212,2.10954785645589,ACTIVE,0
TRAIN,2026-06-22T09:10:00-05:00,2026_06.csv,8,-0.471788693127019,-3.75429719304758,ACTIVE,3
TRAIN,2026-06-22T11:04:00-05:00,2026_06.csv,8,-0.514155940243954,4.81204896192195,ACTIVE,1
TRAIN,2026-06-22T17:02:00-05:00,2026_06.csv,6,1.62729393309138,-3.76694092957264,QUIET,6
TRAIN,2026-06-23T08:31:00-05:00,2026_06.csv,4,-0.701991136200571,4.41176291698481,ACTIVE,1
TRAIN,2026-06-23T09:20:00-05:00,2026_06.csv,6,0.20603012243652,-4.4381835399196,ACTIVE,3
TRAIN,2026-06-23T13:54:00-05:00,2026_06.csv,6,-1.27083836673307,5.18888807523151,ACTIVE,1
TRAIN,2026-06-23T17:16:00-05:00,2026_06.csv,9,0.503656826622495,-3.21993025204338,ACTIVE,3
TRAIN,2026-06-23T18:08:00-05:00,2026_06.csv,10,-0.979275841308919,5.39856684836931,ACTIVE,1
TRAIN,2026-06-23T19:42:00-05:00,2026_06.csv,7,0.315126927781942,-4.06748648283074,ACTIVE,3
TRAIN,2026-06-23T22:06:00-05:00,2026_06.csv,8,-0.354892380452943,4.45374932980829,ACTIVE,1
TRAIN,2026-06-24T00:39:00-05:00,2026_06.csv,10,0.253344994253469,-2.67042673945554,ACTIVE,3
TRAIN,2026-06-24T03:00:00-05:00,2026_06.csv,10,-0.220889953273114,1.74821783799596,ACTIVE,0
TRAIN,2026-06-24T03:33:00-05:00,2026_06.csv,4,0.410404430157785,-1.78309807658478,ACTIVE,3
TRAIN,2026-06-24T06:20:00-05:00,2026_06.csv,4,0.0612471773046706,2.8251492449045,ACTIVE,0
TRAIN,2026-06-24T07:20:00-05:00,2026_06.csv,6,0.271381788371185,-2.38029896071799,ACTIVE,3
TRAIN,2026-06-24T09:20:00-05:00,2026_06.csv,11,-0.0472660996750455,5.32414549539389,ACTIVE,1
TRAIN,2026-06-24T10:01:00-05:00,2026_06.csv,9,0.490059863247746,-4.55071508371819,ACTIVE,3
TRAIN,2026-06-24T14:13:00-05:00,2026_06.csv,9,-1.87110961724447,6.15395628079677,ACTIVE,1
TRAIN,2026-06-24T17:01:00-05:00,2026_06.csv,6,0.564779424796235,-4.81236650126989,ACTIVE,3
TRAIN,2026-06-24T21:16:00-05:00,2026_06.csv,8,-0.289259912040608,2.72705811992643,ACTIVE,0
TRAIN,2026-06-25T06:02:00-05:00,2026_06.csv,6,0.624465058666034,-2.48731675936373,QUIET,3
TRAIN,2026-06-25T06:30:00-05:00,2026_06.csv,9,-0.0355573070513764,1.03327532186857,ACTIVE,0
TRAIN,2026-06-25T07:30:00-05:00,2026_06.csv,0,2.78153779974793,-1.664531081109,QUIET,6
TRAIN,2026-06-25T08:59:00-05:00,2026_06.csv,10,-0.00378974632240637,5.89983332988034,ACTIVE,1
TRAIN,2026-06-25T13:28:00-05:00,2026_06.csv,7,0.516750139867265,-3.88928004717075,ACTIVE,3
TRAIN,2026-06-25T14:50:00-05:00,2026_06.csv,7,-0.26194134420641,4.15273852172657,ACTIVE,1
TRAIN,2026-06-25T15:01:00-05:00,2026_06.csv,7,0.448450895316942,-4.94978789538169,ACTIVE,3
TRAIN,2026-06-25T22:38:00-05:00,2026_06.csv,12,-1.94834459295116,6.16626068722105,ACTIVE,1
TRAIN,2026-06-26T02:32:00-05:00,2026_06.csv,8,1.16477727173125,-3.29994277114151,QUIET,3
TRAIN,2026-06-26T06:54:00-05:00,2026_06.csv,10,-0.664675907825121,4.09865273993955,ACTIVE,1
TRAIN,2026-06-26T07:16:00-05:00,2026_06.csv,8,0.515560657288894,-1.82908061509437,QUIET,3
TRAIN,2026-06-26T08:34:00-05:00,2026_06.csv,4,-0.65639014826371,5.34427496094122,ACTIVE,1
TRAIN,2026-06-26T10:44:00-05:00,2026_06.csv,7,0.587297777637869,-5.80178000040644,ACTIVE,3
TRAIN,2026-06-26T15:45:00-05:00,2026_06.csv,11,-1.12978285695958,4.67045579777674,ACTIVE,1
TRAIN,2026-06-28T18:46:00-05:00,2026_06.csv,9,0.966346303709563,-3.47703276101022,QUIET,3
TRAIN,2026-06-28T19:32:00-05:00,2026_06.csv,9,0.159870533082621,4.39176157340219,ACTIVE,1
TRAIN,2026-06-29T06:31:00-05:00,2026_06.csv,2,2.05340069072689,-1.90901209774013,QUIET,6
TRAIN,2026-06-29T08:30:00-05:00,2026_06.csv,6,1.92784958180517,2.37096773617145,QUIET,6
TRAIN,2026-06-29T08:53:00-05:00,2026_06.csv,10,0.90157069656074,-4.34912752437462,QUIET,3
TRAIN,2026-06-29T09:15:00-05:00,2026_06.csv,11,0.419301511327006,5.6681218970201,ACTIVE,1
TRAIN,2026-06-29T13:46:00-05:00,2026_06.csv,9,0.381726495445969,-3.54353796323987,ACTIVE,3
TRAIN,2026-06-29T17:02:00-05:00,2026_06.csv,4,-0.889111197505831,1.35221162911541,ACTIVE,0
TRAIN,2026-06-29T19:17:00-05:00,2026_06.csv,13,-0.0468583719386217,-2.1312326591716,ACTIVE,3
TRAIN,2026-06-29T19:45:00-05:00,2026_06.csv,8,0.0481081938336251,2.90784630853591,ACTIVE,0
TRAIN,2026-06-30T00:03:00-05:00,2026_06.csv,9,0.878888438449514,-2.54726314044186,QUIET,3
TRAIN,2026-06-30T03:40:00-05:00,2026_06.csv,6,-0.0237448848269309,2.30165032450932,ACTIVE,0
TRAIN,2026-06-30T06:51:00-05:00,2026_06.csv,12,1.00993997328592,-2.19423880243792,QUIET,3
TRAIN,2026-06-30T08:24:00-05:00,2026_06.csv,12,-0.0889060387634865,2.32380800075133,ACTIVE,0
TRAIN,2026-06-30T14:18:00-05:00,2026_06.csv,5,0.600808931274011,-3.07604383415832,QUIET,3
TRAIN,2026-06-30T15:51:00-05:00,2026_06.csv,6,0.128800455579383,2.06113395786995,ACTIVE,0
TRAIN,2026-06-30T19:00:00-05:00,2026_06.csv,3,0.743261265430245,-0.744759556733294,QUIET,3
TRAIN,2026-06-30T21:15:00-05:00,2026_06.csv,7,1.15910541958095,3.85281489220056,ACTIVE,1
TEST,2026-07-01T02:18:00-05:00,2026_07_24.csv,9,-0.596927272225968,2.15356004871539,INTENSE,0
TEST,2026-07-01T06:05:00-05:00,2026_07_24.csv,7,-0.499844400292998,-1.03165021287837,ACTIVE,3
TEST,2026-07-01T08:35:00-05:00,2026_07_24.csv,9,0.929868891153336,4.30014532448538,ACTIVE,1
TEST,2026-07-01T10:31:00-05:00,2026_07_24.csv,7,0.217644831871019,-3.27458430187,ACTIVE,3
TEST,2026-07-01T19:04:00-05:00,2026_07_24.csv,6,-0.606758061362449,3.67034606363831,ACTIVE,1
TEST,2026-07-01T21:15:00-05:00,2026_07_24.csv,9,0.538783548754643,-2.52752709784844,QUIET,3
TEST,2026-07-02T02:17:00-05:00,2026_07_24.csv,6,-0.591519462457242,4.28224188577164,ACTIVE,1
TEST,2026-07-02T07:37:00-05:00,2026_07_24.csv,7,0.614162961760438,-4.48992488199224,ACTIVE,3
TEST,2026-07-02T12:59:00-05:00,2026_07_24.csv,8,-1.22480575710367,5.10254983633605,ACTIVE,1
TEST,2026-07-02T19:00:00-05:00,2026_07_24.csv,5,1.05101000675814,-2.40713848413881,QUIET,3
TEST,2026-07-02T19:58:00-05:00,2026_07_24.csv,11,-0.47349380467644,2.57777279224195,ACTIVE,0
TEST,2026-07-03T08:33:00-05:00,2026_07_24.csv,4,0.251501862378285,-2.58431368227585,ACTIVE,3
TEST,2026-07-03T10:43:00-05:00,2026_07_24.csv,5,-0.384324839866861,1.16113781738746,ACTIVE,0
TEST,2026-07-05T17:00:00-05:00,2026_07_24.csv,2,0.286550964579317,-1.63896163627115,ACTIVE,3
TEST,2026-07-05T17:05:00-05:00,2026_07_24.csv,5,-0.024023243663093,1.13407799214733,ACTIVE,0
TEST,2026-07-05T18:31:00-05:00,2026_07_24.csv,7,-0.0779660121196925,-2.31298898495925,ACTIVE,3
TEST,2026-07-05T21:51:00-05:00,2026_07_24.csv,8,-0.435497499862861,4.10459206376037,ACTIVE,1
TEST,2026-07-06T08:00:00-05:00,2026_07_24.csv,10,0.658966461908636,-1.73447968343579,QUIET,3
TEST,2026-07-06T08:30:00-05:00,2026_07_24.csv,4,1.90919960468809,2.35700025925673,QUIET,6
TEST,2026-07-06T11:10:00-05:00,2026_07_24.csv,9,0.306403750051603,-3.10586894333448,ACTIVE,3
TEST,2026-07-06T12:42:00-05:00,2026_07_24.csv,4,0.214630447026156,3.23758405722722,ACTIVE,0
TEST,2026-07-06T14:25:00-05:00,2026_07_24.csv,9,0.188427200246307,-2.90837800987682,ACTIVE,3
TEST,2026-07-07T00:28:00-05:00,2026_07_24.csv,9,-0.7036841539201,3.81003830228859,ACTIVE,1
TEST,2026-07-07T02:22:00-05:00,2026_07_24.csv,7,0.315673682787178,-1.84757929416654,ACTIVE,3
TEST,2026-07-07T06:35:00-05:00,2026_07_24.csv,6,-0.481397018490141,2.39592867489448,ACTIVE,0
TEST,2026-07-07T07:10:00-05:00,2026_07_24.csv,7,0.19757464284283,-1.15227038603762,ACTIVE,3
TEST,2026-07-07T09:42:00-05:00,2026_07_24.csv,10,-0.201905399572208,5.42204149485639,ACTIVE,1
TEST,2026-07-07T12:08:00-05:00,2026_07_24.csv,7,0.445095855220068,-3.70867903355422,ACTIVE,3
TEST,2026-07-07T19:00:00-05:00,2026_07_24.csv,9,-0.428490816544965,3.08546032280799,ACTIVE,0
TEST,2026-07-07T20:13:00-05:00,2026_07_24.csv,10,0.511612499781825,-2.81947891520435,QUIET,3
TEST,2026-07-08T02:18:00-05:00,2026_07_24.csv,12,-0.449940448021396,2.25586843268721,ACTIVE,0
TEST,2026-07-08T03:15:00-05:00,2026_07_24.csv,10,0.258061051662701,-1.51325774854526,ACTIVE,3
TEST,2026-07-08T04:15:00-05:00,2026_07_24.csv,6,-0.587273383853308,5.23087743623483,ACTIVE,1
TEST,2026-07-08T08:47:00-05:00,2026_07_24.csv,3,0.851948056990942,-4.48784498838018,QUIET,3
TEST,2026-07-08T10:30:00-05:00,2026_07_24.csv,5,0.000665719629354948,5.10119020203279,ACTIVE,1
TEST,2026-07-08T19:30:00-05:00,2026_07_24.csv,7,0.81075064689534,-2.64095050554591,QUIET,3
TEST,2026-07-08T22:19:00-05:00,2026_07_24.csv,11,0.0250766739139569,2.12139934322258,ACTIVE,0
TEST,2026-07-09T03:17:00-05:00,2026_07_24.csv,4,0.578318672095315,-2.65344600373206,QUIET,3
TEST,2026-07-09T05:56:00-05:00,2026_07_24.csv,6,-0.164929576999056,2.04338835176229,ACTIVE,0
TEST,2026-07-09T08:58:00-05:00,2026_07_24.csv,10,0.508831196557359,-4.06805826378207,ACTIVE,3
TEST,2026-07-09T09:21:00-05:00,2026_07_24.csv,7,0.74032322983509,4.63982832476685,ACTIVE,1
TEST,2026-07-09T12:30:00-05:00,2026_07_24.csv,4,0.635839064706651,-3.64792330928509,QUIET,3
TEST,2026-07-09T19:40:00-05:00,2026_07_24.csv,7,-0.131447810075734,2.66492864285447,ACTIVE,0
TEST,2026-07-09T22:07:00-05:00,2026_07_24.csv,8,0.599320267769473,-2.26689801856872,QUIET,3
TEST,2026-07-10T04:01:00-05:00,2026_07_24.csv,8,0.257287687441057,2.47118389248585,ACTIVE,0
TEST,2026-07-10T06:23:00-05:00,2026_07_24.csv,7,0.475816881191629,-1.96946348626953,QUIET,3
TEST,2026-07-10T07:05:00-05:00,2026_07_24.csv,5,-0.164400470740693,1.89040610583373,ACTIVE,0
TEST,2026-07-10T08:52:00-05:00,2026_07_24.csv,2,0.76627450543968,-3.78611888871236,QUIET,3
TEST,2026-07-10T09:33:00-05:00,2026_07_24.csv,6,1.53831461323374,4.72483232754685,ACTIVE,1
TEST,2026-07-10T14:03:00-05:00,2026_07_24.csv,5,1.03035434398824,-2.97189210618907,QUIET,3
TEST,2026-07-13T00:30:00-05:00,2026_07_24.csv,9,-0.153107660581369,3.84462382421298,ACTIVE,1
TEST,2026-07-13T06:06:00-05:00,2026_07_24.csv,6,0.43168133315934,-2.26564966740528,ACTIVE,3
TEST,2026-07-13T09:16:00-05:00,2026_07_24.csv,4,1.48652788000055,3.27950323619987,QUIET,6
TEST,2026-07-13T10:01:00-05:00,2026_07_24.csv,11,0.464920392457495,-4.0846207569014,ACTIVE,3
TEST,2026-07-13T19:08:00-05:00,2026_07_24.csv,7,-0.761767184541116,4.2666523883418,ACTIVE,1
TEST,2026-07-13T20:03:00-05:00,2026_07_24.csv,8,0.575400124401471,-2.85170824192891,QUIET,3
TEST,2026-07-13T22:21:00-05:00,2026_07_24.csv,9,-0.328801274750815,4.31099056666005,ACTIVE,1
TEST,2026-07-14T01:19:00-05:00,2026_07_24.csv,7,0.617086542597552,-2.9774780601028,QUIET,3
TEST,2026-07-14T06:12:00-05:00,2026_07_24.csv,8,-0.164225475197528,1.59592514260282,ACTIVE,0
TEST,2026-07-14T07:31:00-05:00,2026_07_24.csv,5,1.06484909881707,-4.61813311599964,QUIET,3
TEST,2026-07-14T09:16:00-05:00,2026_07_24.csv,5,0.668738064456451,4.49138556393692,ACTIVE,1
TEST,2026-07-14T13:15:00-05:00,2026_07_24.csv,5,0.772431812127177,-2.78860153239397,QUIET,3
TEST,2026-07-14T17:11:00-05:00,2026_07_24.csv,9,-0.378908440703067,1.63322012707343,ACTIVE,0
TEST,2026-07-15T02:05:00-05:00,2026_07_24.csv,7,0.687873378380168,-2.36209938550521,QUIET,3
TEST,2026-07-15T07:25:00-05:00,2026_07_24.csv,6,-0.315832828943347,2.19976774405325,ACTIVE,0
TEST,2026-07-15T08:07:00-05:00,2026_07_24.csv,7,0.480196956245002,-1.58447267643329,QUIET,3
TEST,2026-07-15T11:41:00-05:00,2026_07_24.csv,3,-1.26183530596895,4.99037142095992,ACTIVE,1
TEST,2026-07-15T19:15:00-05:00,2026_07_24.csv,8,0.414442317681641,-2.41931932185436,ACTIVE,3
TEST,2026-07-15T20:34:00-05:00,2026_07_24.csv,8,-0.390267445081122,2.67491123830271,ACTIVE,0
TEST,2026-07-16T00:30:00-05:00,2026_07_24.csv,7,0.60753387001074,-2.84269724157336,QUIET,3
TEST,2026-07-16T06:49:00-05:00,2026_07_24.csv,3,0.291144496929934,3.45053408878457,ACTIVE,1
TEST,2026-07-16T08:30:00-05:00,2026_07_24.csv,11,1.31237239790463,-0.79921968048835,QUIET,6
TEST,2026-07-17T03:42:00-05:00,2026_07_24.csv,11,-1.23361727735974,4.80465771535065,ACTIVE,1
TEST,2026-07-17T05:41:00-05:00,2026_07_24.csv,5,0.363694316764539,-3.1345765022723,ACTIVE,3
TEST,2026-07-17T08:44:00-05:00,2026_07_24.csv,15,0.158652308990302,5.7495757515682,ACTIVE,1
TEST,2026-07-17T12:11:00-05:00,2026_07_24.csv,5,0.520315158892001,-4.17581162856038,ACTIVE,3
TEST,2026-07-19T17:14:00-05:00,2026_07_24.csv,7,-0.455394190625889,2.40778393632007,ACTIVE,0
TEST,2026-07-19T19:16:00-05:00,2026_07_24.csv,8,0.522643133306324,-2.82318466200935,QUIET,3
TEST,2026-07-20T01:37:00-05:00,2026_07_24.csv,3,-0.409729509194211,1.97491102615053,ACTIVE,0
TEST,2026-07-20T08:45:00-05:00,2026_07_24.csv,13,0.60091818213372,-4.40071129121786,ACTIVE,3
TEST,2026-07-20T17:34:00-05:00,2026_07_24.csv,3,-0.580432229997448,3.33713298320607,ACTIVE,0
TEST,2026-07-21T05:36:00-05:00,2026_07_24.csv,5,0.95815253980803,-2.32178694396812,QUIET,3
TEST,2026-07-21T07:42:00-05:00,2026_07_24.csv,7,-0.184731284443493,1.24809778545878,ACTIVE,0
TEST,2026-07-21T08:30:00-05:00,2026_07_24.csv,5,1.33028632925556,-1.15983908294217,QUIET,6
TEST,2026-07-21T09:10:00-05:00,2026_07_24.csv,8,0.356637427468074,4.41255407756837,ACTIVE,1
TEST,2026-07-21T12:50:00-05:00,2026_07_24.csv,7,0.583223397491573,-2.65211672595402,QUIET,3
TEST,2026-07-21T17:48:00-05:00,2026_07_24.csv,6,-0.28536884346076,1.67350845026217,ACTIVE,0
TEST,2026-07-21T19:11:00-05:00,2026_07_24.csv,7,0.295901936509622,-1.64035554429401,ACTIVE,3
TEST,2026-07-22T02:41:00-05:00,2026_07_24.csv,4,-0.377596780565502,2.96113433683654,ACTIVE,0
TEST,2026-07-22T05:50:00-05:00,2026_07_24.csv,10,0.512883240782639,-1.83757183397003,QUIET,3
TEST,2026-07-22T07:56:00-05:00,2026_07_24.csv,3,0.349737579779347,2.83876333858198,ACTIVE,0
TEST,2026-07-22T10:27:00-05:00,2026_07_24.csv,9,0.661653587766133,-3.79133881579255,QUIET,3
TEST,2026-07-22T18:04:00-05:00,2026_07_24.csv,0,-0.209446850555742,2.83170119583877,ACTIVE,0
TEST,2026-07-22T19:51:00-05:00,2026_07_24.csv,1,0.969759197212955,-2.78029450090604,QUIET,3
TEST,2026-07-22T22:11:00-05:00,2026_07_24.csv,5,-0.398930697616565,3.69981763900756,ACTIVE,1
TEST,2026-07-23T00:32:00-05:00,2026_07_24.csv,11,0.580492756804639,-2.48620096464757,QUIET,3
TEST,2026-07-23T02:46:00-05:00,2026_07_24.csv,9,-0.255368534193545,4.51795948697618,ACTIVE,1
TEST,2026-07-23T04:03:00-05:00,2026_07_24.csv,4,0.836957252006564,-2.44659550568212,QUIET,3
TEST,2026-07-23T14:49:00-05:00,2026_07_24.csv,10,-0.876796997907219,4.26342378499662,ACTIVE,1
TEST,2026-07-23T15:33:00-05:00,2026_07_24.csv,6,0.85298067180661,-3.96498063231159,QUIET,3
TEST,2026-07-23T23:04:00-05:00,2026_07_24.csv,4,-0.748814507548461,4.28529563629971,ACTIVE,1
TEST,2026-07-24T00:48:00-05:00,2026_07_24.csv,11,0.806236529367756,-1.81169639623172,QUIET,3
TEST,2026-07-24T01:49:00-05:00,2026_07_24.csv,13,-0.39425336854219,3.23829382855757,ACTIVE,0
TEST,2026-07-24T05:00:00-05:00,2026_07_24.csv,9,0.451060829535448,-1.84251521321011,QUIET,3
TEST,2026-07-24T09:46:00-05:00,2026_07_24.csv,13,-0.280629890940063,5.16471295469741,ACTIVE,1
TEST,2026-07-24T11:10:00-05:00,2026_07_24.csv,6,0.597056137634454,-3.93667040844968,ACTIVE,3
TEST,2026-07-24T14:16:00-05:00,2026_07_24.csv,8,-0.461794883746849,4.79872505456414,ACTIVE,1
