pivot_id,symbol,timeframe,pivot_index,confirmation_index,confirmation_delay,pivot_timestamp,confirmation_timestamp,pivot_side,structure_type,structure_mode,source,pivot_open,pivot_high,pivot_low,pivot_close,pivot_price,pivot_volume,pivot_range,pivot_body,upper_wick,lower_wick,candle_direction,close_position,confirm_open,confirm_high,confirm_low,confirm_close,confirm_volume,atr_14,range_atr_ratio,body_atr_ratio,price_to_confirm_close,volume_mean_20,volume_std_20,volume_ratio_20,volume_zscore_20,previous_pivot_type,previous_pivot_price,distance_previous_pivot,bars_previous_pivot,swing_size_atr,liquidity_type,liquidity_state,swept_index,resolved_index,last_structure_event,last_structure_event_direction,bars_since_structure_event,distance_last_structure_event_atr,bos_count_previous_20,choch_count_previous_20,near_equal_level,equal_level_type,distance_equal_level_atr,bars_since_equal_level,inside_fvg,nearest_fvg_type,distance_fvg_atr,fvg_size_atr,bars_since_fvg,fvg_mitigated,active_fvg_count_50,inside_order_block,nearest_ob_type,distance_ob_atr,ob_size_atr,bars_since_ob,ob_invalidated,active_ob_count_50,bsl_count_previous_100,ssl_count_previous_100,active_bsl_count,active_ssl_count,distance_nearest_bsl_atr,distance_nearest_ssl_atr,equal_levels_previous_100,liquidity_imbalance_100,target
1,MARKET,1,2,2,0,2026-07-01T00:02:00-05:00,2026-07-01T00:02:00-05:00,LOW,L,external,ChartPrimeLow,30438.75,30441.75,30435.5,30436.75,30435.5,62,6.25,2,3,1.25,-1,0.2,30438.75,30441.75,30435.5,30436.75,62,0,0,0,0,69,5,0.898550724637681,-1.4,NONE,0,0,0,0,SSL,Resolved,21,21,NONE,NONE,-1,0,0,0,0,NONE,0,-1,0,NONE,0,0,-1,0,0,0,NONE,0,0,-1,0,0,0,1,0,1,0,0,0,-1,SWEEP
2,MARKET,1,8,8,0,2026-07-01T00:08:00-05:00,2026-07-01T00:08:00-05:00,HIGH,H,external,ChartPrimeHigh,30459.75,30463,30457.5,30460,30463,28,5.5,0.25,3,2.25,1,0.454545454545455,30459.75,30463,30457.5,30460,28,0,0,0,0,48.875,15.6639514491076,0.572890025575448,-1.33267777724051,LOW,30435.5,27.5,6,0,BSL,Detected,-1,-1,NONE,NONE,-1,0,0,0,0,NONE,0,-1,0,BULLISH_FVG,0,0,0,0,3,0,NONE,0,0,-1,0,0,1,1,1,1,0,0,0,0,NONE
3,MARKET,1,138,138,0,2026-07-01T02:18:00-05:00,2026-07-01T02:18:00-05:00,LOW,LL,external,ChartPrimeLow,30315.75,30316,30299,30312,30299,601,17,3.75,0.25,13,-1,0.764705882352941,30315.75,30316,30299,30312,601,12.0496702070041,1.41082699426233,0.311211836969632,-1.07886770149472,221.5,84.6377575317305,2.71331828442438,4.48381444720728,HIGH,30463,164,130,13.6103310034719,SSL,Resolved,454,454,BOS_DOWN,DOWN,116,11.3281108656946,0,0,0,EQL,9.19112291850312,71,0,BEARISH_FVG,3.11211836969632,0.207474557979755,3,1,3,0,BEARISH_OB,11.9712819954318,0.477191483353435,116,1,0,0,1,1,1,13.6103310034719,0,1,0,SWEEP
4,MARKET,1,365,365,0,2026-07-01T06:05:00-05:00,2026-07-01T06:05:00-05:00,HIGH,LH,external,ChartPrimeHigh,30424.5,30435.25,30424.5,30429.25,30435.25,191,10.75,4.75,6,0,1,0.441860465116279,30424.5,30435.25,30424.5,30429.25,191,7.47954256640033,1.43725366953472,0.63506557491069,0.802188094624029,97.65,64.5579390934996,1.95596518177163,1.44598791892661,LOW,30299,136.25,227,18.216354648754,BSL,Detected,-1,-1,BOS_DOWN,DOWN,343,0.0334245039426679,0,0,1,EQL,0.735339086738693,336,1,BULLISH_FVG,0,0.701914582796025,324,1,3,0,BEARISH_OB,1.06958412616537,0.768763590681361,343,1,0,1,0,2,1,0,18.216354648754,0,0.333333333333333,NONE
5,MARKET,1,515,515,0,2026-07-01T08:35:00-05:00,2026-07-01T08:35:00-05:00,LOW,LL,external,ChartPrimeLow,30117.25,30137,30087.75,30102.5,30087.75,3177,49.25,14.75,19.75,14.75,-1,0.299492385786802,30117.25,30137,30087.75,30102.5,3177,39.7964225540101,1.23754842368456,0.370636329935986,-0.370636329935986,1657.35,1974.63650515734,1.91691555796905,0.769584678512217,HIGH,30435.25,347.5,150,8.73194065442408,SSL,Resolved,897,899,BOS_DOWN,DOWN,59,5.30826608128658,0,0,0,EQH,4.95647566643209,38,0,BEARISH_FVG,1.63331264039587,0.339226471466835,0,0,1,0,BEARISH_OB,5.03185932675805,0.804092376810275,59,0,0,0,1,2,1,8.73194065442408,0,2,0.333333333333333,RUN
6,MARKET,1,631,631,0,2026-07-01T10:31:00-05:00,2026-07-01T10:31:00-05:00,HIGH,LH,external,ChartPrimeHigh,30336.5,30356.5,30329.75,30352.25,30356.5,1045,26.75,15.75,4.25,6.75,1,0.841121495327103,30336.5,30356.5,30329.75,30352.25,1045,22.510540081949,1.18833221693559,0.699672239877966,0.188800445681356,992.35,282.323444828799,1.05305587746259,0.186488231722757,LOW,30087.75,268.75,116,11.9388517122034,BSL,Detected,-1,-1,BOS_DOWN,DOWN,175,2.55435897098305,0,0,1,EQH,0.366494982793221,436,1,BULLISH_FVG,0,0.244329988528814,200,1,5,0,BEARISH_OB,1.62146265114576,1.42155629689492,175,1,0,1,0,3,1,0,11.9388517122034,1,0.5,NONE
7,MARKET,1,1084,1084,0,2026-07-01T19:04:00-05:00,2026-07-01T19:04:00-05:00,LOW,LL,external,ChartPrimeLow,29965,29981.5,29952.5,29957.25,29952.5,357,29,7.75,16.5,4.75,-1,0.163793103448276,29965,29981.5,29952.5,29957.25,357,19.4063782843445,1.49435405077077,0.399353237705981,-0.244764887626246,178.3,144.046554974425,2.00224340998317,1.24057114751358,HIGH,30356.5,404,453,20.8178978107376,SSL,Resolved,1455,1455,BOS_DOWN,DOWN,187,6.96935811609469,0,0,0,EQH,5.99029856558971,33,0,BEARISH_FVG,2.64088431386213,0.373588512692691,1,0,2,0,BEARISH_OB,7.83247640403988,1.42994223823754,187,0,0,0,1,3,1,20.8178978107376,0,1,0.5,SWEEP
8,MARKET,1,1215,1215,0,2026-07-01T21:15:00-05:00,2026-07-01T21:15:00-05:00,HIGH,LH,external,ChartPrimeHigh,30230,30239.5,30229.75,30237.5,30239.5,218,9.75,7.5,2,0.25,1,0.794871794871795,30230,30239.5,30229.75,30237.5,218,9.89809415999581,0.98503811364067,0.757721625877438,0.202059100233984,91.55,39.4442327850346,2.38121245221191,3.20579185020873,LOW,29952.5,287,131,28.9954808835766,BSL,Resolved,1830,1832,BOS_DOWN,DOWN,318,15.3312342302535,0,0,0,EQH,4.59684453032312,738,1,BULLISH_FVG,0,1.13658243881616,601,1,2,0,BEARISH_OB,4.8999331806741,3.23294560374374,759,1,0,1,0,4,1,0,28.9954808835766,0,0.6,GRAB
9,MARKET,1,1517,1517,0,2026-07-02T02:17:00-05:00,2026-07-02T02:17:00-05:00,LOW,LL,external,ChartPrimeLow,29850.75,29855,29826.25,29834.25,29826.25,311,28.75,16.5,4.25,8,-1,0.278260869565217,29850.75,29855,29826.25,29834.25,311,19.4828887166215,1.47565386314979,0.846896999720749,-0.410616727137333,231.65,88.4597507344442,1.34254262896611,0.897018127919085,HIGH,30239.5,413.25,302,21.2109203111879,SSL,Resolved,1962,1964,BOS_DOWN,DOWN,31,6.48004522513603,0,0,0,EQH,12.4468195413504,466,0,BULLISH_FVG,1.02654181784333,0.295130772629958,0,1,2,0,BEARISH_OB,7.1472974067342,0.461943818029499,31,0,1,0,1,4,1,21.2109203111879,0,0,0.6,RUN
10,MARKET,1,1837,1837,0,2026-07-02T07:37:00-05:00,2026-07-02T07:37:00-05:00,HIGH,HH,external,ChartPrimeHigh,30306.5,30320,30288,30314.5,30320,798,32,8,5.5,18.5,1,0.828125,30306.5,30320,30288,30314.5,798,29.5069446400524,1.08449046115617,0.271122615289042,0.186396798011216,565.1,526.475820907285,1.41213944434613,0.442375491430241,LOW,29826.25,493.75,320,16.7333489123706,BSL,Detected,-1,-1,CHOCH_UP,UP,7,2.72817131634599,0,1,1,EQH,0.0423629086389128,1195,1,BEARISH_FVG,0,0.305012942200172,1211,1,7,1,BEARISH_OB,0,1.08449046115617,1381,1,1,1,0,4,1,0,16.7333489123706,1,0.6,NONE
11,MARKET,1,2159,2159,0,2026-07-02T12:59:00-05:00,2026-07-02T12:59:00-05:00,LOW,LL,external,ChartPrimeLow,29333.75,29343,29328.5,29338.5,29328.5,798,14.5,4.75,4.5,5.25,1,0.689655172413793,29333.75,29343,29328.5,29338.5,798,23.2396325610444,0.623934133292009,0.204392216078417,-0.430299402270351,726.2,273.106682452114,1.09887083448086,0.262900927049228,HIGH,30320,991.5,322,42.6641857351053,SSL,Resolved,5834,5834,CHOCH_DOWN,DOWN,197,21.4181527480067,0,0,0,EQL,4.24920659741972,39,0,BEARISH_FVG,1.80725748953548,0.118332335624347,1,0,3,0,BEARISH_OB,26.3665958741158,1.93634731021658,197,0,0,0,1,4,1,42.6641857351053,0,3,0.6,SWEEP
12,MARKET,1,2460,2460,0,2026-07-02T19:00:00-05:00,2026-07-02T19:00:00-05:00,HIGH,LH,external,ChartPrimeHigh,29598.75,29638.75,29590.75,29628.75,29638.75,359,48,30,10,8,1,0.791666666666667,29598.75,29638.75,29590.75,29628.75,359,14.286201490268,3.35988541339686,2.09992838337304,0.699976127791013,54.15,41.5972054349808,6.62973222530009,7.32861731484584,LOW,29328.5,310.25,301,21.7167593647162,BSL,Resolved,2525,2527,CHOCH_DOWN,DOWN,498,13.1245523960815,0,0,0,EQL,2.04743017378871,67,1,BEARISH_FVG,0,0.507482692648484,417,1,0,0,BEARISH_OB,21.1742778656781,3.14989257505956,498,0,0,1,0,5,1,0,21.7167593647162,1,0.666666666666667,RUN
13,MARKET,1,2518,2518,0,2026-07-02T19:58:00-05:00,2026-07-02T19:58:00-05:00,LOW,HL,external,ChartPrimeLow,29538,29538,29522,29526,29522,195,16,12,0,4,-1,0.25,29538,29538,29522,29526,195,17.0192688146077,0.940110892793885,0.705083169595414,-0.235027723198471,75.3,42.5171730010357,2.58964143426295,2.81533299490736,HIGH,29638.75,116.75,58,6.85987167085538,SSL,Resolved,5793,5793,CHOCH_DOWN,DOWN,556,17.8767961957837,0,0,0,EQH,1.23389554679197,314,0,BEARISH_FVG,0.279095421298184,0.308473886697993,442,1,0,0,BEARISH_OB,24.6338432377398,2.6440618859828,556,0,0,1,1,5,2,6.85987167085538,0,0,0.428571428571429,SWEEP
14,MARKET,1,3272,3272,0,2026-07-03T08:33:00-05:00,2026-07-03T08:33:00-05:00,HIGH,HH,external,ChartPrimeHigh,29948,29955.25,29938.5,29950.5,29955.25,500,16.75,2.5,4.75,9.5,1,0.716417910447761,29948,29955.25,29938.5,29950.5,500,10.2564279688579,1.63312217965737,0.24374957905334,0.463124200201345,167.4,196.79822153668,2.9868578255675,1.6900559232849,LOW,29522,433.25,754,42.2418020499437,BSL,Resolved,3479,3479,CHOCH_UP,UP,747,30.8586967081528,0,0,1,EQH,0.463124200201345,1572,1,BULLISH_FVG,0,0.731248737160019,1560,1,4,1,BEARISH_OB,0,4.38749242296011,1310,0,0,1,0,5,2,0,42.2418020499437,1,0.428571428571429,SWEEP
15,MARKET,1,3402,3402,0,2026-07-03T10:43:00-05:00,2026-07-03T10:43:00-05:00,LOW,HL,external,ChartPrimeLow,29890.75,29896.25,29884.5,29895.5,29884.5,183,11.75,4.75,0.75,6.25,1,0.936170212765957,29890.75,29896.25,29884.5,29895.5,183,6.53562241983348,1.79783947804919,0.726786171977332,-1.68308376668435,87.9,55.2312411593294,2.08191126279863,1.72185158261533,HIGH,29955.25,70.75,130,10.8252887720834,SSL,Resolved,3483,3483,CHOCH_UP,UP,877,37.6016214238799,0,0,1,EQL,0.918045690918735,157,1,BULLISH_FVG,0,0.726786171977332,176,1,0,0,BEARISH_OB,8.6831821599397,6.88534268189051,1440,0,0,0,1,5,3,10.8252887720834,0,2,0.25,SWEEP
16,MARKET,1,3479,3479,0,2026-07-05T17:00:00-05:00,2026-07-05T17:00:00-05:00,HIGH,HH,external,ChartPrimeHigh,29930.25,29979.5,29905.25,29912.5,29979.5,697,74.25,17.75,49.25,7.25,-1,0.0976430976430976,29930.25,29979.5,29905.25,29912.5,697,11.3751070699872,6.52741108660913,1.56042487255639,5.89005444852271,78.65,52.6937140463642,8.86204704386522,11.7347962881479,LOW,29884.5,95,77,8.35156974044265,BSL,Resolved,3551,3553,CHOCH_UP,UP,954,29.9557619900614,0,0,0,EQL,1.0988907553214,1721,1,BEARISH_FVG,0,6.15378822979985,1530,1,0,1,BEARISH_OB,0,3.95600671915705,1517,0,0,1,1,5,3,0,8.35156974044265,1,0.25,RUN
17,MARKET,1,3484,3484,0,2026-07-05T17:05:00-05:00,2026-07-05T17:05:00-05:00,LOW,LL,external,ChartPrimeLow,29889,29893.5,29860.75,29889,29860.75,544,32.75,0,4.5,28.25,0,0.862595419847328,29889,29893.5,29860.75,29889,544,16.3890090054307,1.99829043898554,0,-1.72371618019363,151.15,153.511652652168,3.59907376778035,2.55908911937866,HIGH,29979.5,118.75,5,7.24570960700864,SSL,Resolved,3629,3629,CHOCH_UP,UP,959,13.545663433734,0,0,1,EQL,0.259320133303467,387,1,BEARISH_FVG,0,0.701689772468205,496,1,0,0,BEARISH_OB,4.91182840727743,2.74574258791906,1522,0,0,1,2,5,3,7.24570960700864,0,1,0.25,SWEEP
18,MARKET,1,3570,3570,0,2026-07-05T18:31:00-05:00,2026-07-05T18:31:00-05:00,HIGH,HH,external,ChartPrimeHigh,29995.25,30011.25,29994.25,30004,30011.25,205,17,8.75,7.25,1,1,0.573529411764706,29995.25,30011.25,29994.25,30004,205,11.7546838708914,1.44623200306541,0.744384119224846,0.616775413072015,140.9,175.266625459612,1.45493257629524,0.365728499832222,LOW,29860.75,150.5,86,12.8034068506674,BSL,Resolved,4450,4450,BOS_UP,UP,19,2.70105094690158,1,0,0,EQL,3.76445683150851,1812,1,BEARISH_FVG,0,5.95507295379877,1621,1,0,0,BEARISH_OB,2.12681176921385,3.82826118458492,1608,1,1,2,1,5,3,0,12.8034068506674,0,0.25,SWEEP
19,MARKET,1,3770,3770,0,2026-07-05T21:51:00-05:00,2026-07-05T21:51:00-05:00,LOW,LL,external,ChartPrimeLow,29696.5,29699.5,29683,29698,29683,211,16.5,1.5,1.5,13.5,1,0.909090909090909,29696.5,29699.5,29683,29698,211,15.1694310945773,1.08771383034255,0.0988830754856862,-0.988830754856862,141.5,63.4629813355786,1.49116607773852,1.09512661613703,HIGH,30011.25,328.25,200,21.6389130187843,SSL,Resolved,5188,5188,CHOCH_DOWN,DOWN,88,11.7176444450538,0,0,0,EQL,2.75224560101827,17,1,BULLISH_FVG,0,0.494415377428431,1200,1,2,0,BULLISH_OB,8.28969782821669,1.18659690582823,1245,0,0,0,1,5,3,21.6389130187843,0,1,0.25,SWEEP
20,MARKET,1,4379,4379,0,2026-07-06T08:00:00-05:00,2026-07-06T08:00:00-05:00,HIGH,LH,external,ChartPrimeHigh,29934.75,29938,29922,29922.75,29938,391,16,12,3.25,0.75,-1,0.046875,29934.75,29938,29922,29922.75,391,9.58792439252343,1.66876576670511,1.25157432502883,1.59054237139081,116.8,38.7783444721406,3.34760273972603,7.0709568377008,LOW,29683,255,609,26.5959544068627,BSL,Resolved,4413,4413,CHOCH_DOWN,DOWN,697,8.05700971737311,0,0,0,EQH,1.30372325523837,2679,1,BEARISH_FVG,0,0.677936092723951,752,1,1,1,BULLISH_OB,0,2.00773381306709,828,1,0,1,0,6,3,0,26.5959544068627,0,0.333333333333333,SWEEP
21,MARKET,1,4409,4409,0,2026-07-06T08:30:00-05:00,2026-07-06T08:30:00-05:00,LOW,HL,external,ChartPrimeLow,29835.75,29877,29776.25,29855.5,29776.25,4841,100.75,19.75,21.5,59.5,1,0.786600496277916,29835.75,29877,29776.25,29855.5,4841,20.5713412948184,4.89759022302436,0.960073517664825,-3.85244689999683,381.1,207.167540893838,12.7027027027027,21.527986386079,HIGH,29938,161.75,30,7.86288058138154,SSL,Resolved,5060,5062,CHOCH_DOWN,DOWN,727,4.10765631608495,0,0,0,EQH,1.02083766435247,1763,1,BEARISH_FVG,0,0.376737709463412,479,1,2,0,BEARISH_OB,4.88543739368683,0.486113173501177,727,1,0,1,1,6,4,7.86288058138154,0,0,0.2,RUN
22,MARKET,1,4569,4569,0,2026-07-06T11:10:00-05:00,2026-07-06T11:10:00-05:00,HIGH,HH,external,ChartPrimeHigh,30076.75,30094,30072.5,30090.25,30094,962,21.5,13.5,3.75,4.25,1,0.825581395348837,30076.75,30094,30072.5,30090.25,962,13.2614437065288,1.62124128230588,1.01798871214555,0.282774642262654,510.75,173.841846228116,1.88350465002447,2.59575015907198,LOW,29776.25,317.75,160,23.9604380210555,BSL,Detected,-1,-1,CHOCH_UP,UP,145,11.7634251181264,0,0,0,EQH,1.90401592456853,3518,1,BEARISH_FVG,0,4.03425156294719,2669,1,1,0,BEARISH_OB,0.79176899833543,2.09253235274364,3672,1,0,1,0,5,4,0,23.9604380210555,2,0.111111111111111,NONE
23,MARKET,1,4661,4661,0,2026-07-06T12:42:00-05:00,2026-07-06T12:42:00-05:00,LOW,HL,external,ChartPrimeLow,29907.25,29907.5,29882.25,29886.25,29882.25,1385,25.25,21,0.25,4,-1,0.158415841584158,29907.25,29907.5,29882.25,29886.25,1385,15.7330546280405,1.60490131109046,1.33476940724355,-0.254241791855914,725.35,249.327149544529,1.90942303715448,2.64572069750546,HIGH,30094,211.75,92,13.4589248563724,SSL,Resolved,4937,4937,CHOCH_UP,UP,237,3.5434949739918,0,0,1,EQH,0.174791231900941,421,1,BEARISH_FVG,0,0.778615487558736,244,1,6,1,BULLISH_OB,0,2.19283545475726,237,0,0,1,1,5,5,13.4589248563724,0,1,0,SWEEP
24,MARKET,1,4764,4764,0,2026-07-06T14:25:00-05:00,2026-07-06T14:25:00-05:00,HIGH,LH,external,ChartPrimeHigh,30047.75,30052,30040,30049,30052,637,12,1.25,3,7.75,1,0.75,30047.75,30052,30040,30049,637,11.6214017580911,1.03257767434512,0.10756017441095,0.258144418586279,504.7,126.21968943077,1.2621359223301,1.04817244121461,LOW,29882.25,169.75,103,14.606671685007,BSL,Resolved,10169,10169,CHOCH_UP,UP,340,9.80948790627861,0,0,1,EQH,0.322680523232849,279,1,BEARISH_FVG,0,0.709897151112268,182,1,1,0,BEARISH_OB,4.51752732525989,2.38783587192308,3867,1,0,1,0,6,5,0,14.606671685007,1,0.0909090909090909,SWEEP
25,MARKET,1,5307,5307,0,2026-07-07T00:28:00-05:00,2026-07-07T00:28:00-05:00,LOW,LL,external,ChartPrimeLow,29561,29571.5,29558.5,29571,29558.5,189,13,10,0.5,2.5,1,0.961538461538462,29561,29571.5,29558.5,29571,189,11.3125452337318,1.14916667570412,0.883974365926243,-1.1049679574078,134.05,71.7101631569752,1.40992167101828,0.766279109973759,HIGH,30052,493.5,543,43.6241349584601,SSL,Resolved,5792,5792,CHOCH_DOWN,DOWN,369,28.6186700968621,0,0,0,EQL,4.50826926622384,2914,1,BULLISH_FVG,0,1.30386218974121,2783,1,4,0,BULLISH_OB,0.11049679574078,1.59115385866724,2782,0,0,0,1,6,3,43.6241349584601,0,0,0.333333333333333,SWEEP
26,MARKET,1,5421,5421,0,2026-07-07T02:22:00-05:00,2026-07-07T02:22:00-05:00,HIGH,LH,external,ChartPrimeHigh,29728,29744,29728,29738.25,29744,305,16,10.25,5.75,0,1,0.640625,29728,29744,29728,29738.25,305,11.5646000219967,1.38353250173519,0.886325508924109,0.497206992811085,154.75,96.0754260984566,1.97092084006462,1.56387544767198,LOW,29558.5,185.5,114,16.0403299419924,BSL,Resolved,8484,8484,CHOCH_DOWN,DOWN,483,11.9545855228057,0,0,1,EQL,0.324265430094186,1628,1,BULLISH_FVG,0,1.49162097843326,1570,1,1,0,BULLISH_OB,10.0089929422405,2.98324195686651,997,1,0,1,0,7,3,0,16.0403299419924,1,0.4,SWEEP
27,MARKET,1,5674,5674,0,2026-07-07T06:35:00-05:00,2026-07-07T06:35:00-05:00,LOW,HL,external,ChartPrimeLow,29601.75,29606.25,29591.25,29605.25,29591.25,198,15,3.5,1,10.5,1,0.933333333333333,29601.75,29606.25,29591.25,29605.25,198,10.7139490600372,1.40004399087071,0.326676931203165,-1.30670772481266,97.55,40.0193390750022,2.02972834443875,2.51003645541826,HIGH,29744,152.75,253,14.2571146403667,SSL,Resolved,5784,5784,CHOCH_DOWN,DOWN,736,27.1608534228917,0,0,0,EQL,1.70338685555936,3281,1,BULLISH_FVG,0,1.89005938767545,364,1,3,0,BULLISH_OB,3.1734330459736,1.68005278904485,3149,0,0,0,1,7,4,14.2571146403667,0,1,0.272727272727273,SWEEP
28,MARKET,1,5709,5709,0,2026-07-07T07:10:00-05:00,2026-07-07T07:10:00-05:00,HIGH,LH,external,ChartPrimeHigh,29692.5,29716,29692.25,29702.5,29716,964,23.75,10,13.5,0.25,1,0.431578947368421,29692.5,29716,29692.25,29702.5,964,14.3125964340476,1.65937746581761,0.698685248765309,0.943225085833168,199.05,140.324792891349,4.84300427028385,5.45128187427497,LOW,29591.25,124.75,35,8.71609847834723,BSL,Resolved,8223,8223,CHOCH_DOWN,DOWN,771,11.6156422607233,0,0,1,EQL,0.611349592669646,1956,1,BULLISH_FVG,0,0.646283855107911,1865,1,4,0,BULLISH_OB,10.0436004510013,2.41046410824032,1285,1,0,1,1,8,4,0,8.71609847834723,1,0.333333333333333,SWEEP
29,MARKET,1,5861,5861,0,2026-07-07T09:42:00-05:00,2026-07-07T09:42:00-05:00,LOW,LL,external,ChartPrimeLow,29227.25,29249,29210,29238.5,29210,2156,39,11.25,10.5,17.25,1,0.730769230769231,29227.25,29249,29210,29238.5,2156,32.8698637344217,1.18649716089814,0.342258796412924,-0.867055617579407,1578.7,420.152722233237,1.36568062329765,1.37402418085376,HIGH,29716,506,152,15.3940400875502,SSL,Resolved,6862,6864,BOS_DOWN,DOWN,76,11.5987703228824,0,0,0,EQL,6.46488837668856,38,0,BEARISH_FVG,2.2665138073567,0.190143775784958,15,1,3,0,BULLISH_OB,10.0167741083516,0.547614074260678,3336,1,0,0,1,8,1,15.3940400875502,0,1,0.777777777777778,RUN
30,MARKET,1,6007,6007,0,2026-07-07T12:08:00-05:00,2026-07-07T12:08:00-05:00,HIGH,LH,external,ChartPrimeHigh,29569.25,29580.75,29566.25,29568.25,29580.75,772,14.5,1,11.5,2,-1,0.137931034482759,29569.25,29580.75,29566.25,29568.25,772,18.4799288385345,0.784635056048725,0.054112762486119,0.676409531076487,683.6,212.840879532105,1.12931538911644,0.415333746949048,LOW,29210,370.75,146,20.0623066917286,BSL,Resolved,7769,7769,BOS_DOWN,DOWN,222,0.568184006104249,0,0,0,EQL,1.55574192147592,3614,1,BEARISH_FVG,0,1.12283982158697,213,1,1,0,BULLISH_OB,1.2716499184238,0.974029724750142,3482,1,0,1,0,9,1,0,20.0623066917286,1,0.8,SWEEP
31,MARKET,1,6359,6359,0,2026-07-07T19:00:00-05:00,2026-07-07T19:00:00-05:00,LOW,HL,external,ChartPrimeLow,29300,29320,29266,29270.5,29266,733,54,29.5,20,4.5,-1,0.0833333333333333,29300,29320,29266,29270.5,733,14.7234821076343,3.66761066473538,2.00360212240173,-0.305634222061281,128.15,50.6569590480913,5.71985953960203,11.940116646674,HIGH,29580.75,314.75,352,21.3774158652863,SSL,Resolved,6857,6857,BOS_DOWN,DOWN,574,22.0905623834293,0,0,1,EQL,0.390532617078304,445,0,BEARISH_FVG,1.03576041920768,0.118857753023832,497,1,2,0,BULLISH_OB,18.5587891507211,1.22253688824513,3834,1,0,0,1,9,2,21.3774158652863,0,1,0.636363636363636,SWEEP
32,MARKET,1,6432,6432,0,2026-07-07T20:13:00-05:00,2026-07-07T20:13:00-05:00,HIGH,LH,external,ChartPrimeHigh,29544.5,29558.75,29543.5,29555.25,29558.75,316,15.25,10.75,3.5,1,1,0.770491803278688,29544.5,29558.75,29543.5,29555.25,316,14.1952030004851,1.07430658085544,0.757298081586623,0.24656216609797,187.45,87.1977493975619,1.68578287543345,1.47423529721966,LOW,29266,292.75,73,20.6231640357659,BSL,Resolved,7750,7750,BOS_DOWN,DOWN,647,2.28950582805258,0,0,1,EQH,0.158504249634409,350,1,BEARISH_FVG,0,0.669240165123062,421,1,6,0,BULLISH_OB,0.105669499756273,1.26803399707528,3907,1,0,1,1,10,2,0,20.6231640357659,0,0.666666666666667,SWEEP
33,MARKET,1,6797,6797,0,2026-07-08T02:18:00-05:00,2026-07-08T02:18:00-05:00,LOW,HL,external,ChartPrimeLow,29284.75,29297,29281,29290.75,29281,202,16,6,6.25,3.75,1,0.609375,29284.75,29297,29281,29290.75,202,14.5835872372451,1.09712375561052,0.411421408353945,-0.668559788575161,142.1,56.1220990341594,1.42153413089374,1.06731574604045,HIGH,29558.75,277.75,365,19.0453826950514,SSL,Resolved,6856,6857,BOS_DOWN,DOWN,1012,21.2739153236353,0,0,1,EQL,0,0,0,BEARISH_FVG,0.239995821539801,0.42856396703536,951,1,1,0,BULLISH_OB,17.7082631179011,1.23426422506184,4272,1,0,0,1,10,3,19.0453826950514,0,3,0.538461538461538,GRAB
34,MARKET,1,6854,6854,0,2026-07-08T03:15:00-05:00,2026-07-08T03:15:00-05:00,HIGH,LH,external,ChartPrimeHigh,29409.25,29414.75,29397,29399,29414.75,151,17.75,10.25,5.5,2,-1,0.112676056338028,29409.25,29414.75,29397,29399,151,15.1685701000011,1.17018281110088,0.675739369790648,1.03833122675148,122.7,59.8958262318836,1.23064384678077,0.472487012541375,LOW,29281,133.75,57,8.81757470336578,BSL,Resolved,7403,7405,BOS_DOWN,DOWN,1069,11.6359023188341,0,0,1,EQL,0.510924889353905,1031,1,BEARISH_FVG,0,0.131851584349395,176,1,4,0,BULLISH_OB,8.20776112574983,1.18666425914455,4329,1,0,1,1,11,3,0,8.81757470336578,2,0.571428571428571,RUN
35,MARKET,1,6914,6914,0,2026-07-08T04:15:00-05:00,2026-07-08T04:15:00-05:00,LOW,LL,external,ChartPrimeLow,28914.75,28926.5,28909.75,28920,28909.75,417,16.75,5.25,6.5,5,1,0.611940298507463,28914.75,28926.5,28909.75,28920,417,25.540998677983,0.655808342155348,0.205551868436751,-0.401315552662228,384.5,142.20214485021,1.08452535760728,0.228547888881945,HIGH,29414.75,505,60,19.7721321067732,SSL,Resolved,16173,16173,BOS_DOWN,DOWN,58,14.5354535537417,0,0,0,EQL,14.1732907379245,1000,0,BEARISH_FVG,1.85975500014203,0.342586447394585,5,1,3,0,BEARISH_OB,19.086959211984,0.616655605310253,58,0,0,1,1,11,1,19.7721321067732,0,0,0.833333333333333,SWEEP
36,MARKET,1,7186,7186,0,2026-07-08T08:47:00-05:00,2026-07-08T08:47:00-05:00,HIGH,LH,external,ChartPrimeHigh,29390,29399,29355.5,29365,29399,1629,43.5,25,9,9.5,-1,0.218390804597701,29390,29399,29355.5,29365,1629,39.5151030530586,1.10084490837822,0.632669487573687,0.860430503100214,2179.1,1078.41916247812,0.7475563305952,-0.510098502641512,LOW,28909.75,489.25,272,12.3813418718171,BSL,Resolved,7400,7403,BOS_DOWN,DOWN,330,2.9861999813478,0,0,1,EQL,0,509,1,BEARISH_FVG,0,1.20207202639001,945,1,2,1,BEARISH_OB,0,0.398581777171423,330,0,0,1,0,12,1,0,12.3813418718171,1,0.846153846153846,RUN
37,MARKET,1,7289,7289,0,2026-07-08T10:30:00-05:00,2026-07-08T10:30:00-05:00,LOW,HL,external,ChartPrimeLow,29058,29075,29034,29054.75,29034,1598,41,3.25,17,20.75,-1,0.50609756097561,29058,29075,29034,29054.75,1598,30.4080000824421,1.34832938334783,0.106879768192206,-0.682386212304087,1098.1,319.145405732246,1.45524087059466,1.56637066058661,HIGH,29399,365,103,12.0034201200478,SSL,Resolved,16033,16033,BOS_DOWN,DOWN,433,8.12286238260768,0,0,1,EQL,0.180873453863734,281,1,BULLISH_FVG,0,2.4171270652699,225,1,3,0,BEARISH_OB,11.9458694756366,0.517955799700692,433,0,0,0,1,12,2,12.0034201200478,0,1,0.714285714285714,SWEEP
38,MARKET,1,7769,7769,0,2026-07-08T19:30:00-05:00,2026-07-08T19:30:00-05:00,HIGH,HH,external,ChartPrimeHigh,29563.25,29583,29563.25,29569.25,29583,490,19.75,6,13.75,0,1,0.30379746835443,29563.25,29583,29563.25,29569.25,490,15.5670849937375,1.2687025225304,0.385428614439617,0.883273908090788,190,97.3247142302509,2.57894736842105,3.08246474056178,LOW,29034,549,480,35.2667182212249,BSL,Resolved,8050,8050,CHOCH_UP,UP,368,11.8198108428149,0,0,0,EQH,1.41323825294526,1687,1,BEARISH_FVG,0,1.33294062493701,1975,1,3,0,BEARISH_OB,1.60595256016507,0.722678652074281,1984,1,0,1,0,9,2,0,35.2667182212249,0,0.636363636363636,SWEEP
39,MARKET,1,7938,7938,0,2026-07-08T22:19:00-05:00,2026-07-08T22:19:00-05:00,LOW,HL,external,ChartPrimeLow,29405.25,29412,29396.5,29411.25,29396.5,82,15.5,6,0.75,8.75,1,0.951612903225806,29405.25,29412,29396.5,29411.25,82,14.6123138997887,1.06074918088258,0.410612586148094,-1.00942260761407,122,48.1445739414111,0.672131147540984,-0.830830906275699,HIGH,29583,186.5,169,12.7632078861033,SSL,Resolved,11677,11677,CHOCH_UP,UP,537,0.171088577561706,0,0,1,EQL,0.171088577561706,1261,1,BEARISH_FVG,0,0.0342177155123412,442,1,4,0,BEARISH_OB,0.0513265732685118,1.07785803863875,1082,1,0,0,1,9,3,12.7632078861033,0,1,0.5,SWEEP
40,MARKET,1,8236,8236,0,2026-07-09T03:17:00-05:00,2026-07-09T03:17:00-05:00,HIGH,HH,external,ChartPrimeHigh,29725.5,29735.75,29725.5,29729.25,29735.75,159,10.25,3.75,6.5,0,1,0.365853658536585,29725.5,29735.75,29725.5,29729.25,159,12.6057042742612,0.813123945873364,0.297484370441475,0.51563957543189,157.5,63.5417185792138,1.00952380952381,0.0236065380908771,LOW,29396.5,339.25,298,26.9124193792721,BSL,Resolved,8483,8484,BOS_UP,UP,142,12.1175300226494,0,0,1,EQL,0.872620819961659,4483,1,BULLISH_FVG,0,1.36842810403078,4385,1,2,0,BEARISH_OB,9.24184777504848,0.892453111324424,2451,1,0,1,0,8,3,0,26.9124193792721,0,0.454545454545455,GRAB
41,MARKET,1,8395,8395,0,2026-07-09T05:56:00-05:00,2026-07-09T05:56:00-05:00,LOW,HL,external,ChartPrimeLow,29577.75,29580.5,29564.5,29571.5,29564.5,117,16,6.25,2.75,7,-1,0.4375,29577.75,29580.5,29564.5,29571.5,117,12.5764513203874,1.27221897436702,0.496960536862117,-0.556595801285571,137.4,112.971412313027,0.851528384279476,-0.180576657247363,HIGH,29735.75,171.25,159,13.616718710022,SSL,Resolved,10829,10829,BOS_UP,UP,301,1.47100318911187,0,0,1,EQH,0.278297900642785,2313,1,BULLISH_FVG,0,2.34565373398919,343,1,1,0,BULLISH_OB,0.0198784214744847,0.636109487183509,301,1,0,0,1,8,4,13.616718710022,0,0,0.333333333333333,SWEEP
42,MARKET,1,8577,8577,0,2026-07-09T08:58:00-05:00,2026-07-09T08:58:00-05:00,HIGH,HH,external,ChartPrimeHigh,29925.5,29931.25,29916.75,29921.75,29931.25,880,14.5,3.75,5.75,5,-1,0.344827586206897,29925.5,29931.25,29916.75,29921.75,880,27.7959248428615,0.521659202993703,0.134911862843199,0.341776719202771,1862.65,546.244842080912,0.472445172200897,-1.79891858796618,LOW,29564.5,366.75,182,13.1943801860649,BSL,Resolved,8765,8767,BOS_UP,UP,94,7.03340511622544,0,0,1,EQL,0.629588693268262,5284,1,BEARISH_FVG,0,0.512665078804156,3670,1,3,1,BULLISH_OB,0,0.692547562595088,5026,1,0,1,0,7,4,0,13.1943801860649,1,0.272727272727273,RUN
43,MARKET,1,8600,8600,0,2026-07-09T09:21:00-05:00,2026-07-09T09:21:00-05:00,LOW,HL,external,ChartPrimeLow,29641.75,29651.75,29614.5,29641.25,29614.5,2726,37.25,0.5,10,26.75,-1,0.718120805369127,29641.75,29651.75,29614.5,29641.25,2726,38.1984340617457,0.975170865375984,0.0130895418171273,-0.700290487216311,1779.95,878.413255535229,1.53150369392399,1.07699877482331,HIGH,29931.25,316.75,23,8.29222474115015,SSL,Resolved,10790,10791,BOS_UP,UP,117,3.17421389065337,0,0,1,EQL,0.130895418171273,6207,1,BULLISH_FVG,0,0.287969919976801,179,1,2,1,BEARISH_OB,0,0.294514690885364,2815,1,0,1,1,7,5,8.29222474115015,0,1,0.166666666666667,GRAB
44,MARKET,1,8789,8789,0,2026-07-09T12:30:00-05:00,2026-07-09T12:30:00-05:00,HIGH,HH,external,ChartPrimeHigh,29988.75,29993.5,29981,29985,29993.5,695,12.5,3.75,4.75,4,-1,0.32,29988.75,29993.5,29981,29985,695,9.20035689329869,1.35864294667794,0.407592884003381,0.923877203740997,601.2,499.360150592736,1.15602129075183,0.187840379110468,LOW,29614.5,379,189,41.194054143275,BSL,Resolved,10094,10097,BOS_UP,UP,24,6.76604187445612,0,0,1,EQL,0.706494332272527,4282,1,BULLISH_FVG,0,0.407592884003381,4052,1,1,0,BEARISH_OB,0.788012909073203,4.89111460804057,6827,1,1,1,0,7,5,0,41.194054143275,1,0.166666666666667,RUN
45,MARKET,1,9159,9159,0,2026-07-09T19:40:00-05:00,2026-07-09T19:40:00-05:00,LOW,HL,external,ChartPrimeLow,29805,29818.25,29804.25,29812,29804.25,149,14,7,6.25,0.75,1,0.553571428571429,29805,29818.25,29804.25,29812,149,14.6515269354749,0.955531806456472,0.477765903228236,-0.528955107145547,191.4,103.182556665359,0.778474399164054,-0.410922169117319,HIGH,29993.5,189.25,370,12.9167424551348,SSL,Resolved,9500,9502,BOS_UP,UP,394,8.66803852999799,0,0,0,EQL,1.51861304954689,7633,1,BULLISH_FVG,0,1.00672101037378,4051,1,2,0,BULLISH_OB,3.78800108988101,2.3547033801963,4735,1,0,0,1,7,6,12.9167424551348,0,1,0.0769230769230769,RUN
46,MARKET,1,9306,9306,0,2026-07-09T22:07:00-05:00,2026-07-09T22:07:00-05:00,HIGH,LH,external,ChartPrimeHigh,29955.75,29963.5,29955.75,29960.5,29963.5,118,7.75,4.75,3,0,1,0.612903225806452,29955.75,29963.5,29955.75,29960.5,118,7.74080993563897,1.00118722258232,0.613630878356905,0.387556344225414,105.35,73.1035395859872,1.12007593735168,0.17304223669116,LOW,29804.25,159.25,147,20.5727826059657,BSL,Resolved,9951,9951,BOS_UP,UP,541,4.1662307004232,0,0,1,EQL,0.452149068262983,7548,1,BEARISH_FVG,0,0.129185448075138,465,1,5,1,BEARISH_OB,0,5.8133451633812,7344,1,0,1,0,8,6,0,20.5727826059657,0,0.142857142857143,SWEEP
47,MARKET,1,9660,9660,0,2026-07-10T04:01:00-05:00,2026-07-10T04:01:00-05:00,LOW,LL,external,ChartPrimeLow,29771.75,29771.75,29717.25,29736,29717.25,1158,54.5,35.75,0,18.75,-1,0.344036697247706,29771.75,29771.75,29717.25,29736,1158,12.6956693455693,4.29280241289682,2.81592084882682,-1.47688156407001,69.8,46.931439355724,16.5902578796562,23.1870152490279,HIGH,29963.5,246.25,354,19.3963778747861,SSL,Resolved,9992,9992,CHOCH_DOWN,DOWN,160,6.85273045728484,0,0,1,EQL,0.492293854690003,1027,1,BULLISH_FVG,0,2.28424348576161,1052,1,0,1,BULLISH_OB,0,1.16181349706841,1177,1,0,0,1,8,6,19.3963778747861,0,0,0.142857142857143,SWEEP
48,MARKET,1,9802,9802,0,2026-07-10T06:23:00-05:00,2026-07-10T06:23:00-05:00,HIGH,LH,external,ChartPrimeHigh,29884.25,29887.75,29884,29886,29887.75,48,3.75,1.75,1.75,0.25,1,0.533333333333333,29884.25,29887.75,29884,29886,48,6.31308308470172,0.594004537828316,0.277202117653214,0.277202117653214,95.5,45.9015250291317,0.50261780104712,-1.03482400573519,LOW,29717.25,170.5,142,27.0074063199274,BSL,Resolved,9930,9930,CHOCH_DOWN,DOWN,302,13.2265010423105,0,0,1,EQH,0,0,1,BEARISH_FVG,0,0.435603327740765,550,1,3,1,BULLISH_OB,0,5.4648417480205,5378,1,0,1,0,9,6,0,27.0074063199274,3,0.2,SWEEP
49,MARKET,1,9844,9844,0,2026-07-10T07:05:00-05:00,2026-07-10T07:05:00-05:00,LOW,HL,external,ChartPrimeLow,29783.5,29787.75,29771.25,29782.75,29771.25,350,16.5,0.75,4.25,11.5,-1,0.696969696969697,29783.5,29787.75,29771.25,29782.75,350,11.2253136959223,1.46989210697905,0.0668132775899567,-1.02447025637934,129.6,65.2069014752273,2.70061728395062,3.38001032120399,HIGH,29887.75,116.5,42,10.3783291189733,SSL,Resolved,9991,9992,CHOCH_DOWN,DOWN,344,2.93978421395809,0,0,1,EQH,0.712674960959538,1230,1,BULLISH_FVG,0,0.334066387949783,174,1,4,0,BEARISH_OB,3.8528990076875,0.467692943129697,344,1,0,1,1,9,7,10.3783291189733,0,1,0.125,GRAB
50,MARKET,1,9951,9951,0,2026-07-10T08:52:00-05:00,2026-07-10T08:52:00-05:00,HIGH,HH,external,ChartPrimeHigh,29930.75,29968.5,29928.75,29960.5,29968.5,2433,39.75,29.75,8,2,1,0.79874213836478,29930.75,29968.5,29928.75,29960.5,2433,32.0516435285087,1.24018601307118,0.928189531795413,0.249597185020615,1720.6,522.056931761278,1.41404161339068,1.36460212796439,LOW,29771.25,197.25,107,6.15413059316454,BSL,Resolved,10044,10044,CHOCH_UP,UP,20,2.51937158630183,0,0,1,EQL,0.0467994721913653,8193,1,BULLISH_FVG,0,0.124798592510308,1125,1,2,1,BEARISH_OB,0,1.40398416574096,7989,1,0,1,0,8,7,0,6.15413059316454,2,0.0666666666666667,SWEEP
51,MARKET,1,9992,9992,0,2026-07-10T09:33:00-05:00,2026-07-10T09:33:00-05:00,LOW,LL,external,ChartPrimeLow,29761.25,29835,29675,29832.5,29675,4347,160,71.25,2.5,86.25,1,0.984375,29761.25,29835,29675,29832.5,4347,50.3415930777691,3.17828638741781,1.41533065689699,-3.1286256626144,1327.4,501.727655207484,3.27482296218171,6.01840454409729,HIGH,29968.5,293.5,41,5.83016909191954,SSL,Resolved,10739,10739,CHOCH_DOWN,DOWN,1,1.91193790493102,0,1,1,EQL,0.0645589422444242,4498,1,BULLISH_FVG,0,0.337692928663142,1548,1,0,0,BULLISH_OB,0.61082691508186,0.292998276340079,1509,1,1,1,1,8,6,5.83016909191954,0,1,0.142857142857143,SWEEP
52,MARKET,1,10262,10262,0,2026-07-10T14:03:00-05:00,2026-07-10T14:03:00-05:00,HIGH,HH,external,ChartPrimeHigh,30049.75,30077.75,30049.25,30073.5,30077.75,1080,28.5,23.75,4.25,0.5,1,0.850877192982456,30049.75,30077.75,30049.25,30073.5,1080,9.3347154793747,3.05311930106188,2.54426608421823,0.455289720333789,325.25,83.6318569685021,3.32052267486549,9.02467106863665,LOW,29675,402.75,270,43.1453964386902,BSL,Detected,-1,-1,CHOCH_UP,UP,216,11.7036239874039,0,0,1,EQH,0.964142937177436,9211,1,BEARISH_FVG,0,5.73129412655476,8362,1,1,0,BEARISH_OB,2.86564706327738,2.97277405629709,9365,1,0,1,0,6,6,0,43.1453964386902,0,0,NONE
53,MARKET,1,10829,10829,0,2026-07-13T00:30:00-05:00,2026-07-13T00:30:00-05:00,LOW,LL,external,ChartPrimeLow,29585,29585,29542.75,29572.25,29542.75,662,42.25,12.75,0,29.5,-1,0.698224852071006,29585,29585,29542.75,29572.25,662,14.92161152097,2.83146360837931,0.854465349274228,-1.97699825910508,167.25,71.4806792077412,3.95814648729447,6.92145074002626,HIGH,30077.75,535,567,35.854036224448,SSL,Resolved,11324,11324,CHOCH_DOWN,DOWN,89,8.86298372090327,0,0,1,EQL,0.485872453508875,4792,1,BULLISH_FVG,0,1.97699825910508,2777,1,4,1,BULLISH_OB,0,1.20630402250479,8304,1,0,0,1,6,4,35.854036224448,0,0,0.2,SWEEP
54,MARKET,1,11165,11165,0,2026-07-13T06:06:00-05:00,2026-07-13T06:06:00-05:00,HIGH,LH,external,ChartPrimeHigh,29793,29799.75,29786,29786,29799.75,222,13.75,7,6.75,0,-1,0,29793,29799.75,29786,29786,222,11.0445340358883,1.24495971992304,0.633797675597185,1.24495971992304,110.2,126.725135628256,2.01451905626134,0.882224346778063,LOW,29542.75,257,336,23.2694289469252,BSL,Resolved,12629,12631,CHOCH_DOWN,DOWN,425,11.2951800043927,0,0,1,EQL,0.746975831953825,1254,1,BEARISH_FVG,0,0.294263206527264,558,1,1,0,BULLISH_OB,0.973332144667105,1.56185855772163,1234,1,0,1,0,7,4,0,23.2694289469252,0,0.272727272727273,RUN
55,MARKET,1,11355,11355,0,2026-07-13T09:16:00-05:00,2026-07-13T09:16:00-05:00,LOW,LL,external,ChartPrimeLow,29643.75,29654.25,29488.5,29557.25,29488.5,3341,165.75,86.5,10.5,68.75,-1,0.414781297134238,29643.75,29654.25,29488.5,29557.25,3341,41.3970100421405,4.00391235577819,2.08952288853583,-1.66074796054148,1477.05,568.714205467034,2.26194103110931,3.27748099499168,HIGH,29799.75,311.25,190,7.51865894863325,SSL,Resolved,11494,11496,BOS_DOWN,DOWN,25,1.31048111795455,0,0,1,EQH,0.138898920336197,9233,1,BULLISH_FVG,0,0.241563339715124,3281,1,1,0,BULLISH_OB,1.22593394905426,0.434814011487224,8830,1,0,0,1,7,4,7.51865894863325,0,1,0.272727272727273,RUN
56,MARKET,1,11400,11400,0,2026-07-13T10:01:00-05:00,2026-07-13T10:01:00-05:00,HIGH,LH,external,ChartPrimeHigh,29745.5,29752.5,29733.75,29740,29752.5,1269,18.75,5.5,7,6.25,-1,0.333333333333333,29745.5,29752.5,29733.75,29740,1269,26.9647237959161,0.695352941194961,0.203970196083855,0.463568627463307,1078.5,370.73406911154,1.17663421418637,0.513845410691634,LOW,29488.5,264,45,9.79056941202505,BSL,Resolved,12629,12631,BOS_DOWN,DOWN,70,7.7786815688343,0,0,1,EQH,0.101985098041928,8754,1,BEARISH_FVG,0,0.287412549027251,186,1,4,0,BULLISH_OB,1.18673568630607,0.547010980406703,2917,1,0,1,1,8,4,0,9.79056941202505,1,0.333333333333333,RUN
57,MARKET,1,11887,11887,0,2026-07-13T19:08:00-05:00,2026-07-13T19:08:00-05:00,LOW,LL,external,ChartPrimeLow,29337.25,29341.5,29325.75,29341.5,29325.75,208,15.75,4.25,0,11.5,1,1,29337.25,29341.5,29325.75,29341.5,208,23.2102153378792,0.678580520289096,0.183109029284359,-0.678580520289096,257.3,144.704215557115,0.808394869801788,-0.340694981208348,HIGH,29752.5,426.75,487,18.3863007640236,SSL,Resolved,12076,12078,BOS_DOWN,DOWN,393,7.01199870965399,0,0,1,EQH,0,6010,1,BULLISH_FVG,0,0.484700371635069,4665,1,3,0,BULLISH_OB,0.990942982009474,0.42007365541706,4486,1,0,0,1,8,3,18.3863007640236,0,1,0.454545454545455,RUN
58,MARKET,1,11942,11942,0,2026-07-13T20:03:00-05:00,2026-07-13T20:03:00-05:00,HIGH,LH,external,ChartPrimeHigh,29533.25,29541.25,29529.5,29531,29541.25,183,11.75,2.25,8,1.5,-1,0.127659574468085,29533.25,29541.25,29529.5,29531,183,20.6550622289474,0.568867809244979,0.108932133685209,0.496246386788173,207.8,86.5757471812978,0.88065447545717,-0.286454357108423,LOW,29325.75,215.5,55,10.4332776929611,BSL,Resolved,12193,12197,BOS_DOWN,DOWN,448,2.55385335639767,0,0,1,EQL,0.278382119417756,5905,1,BULLISH_FVG,0,0.45993567555977,421,1,3,1,BULLISH_OB,0,0.87145706948167,9417,1,0,1,1,9,3,0,10.4332776929611,0,0.5,GRAB
59,MARKET,1,12080,12080,0,2026-07-13T22:21:00-05:00,2026-07-13T22:21:00-05:00,LOW,LL,external,ChartPrimeLow,29313.25,29319.75,29303.5,29305.25,29303.5,326,16.25,8,6.5,1.75,-1,0.107692307692308,29313.25,29319.75,29303.5,29305.25,326,13.1874768862115,1.23222964788591,0.606636134343832,-0.132701654387713,143.25,75.3265391478993,2.27574171029668,2.42610376193152,HIGH,29541.25,237.75,138,18.0284676175308,SSL,Resolved,15465,15465,BOS_DOWN,DOWN,4,1.68720674864378,1,0,1,EQL,0.473934479956119,4716,1,BULLISH_FVG,0,0.663508271938566,4719,1,5,0,BEARISH_OB,1.80095102383325,0.530806617550853,4,0,1,0,1,9,3,18.0284676175308,0,0,0.5,SWEEP
60,MARKET,1,12258,12258,0,2026-07-14T01:19:00-05:00,2026-07-14T01:19:00-05:00,HIGH,HH,external,ChartPrimeHigh,29637.25,29649.75,29635.25,29641.5,29649.75,350,14.5,4.25,8.25,2,1,0.431034482758621,29637.25,29649.75,29635.25,29641.5,350,10.811783796238,1.34112929681828,0.39308962148122,0.763056324051781,112.75,40.7183926500052,3.10421286031042,5.82660524051824,LOW,29303.5,346.25,178,32.0252426912641,BSL,Resolved,12563,12565,CHOCH_UP,UP,65,10.0353468072264,0,0,1,EQH,0.1156145945533,1335,1,BULLISH_FVG,0,0.32372086474924,862,1,0,0,BEARISH_OB,2.82099610710052,1.0405313509797,6473,1,0,1,0,9,3,0,32.0252426912641,0,0.5,RUN
61,MARKET,1,12551,12551,0,2026-07-14T06:12:00-05:00,2026-07-14T06:12:00-05:00,LOW,HL,external,ChartPrimeLow,29568.75,29576.25,29555,29567.5,29555,213,21.25,1.25,7.5,12.5,-1,0.588235294117647,29568.75,29576.25,29555,29567.5,213,15.4110093502302,1.37888437525882,0.0811108456034601,-0.811108456034601,174.55,146.382196663392,1.2202807218562,0.2626685544856,HIGH,29649.75,94.75,293,6.14820209674227,SSL,Resolved,14141,14142,CHOCH_UP,UP,358,0.892219301638061,0,0,1,EQH,0.389332058896608,6469,1,BEARISH_FVG,0,0.746219779551833,1219,1,0,1,BULLISH_OB,0,1.16799617668982,10026,1,0,0,1,9,4,6.14820209674227,0,1,0.384615384615385,GRAB
62,MARKET,1,12630,12630,0,2026-07-14T07:31:00-05:00,2026-07-14T07:31:00-05:00,HIGH,HH,external,ChartPrimeHigh,29903.5,29921.75,29858.75,29906,29921.75,2109,63,2.5,15.75,44.75,1,0.75,29903.5,29921.75,29858.75,29906,2109,33.2625949840663,1.89401939416269,0.0751594997683605,0.473504848540671,441.65,914.91099430491,4.77527453866184,1.82241771098919,LOW,29555,366.75,79,11.0258986160185,BSL,Resolved,13279,13280,BOS_UP,UP,67,8.17735357479763,0,0,1,EQL,0.232994449281918,3555,1,BULLISH_FVG,0,0.85681829735931,2127,1,4,1,BEARISH_OB,0,0.586244098193212,2639,1,0,1,1,9,4,0,11.0258986160185,1,0.384615384615385,GRAB
63,MARKET,1,12735,12735,0,2026-07-14T09:16:00-05:00,2026-07-14T09:16:00-05:00,LOW,HL,external,ChartPrimeLow,29614.75,29621.25,29567.5,29605.5,29567.5,2984,53.75,9.25,6.5,38,-1,0.706976744186047,29614.75,29621.25,29567.5,29605.5,2984,39.630910181266,1.35626458625743,0.233403672983837,-0.958847521447112,1350.15,538.062847165645,2.21012480094804,3.03654119329487,HIGH,29921.75,354.25,105,8.93872985454315,SSL,Resolved,14141,14142,BOS_UP,UP,172,2.07540022734276,0,0,1,EQH,0.16401339182648,6653,1,BULLISH_FVG,0,0.523581212369147,430,1,1,1,BEARISH_OB,0,0.946231106691229,1405,1,0,0,1,7,5,8.93872985454315,0,0,0.166666666666667,GRAB
64,MARKET,1,12974,12974,0,2026-07-14T13:15:00-05:00,2026-07-14T13:15:00-05:00,HIGH,LH,external,ChartPrimeHigh,29868.75,29878.25,29866,29866,29878.25,612,12.25,2.75,9.5,0,-1,0,29868.75,29878.25,29866,29866,612,9.16083968344411,1.33721366417303,0.300190822569456,1.33721366417303,340.95,110.098807895454,1.79498460184778,2.46187951696426,LOW,29567.5,310.75,239,33.9215629503485,BSL,Resolved,13230,13230,BOS_UP,UP,411,24.9431283480439,0,0,1,EQH,0.327480897348497,3519,1,BEARISH_FVG,0,0.845992318150284,338,1,0,1,BULLISH_OB,0,3.76603031950772,8550,1,0,1,0,8,5,0,33.9215629503485,0,0.230769230769231,SWEEP
65,MARKET,1,13150,13150,0,2026-07-14T17:11:00-05:00,2026-07-14T17:11:00-05:00,LOW,HL,external,ChartPrimeLow,29762.5,29763.5,29745.5,29748.5,29745.5,173,18,14,1,3,-1,0.166666666666667,29762.5,29763.5,29745.5,29748.5,173,8.91260851313734,2.01961075407583,1.5708083642812,-0.336601792345972,83,61.8223260642949,2.08433734939759,1.45578475818591,HIGH,29878.25,132.75,176,14.8946293113093,SSL,Resolved,14120,14120,BOS_UP,UP,587,10.7432072057089,0,0,1,EQL,0.252451344259479,9357,1,BULLISH_FVG,0,1.5708083642812,375,1,1,0,BULLISH_OB,2.80501493621644,1.6549588123677,4667,1,0,0,1,8,6,14.8946293113093,0,1,0.142857142857143,SWEEP
66,MARKET,1,13684,13684,0,2026-07-15T02:05:00-05:00,2026-07-15T02:05:00-05:00,HIGH,HH,external,ChartPrimeHigh,30046.5,30062.5,30045.75,30054,30062.5,238,16.75,7.5,8.5,0.75,1,0.492537313432836,30046.5,30062.5,30045.75,30054,238,11.7443789057442,1.42621420293308,0.638603374447646,0.723750491040666,102.45,85.2581227801786,2.32308443142997,1.58987783896544,LOW,29745.5,317,534,26.9916359599872,BSL,Detected,-1,-1,BOS_UP,UP,433,15.6883562322638,0,0,1,EQH,0.468309141261607,3387,1,BEARISH_FVG,0,7.25879168955491,3303,1,1,0,BEARISH_OB,3.57617889690682,2.36283248545629,12787,1,0,1,0,7,6,0,26.9916359599872,3,0.0769230769230769,NONE
67,MARKET,1,14004,14004,0,2026-07-15T07:25:00-05:00,2026-07-15T07:25:00-05:00,LOW,HL,external,ChartPrimeLow,29866.5,29869.5,29856.25,29863.75,29856.25,144,13.25,2.75,3,7.5,-1,0.566037735849057,29866.5,29869.5,29856.25,29863.75,144,9.82233194311136,1.34896683157736,0.279974248063225,-0.763566131081523,99,64.9291922019672,1.45454545454545,0.693062680651009,HIGH,30062.5,206.25,320,20.9980686047419,SSL,Resolved,14077,14077,BOS_UP,UP,753,2.2397939845058,0,0,1,EQH,0.43268747427953,12023,1,BULLISH_FVG,0,0.99263597040598,774,1,2,0,BULLISH_OB,0.356330861171377,3.512404202975,9580,1,0,0,1,7,7,20.9980686047419,0,0,0,SWEEP
68,MARKET,1,14046,14046,0,2026-07-15T08:07:00-05:00,2026-07-15T08:07:00-05:00,HIGH,LH,external,ChartPrimeHigh,29991.75,29999.75,29977.75,29978.25,29999.75,297,22,13.5,8,0.5,-1,0.0227272727272727,29991.75,29999.75,29977.75,29978.25,297,12.0235963928191,1.82973540372157,1.12279217955642,1.78815050818244,230.55,105.624559170678,1.28822381262199,0.629115051667331,LOW,29856.25,143.5,42,11.9348650197293,BSL,Detected,-1,-1,BOS_UP,UP,795,10.1051296160077,0,0,1,EQL,0.207924477695633,9442,1,BEARISH_FVG,0,0.187132029926069,435,1,3,0,BEARISH_OB,1.12279217955642,3.74264059852139,12084,1,0,1,1,8,7,0,11.9348650197293,0,0.0666666666666667,NONE
69,MARKET,1,14260,14260,0,2026-07-15T11:41:00-05:00,2026-07-15T11:41:00-05:00,LOW,LL,external,ChartPrimeLow,29407,29436.25,29397,29422,29397,1584,39.25,15,14.25,10,1,0.636942675159236,29407,29436.25,29397,29422,1584,21.2696652345095,1.84535109355261,0.705229717281252,-1.17538286213542,862.35,251.446470446495,1.83684118977213,2.86999455080265,HIGH,29999.75,602.75,214,28.338480806085,SSL,Resolved,15348,15349,CHOCH_DOWN,DOWN,181,21.5917831774277,0,0,1,EQL,0.0940306289708335,7583,1,BULLISH_FVG,0,0.0470153144854168,2148,1,1,0,BEARISH_OB,0.0117538286213542,0.740491203145314,7404,1,0,0,1,8,4,28.338480806085,0,2,0.333333333333333,GRAB
70,MARKET,1,14654,14654,0,2026-07-15T19:15:00-05:00,2026-07-15T19:15:00-05:00,HIGH,LH,external,ChartPrimeHigh,29753,29763.25,29736,29736,29763.25,276,27.25,17,10.25,0,-1,0,29753,29763.25,29736,29736,276,15.350056248338,1.77523779451626,1.10748779841381,1.77523779451626,107.25,73.8159027581456,2.57342657342657,2.28609274823749,LOW,29397,366.25,394,23.8598474217094,BSL,Resolved,14954,14954,CHOCH_DOWN,DOWN,575,6.05860972073439,0,0,1,EQL,0.293158534874245,1548,1,BEARISH_FVG,0,0.342018290686619,1891,1,2,0,BULLISH_OB,2.78500608130533,0.960908530976691,6171,1,0,1,0,9,4,0,23.8598474217094,2,0.384615384615385,SWEEP
71,MARKET,1,14733,14733,0,2026-07-15T20:34:00-05:00,2026-07-15T20:34:00-05:00,LOW,HL,external,ChartPrimeLow,29596.75,29609,29593.5,29609,29593.5,112,15.5,12.25,0,3.25,1,1,29596.75,29609,29593.5,29609,112,13.0224221930985,1.19025475984142,0.940685213423056,-1.19025475984142,105.35,63.2868667260436,1.06312292358804,0.105077093305734,HIGH,29763.25,169.75,79,13.0352093860052,SSL,Resolved,15092,15092,CHOCH_DOWN,DOWN,654,20.1767379450537,0,0,0,EQL,1.07506881534064,569,1,BULLISH_FVG,0,0.959882870839853,423,1,2,1,BEARISH_OB,0,2.87964861251956,3403,1,0,1,1,9,5,13.0352093860052,0,1,0.285714285714286,SWEEP
72,MARKET,1,14969,14969,0,2026-07-16T00:30:00-05:00,2026-07-16T00:30:00-05:00,HIGH,HH,external,ChartPrimeHigh,29765.75,29797,29764.25,29782,29797,602,32.75,16.25,15,1.5,1,0.541984732824427,29765.75,29797,29764.25,29782,602,11.0331456982284,2.9683284256147,1.47283471499966,1.35953973692276,94.2,48.2468651831391,6.39065817409766,10.5250361463373,LOW,29593.5,203.5,236,18.4444224309188,BSL,Detected,-1,-1,CHOCH_UP,UP,7,3.05896440807622,0,1,1,EQH,0.407861921076829,2210,1,BULLISH_FVG,0,0.294566942999932,1747,1,2,0,BULLISH_OB,1.22358576323049,1.56347069746118,5038,1,1,1,0,9,5,0,18.4444224309188,1,0.285714285714286,NONE
73,MARKET,1,15348,15348,0,2026-07-16T06:49:00-05:00,2026-07-16T06:49:00-05:00,LOW,LL,external,ChartPrimeLow,29443.5,29445.25,29361,29384.25,29361,1315,84.25,59.25,1.75,23.25,-1,0.275964391691395,29443.5,29445.25,29361,29384.25,1315,19.0365201536622,4.42570382191371,3.1124385928592,-1.2213366630207,141.1,65.4109318080701,9.31963146704465,17.9465414656449,HIGH,29797,436,379,22.9033455947107,SSL,Resolved,15460,15462,CHOCH_DOWN,DOWN,250,12.213366630207,0,0,1,EQH,0.131326522905451,8624,1,BULLISH_FVG,0,2.50833658749412,3457,1,1,0,BULLISH_OB,0.131326522905451,0.51217343933126,7947,1,0,0,1,9,5,22.9033455947107,0,2,0.285714285714286,RUN
74,MARKET,1,15449,15449,0,2026-07-16T08:30:00-05:00,2026-07-16T08:30:00-05:00,HIGH,LH,external,ChartPrimeHigh,29466,29532,29460.25,29504.75,29532,3903,71.75,38.75,27.25,5.75,1,0.620209059233449,29466,29532,29460.25,29504.75,3903,18.1807931210528,3.94647249557642,2.13137016311618,1.49883450180429,322.1,140.771410449707,12.1173548587395,25.4376935526928,LOW,29361,171,101,9.40553026820304,BSL,Detected,-1,-1,CHOCH_DOWN,DOWN,351,3.38269071049407,0,0,1,EQL,0.16500930295093,9397,1,BULLISH_FVG,0,0.426274032623237,179,1,1,1,BULLISH_OB,0,0.591283335574167,3256,1,0,1,0,10,4,0,9.40553026820304,0,0.428571428571429,NONE
75,MARKET,1,16541,16541,0,2026-07-17T03:42:00-05:00,2026-07-17T03:42:00-05:00,LOW,LL,external,ChartPrimeLow,28573,28573,28550,28571.5,28550,348,23,1.5,0,21.5,-1,0.934782608695652,28573,28573,28550,28571.5,348,17.0301138238699,1.35054881240797,0.0880792703744329,-1.26246954203354,219.85,84.0685880695043,1.58289743006595,1.52435056830086,HIGH,29532,982,1092,57.6625623384621,SSL,Resolved,16833,16833,BOS_DOWN,DOWN,1081,47.6215255157767,0,0,0,EQL,1.60010674513553,16,0,BEARISH_FVG,1.32118905561649,0.308277446310515,2,1,1,0,BEARISH_OB,45.639741932352,0.411036595080687,4465,1,0,0,1,10,1,57.6625623384621,0,3,0.818181818181818,SWEEP
76,MARKET,1,16660,16660,0,2026-07-17T05:41:00-05:00,2026-07-17T05:41:00-05:00,HIGH,LH,external,ChartPrimeHigh,28814.75,28825.5,28811,28815.5,28825.5,385,14.5,0.75,10,3.75,1,0.310344827586207,28814.75,28825.5,28811,28815.5,385,15.0681645350861,0.962293713095374,0.0497738127463125,0.6636508366175,219,92.3780276905715,1.75799086757991,1.79696410661669,LOW,28550,275.5,119,18.2835805488121,BSL,Resolved,16869,16871,BOS_DOWN,DOWN,1200,35.5385023008671,0,0,0,EQL,2.42232555365387,334,1,BEARISH_FVG,0,0.895928629433625,342,1,5,0,BEARISH_OB,33.298680727283,0.46455558563225,4584,1,0,1,0,11,1,0,18.2835805488121,0,0.833333333333333,GRAB
77,MARKET,1,16843,16843,0,2026-07-17T08:44:00-05:00,2026-07-17T08:44:00-05:00,LOW,LL,external,ChartPrimeLow,28422.25,28450,28408.25,28420,28408.25,2383,41.75,2.25,27.75,11.75,-1,0.281437125748503,28422.25,28450,28408.25,28420,2383,35.4189325082025,1.17874811699453,0.0635253476224597,-0.3317434820284,2299.8,1018.4119304093,1.03617705887468,0.0816958222067976,HIGH,28825.5,417.25,183,11.7804227979872,SSL,Detected,-1,-1,BOS_DOWN,DOWN,9,4.00209690021496,1,0,0,EQL,4.77145944364253,318,0,BEARISH_FVG,1.01640556195935,0.684662079930954,0,1,2,0,BEARISH_OB,6.64898638448411,1.10110602545597,9,0,1,0,1,11,1,11.7804227979872,0,0,0.833333333333333,NONE
78,MARKET,1,17050,17050,0,2026-07-17T12:11:00-05:00,2026-07-17T12:11:00-05:00,HIGH,HH,external,ChartPrimeHigh,29038.25,29050.25,29023.75,29024.25,29050.25,814,26.5,14,12,0.5,-1,0.0188679245283019,29038.25,29050.25,29023.75,29024.25,814,21.2658995264383,1.24612645550472,0.658330957625135,1.22261463558954,832,305.920577928324,0.978365384615385,-0.0588388009786557,LOW,28408.25,642,207,30.1891767710955,BSL,Resolved,18089,18089,CHOCH_UP,UP,181,10.5685630518749,0,0,1,EQL,0.188094559321467,9971,1,BULLISH_FVG,0,0.822913697031419,979,1,2,0,BULLISH_OB,11.4385003887367,1.10505553601362,181,1,0,1,0,11,1,0,30.1891767710955,1,0.833333333333333,SWEEP
79,MARKET,1,17293,17293,0,2026-07-19T17:14:00-05:00,2026-07-19T17:14:00-05:00,LOW,HL,external,ChartPrimeLow,28714,28719.25,28709.75,28715.75,28709.75,178,9.5,1.75,3.5,4.25,1,0.631578947368421,28714,28719.25,28709.75,28715.75,178,16.6879225116883,0.569273976035433,0.104866258743369,-0.359541458548694,241.55,169.45721436398,0.736907472572966,-0.375020917454124,HIGH,29050.25,340.5,243,20.4039777726384,SSL,Detected,-1,-1,CHOCH_UP,UP,424,6.93615397116856,0,0,0,EQL,1.30333778723902,354,1,BULLISH_FVG,0,0.359541458548694,354,1,1,0,BEARISH_OB,1.61793656346913,2.33701948056651,459,1,0,0,1,11,2,20.4039777726384,0,0,0.692307692307692,NONE
80,MARKET,1,17415,17415,0,2026-07-19T19:16:00-05:00,2026-07-19T19:16:00-05:00,HIGH,LH,external,ChartPrimeHigh,28949.25,28963.5,28948.5,28952.25,28963.5,410,15,3,11.25,0.75,1,0.25,28949.25,28963.5,28948.5,28952.25,410,20.0385984360371,0.748555346716478,0.149711069343296,0.561416510037359,271.6,120.037660756947,1.50957290132548,1.15297148517608,LOW,28709.75,253.75,122,12.6630612819538,BSL,Resolved,17987,17989,CHOCH_UP,UP,546,6.8867091897916,0,0,1,EQL,0.948170105840872,1173,1,BEARISH_FVG,0,0.486560975365711,1174,1,3,0,BULLISH_OB,7.80992745074192,1.17273670985582,546,1,0,1,0,12,2,0,12.6630612819538,0,0.714285714285714,RUN
81,MARKET,1,17796,17796,0,2026-07-20T01:37:00-05:00,2026-07-20T01:37:00-05:00,LOW,HL,external,ChartPrimeLow,28776.5,28777.75,28766,28776.25,28766,51,11.75,0.25,1.25,10.25,-1,0.872340425531915,28776.5,28777.75,28766,28776.25,51,12.8361732552497,0.915381848339773,0.0194762095391441,-0.798524591104909,72.35,29.1260622123898,0.704906703524534,-0.733020476448685,HIGH,28963.5,197.5,381,15.3862055359238,SSL,Resolved,18614,18614,CHOCH_UP,UP,927,4.6353378703163,0,0,1,EQH,0.506381448017747,1325,1,BULLISH_FVG,0,1.79181127760126,608,1,1,0,BULLISH_OB,1.36333466774009,1.83076369667955,927,1,0,0,1,12,3,15.3862055359238,0,1,0.6,SWEEP
82,MARKET,1,18224,18224,0,2026-07-20T08:45:00-05:00,2026-07-20T08:45:00-05:00,HIGH,HH,external,ChartPrimeHigh,29177.75,29192.5,29169.25,29170.5,29192.5,3399,23.25,7.25,14.75,1.25,-1,0.0537634408602151,29177.75,29192.5,29169.25,29170.5,3399,21.5327694913866,1.07974963505276,0.336696122758389,1.02169857940477,1645.6,854.036380958095,2.06550802139037,2.05307413020621,LOW,28766,426.5,428,19.8070201870969,BSL,Detected,-1,-1,BOS_UP,UP,237,10.6349533947132,0,0,1,EQH,0.0116102111295996,11077,1,BEARISH_FVG,0,0.406357389535986,2310,1,5,0,BEARISH_OB,6.25790379885419,0.325085911628789,6148,1,0,1,0,11,3,0,19.8070201870969,1,0.571428571428571,NONE
83,MARKET,1,18626,18626,0,2026-07-20T15:27:00-05:00,2026-07-20T15:27:00-05:00,LOW,LL,external,ChartPrimeActiveLow,28750.75,28754,28750.5,28753.25,28750.5,168,3.5,2.5,0.75,0.25,1,0.785714285714286,28750.75,28754,28750.5,28753.25,168,9.50381213307164,0.368273272976493,0.263052337840352,-0.289357571624388,210.6,97.9037282231887,0.797720797720798,-0.435121325542229,HIGH,29192.5,442,402,46.5076533301743,SSL,Detected,-1,-1,CHOCH_DOWN,DOWN,11,1.63092449461018,0,1,1,EQH,0.946988416225269,2155,1,BEARISH_FVG,0,0.368273272976493,1342,1,3,0,BEARISH_OB,2.73574431353966,0.762851779737022,11,0,1,0,1,11,3,46.5076533301743,0,3,0.571428571428571,NONE
