feature,type,count,missing,missing_ratio,unique,unique_ratio,min,max,mean,median,variance,stddev,cv,skewness,kurtosis,constant,near_constant
pivot_id,numeric,288,0,0,143,0.496527777777778,3,147,64.7326388888889,56.5,1658.35684039876,40.7229276992551,0.629094200363969,0.27554066318869,-1.18434483018511,0,0
timeframe,numeric,288,0,0,1,0.00347222222222222,1,1,1,1,0,0,0,,,1,1
pivot_index,numeric,288,0,0,284,0.986111111111111,29,29476,12909.4131944444,10879,70630349.1213585,8404.18640448666,0.651012271270657,0.291462525029836,-1.23973645039481,0,0
confirmation_index,numeric,288,0,0,284,0.986111111111111,29,29476,12909.4131944444,10879,70630349.1213585,8404.18640448666,0.651012271270657,0.291462525029836,-1.23973645039481,0,0
confirmation_delay,numeric,288,0,0,1,0.00347222222222222,0,0,0,0,0,0,,,,1,1
pivot_open,numeric,288,0,0,285,0.989583333333333,23756,30900.75,28200.6423611111,29306.125,4822287.71354771,2195.97079068637,0.0778695308626951,-0.556692662973469,-1.13926724181241,0,0
pivot_high,numeric,288,0,0,283,0.982638888888889,23760.75,30915,28213.484375,29322.625,4821956.3486226,2195.89534099934,0.077831412519367,-0.553724615647122,-1.14707006800804,0,0
pivot_low,numeric,288,0,0,284,0.986111111111111,23752.5,30900.25,28187.9887152778,29289.625,4811802.81803423,2193.58218857517,0.0778197483592101,-0.556573878680527,-1.13466103767293,0,0
pivot_close,numeric,288,0,0,283,0.982638888888889,23760.5,30907.25,28200.9869791667,29298.5,4821281.80057029,2195.74174268521,0.0778604573062391,-0.555164564853269,-1.14119252071003,0,0
pivot_price,numeric,288,0,0,282,0.979166666666667,23752.5,30915,28199.5494791667,29292.875,4807199.65542656,2192.53270338815,0.0777506287824902,-0.5538377147207,-1.14014874039056,0,0
pivot_volume,numeric,288,0,0,258,0.895833333333333,26,6755,981.277777777778,446.5,1512539.13511421,1229.85329820845,1.25331820006523,2.23153241349086,5.27216637565108,0,0
pivot_range,numeric,288,0,0,150,0.520833333333333,3,171.25,25.4956597222222,16,665.366923605062,25.7947072789179,1.01172935158195,2.89601735508969,10.4473742761208,0,0
pivot_body,numeric,288,0,0,106,0.368055555555556,0,110.75,11.2717013888889,7,206.258020440137,14.3616858495142,1.27413647274859,3.30517261108145,14.2474209824943,0,0
upper_wick,numeric,288,0,0,82,0.284722222222222,0,63.75,7.03385416666667,3.75,97.0169248148954,9.8497169916143,1.40032999806734,2.85267960740734,9.46879974060453,0,0
lower_wick,numeric,288,0,0,82,0.284722222222222,0,86.25,7.19010416666667,3.75,121.156896504791,11.0071293489625,1.53087202825121,3.63268490337329,16.9668808269919,0,0
close_position,numeric,288,0,0,251,0.871527777777778,0,1,0.519794890727054,0.526988636363636,0.0766061734659487,0.276778202656836,0.532475804580721,-0.0400162429467544,-1.13738040320496,0,0
confirm_open,numeric,288,0,0,285,0.989583333333333,23756,30900.75,28200.6423611111,29306.125,4822287.71354771,2195.97079068637,0.0778695308626951,-0.556692662973469,-1.13926724181241,0,0
confirm_high,numeric,288,0,0,283,0.982638888888889,23760.75,30915,28213.484375,29322.625,4821956.3486226,2195.89534099934,0.077831412519367,-0.553724615647122,-1.14707006800804,0,0
confirm_low,numeric,288,0,0,284,0.986111111111111,23752.5,30900.25,28187.9887152778,29289.625,4811802.81803423,2193.58218857517,0.0778197483592101,-0.556573878680527,-1.13466103767293,0,0
confirm_close,numeric,288,0,0,283,0.982638888888889,23760.5,30907.25,28200.9869791667,29298.5,4821281.80057029,2195.74174268521,0.0778604573062391,-0.555164564853269,-1.14119252071003,0,0
confirm_volume,numeric,288,0,0,258,0.895833333333333,26,6755,981.277777777778,446.5,1512539.13511421,1229.85329820845,1.25331820006523,2.23153241349086,5.27216637565108,0,0
atr_14,numeric,288,0,0,286,0.993055555555556,2.05510028230072,77.3239552394654,15.8064082844372,12.9267335718834,125.191827089449,11.1889153669804,0.707872096281155,1.94581266105603,4.7951423881413,0,0
range_atr_ratio,numeric,288,0,0,286,0.993055555555556,0.506192949422638,7.63765323596737,1.65778347809508,1.3022636359079,1.28658694601527,1.13427816077683,0.684213696037195,2.37891679652311,6.43151890919035,0,0
body_atr_ratio,numeric,288,0,0,281,0.975694444444444,0,3.28348945244532,0.72855264296312,0.569784253239191,0.419101264013127,0.647380308638691,0.88858411933791,1.60010564204662,2.84725247756514,0,0
price_to_confirm_close,numeric,288,0,0,286,0.993055555555556,-3.85244689999683,6.82239811527422,0.0348188996972397,0.154520983354053,1.46315175577262,1.2096081000773,34.7399863463576,0.867052414485039,5.02415745966304,0,0
volume_mean_20,numeric,288,0,0,280,0.972222222222222,18.2,3551.45,526.637152777778,190.7,405207.291942388,636.558946164758,1.20872396261295,1.75389290386427,2.91451791155348,0,0
volume_std_20,numeric,288,0,0,286,0.993055555555556,7.82048591840686,2903.03254330708,296.587257353523,122.33634065524,187160.624189367,432.620646975346,1.4586622865583,2.75536168656151,8.52611716354843,0,0
volume_ratio_20,numeric,288,0,0,286,0.993055555555556,0.136897604291925,45.0374064837905,2.81521882055741,1.71328883713013,15.5250470624656,3.9401836330894,1.39960119771764,5.74175905387759,47.9935287846098,0,0
volume_zscore_20,numeric,288,0,0,286,0.993055555555556,-1.79891858796618,56.7145433548279,3.09856443055836,1.2716718253031,37.0647469494728,6.08808237045729,1.96480741546505,4.44061893609473,26.7568128212063,0,0
previous_pivot_price,numeric,288,0,0,284,0.986111111111111,23666,30975.5,28166.1284722222,29242.5,4946823.37847222,2224.14553895923,0.0789652557735332,-0.523404527756693,-1.16774552259737,0,0
distance_previous_pivot,numeric,288,0,0,265,0.920138888888889,0,1477.75,261.650173611111,202.375,40310.8652177398,200.77565892742,0.76734387811197,2.26782382506275,7.70402620032828,0,0
bars_previous_pivot,numeric,288,0,0,219,0.760416666666667,0,929,212.128472222222,167,28585.9729844174,169.07386842566,0.797035243098064,1.29990139789062,1.71356159862654,0,0
swing_size_atr,numeric,288,0,0,287,0.996527777777778,0,125.849888508159,20.0262460892808,15.0966829151041,285.374210080723,16.8930225264967,0.843544139584839,2.97457784912776,11.8959942701368,0,0
swept_index,numeric,288,0,0,264,0.916666666666667,139,29671,13827.7743055556,11926,70979347.7642155,8424.92419931572,0.609275506899968,0.241824728110615,-1.2609097495873,0,0
resolved_index,numeric,288,0,0,265,0.920138888888889,139,29673,13828.7361111111,11926,70978932.9614788,8424.89958168516,0.609231350861915,0.241849181289078,-1.26087390902803,0,0
bars_since_structure_event,numeric,288,0,0,230,0.798611111111111,1,1346,330.388888888889,257.5,90532.9005032908,300.886856647629,0.910705131941705,1.02238310176344,0.409298997120737,0,0
distance_last_structure_event_atr,numeric,288,0,0,286,0.993055555555556,0.018914413538958,196.340783695614,14.2433312447268,7.51689215514283,410.870029842442,20.2699292017126,1.42311716644356,4.06712436217451,25.1464564386365,0,0
bos_count_previous_20,numeric,288,0,0,2,0.00694444444444444,0,1,0.0520833333333333,0,0.0495426829268293,0.222581856688341,4.27357164841615,4.01076176741537,14.1353270788818,0,1
choch_count_previous_20,numeric,288,0,0,2,0.00694444444444444,0,1,0.0763888888888889,0,0.07079945799458,0.266081675420499,3.48325102368654,3.17301248596249,8.09615601602649,0,1
near_equal_level,numeric,288,0,0,2,0.00694444444444444,0,1,0.548611111111111,1,0.248499806426636,0.498497549067833,0.908653760326176,-0.194353302725157,-1.96902756787795,0,1
distance_equal_level_atr,numeric,288,0,0,271,0.940972222222222,0,49.2037412282526,2.08217051294726,0.779557075466443,16.3160033605701,4.03930728721771,1.93995028846133,6.54233688341315,64.9033710118781,0,0
bars_since_equal_level,numeric,288,0,0,266,0.923611111111111,-1,20762,3146.02083333333,1111,24412937.9577526,4940.94504702821,1.57053792990718,2.05589504628904,3.12670727172407,0,0
inside_fvg,numeric,288,0,0,2,0.00694444444444444,0,1,0.760416666666667,1,0.182817944250873,0.427572150929961,0.562286664236661,-1.21388842358039,-0.528273049399749,0,1
distance_fvg_atr,numeric,288,0,0,69,0.239583333333333,0,4.45290057622767,0.353386721680468,0,0.658980018256024,0.811775842370309,2.29713170463806,2.5110853698472,6.08629217575439,0,0
fvg_size_atr,numeric,288,0,0,286,0.993055555555556,0.0151318187798447,50.7789952860459,1.78789624157275,0.629252067025958,33.4496577489994,5.78356790822062,3.23484538629211,6.60145537389033,45.7106344607184,0,0
bars_since_fvg,numeric,288,0,0,246,0.854166666666667,0,15168,1160.34027777778,444,4356213.50053233,2087.15440265744,1.79874338815045,3.85776353945881,16.8689885121061,0,0
fvg_mitigated,numeric,288,0,0,2,0.00694444444444444,0,1,0.9375,1,0.0587979094076655,0.242482802292586,0.258648322445425,-3.59597380643692,10.9691510738169,0,1
active_fvg_count_50,numeric,288,0,0,11,0.0381944444444444,0,10,2.38541666666667,2,3.12271341463414,1.76712009060905,0.740801435364493,1.0270657528077,1.49705625077361,0,0
inside_order_block,numeric,288,0,0,2,0.00694444444444444,0,1,0.166666666666667,0,0.139372822299651,0.373326696473278,2.23996017883967,1.77954552441016,1.17088396990742,0,1
distance_ob_atr,numeric,288,0,0,240,0.833333333333333,0,150.844220435292,8.14430281797165,2.30532934756535,291.071858711347,17.0608281953529,2.09481751558961,4.31976999389316,23.7098145283783,0,0
ob_size_atr,numeric,288,0,0,286,0.993055555555556,0.120815607793209,7.09238320041825,1.26699146546823,0.880904583382366,1.32024830317082,1.14902058431119,0.906888969363776,2.29508218934184,6.23754531900829,0,0
bars_since_ob,numeric,288,0,0,275,0.954861111111111,1,19679,3002.14583333333,1123.5,20421965.9647212,4519.0669351893,1.50527895247904,2.0923925559095,3.43913434281883,0,0
ob_invalidated,numeric,288,0,0,2,0.00694444444444444,0,1,0.805555555555556,1,0.15718157181572,0.396461311877615,0.492158869917039,-1.53606210564841,0.360775612627652,0,1
active_ob_count_50,numeric,288,0,0,2,0.00694444444444444,0,1,0.166666666666667,0,0.139372822299651,0.373326696473278,2.23996017883967,1.77954552441016,1.17088396990742,0,1
bsl_count_previous_100,numeric,288,0,0,4,0.0138888888888889,0,3,0.722222222222222,1,0.319783197831977,0.565493764626965,0.782991366406567,0.396583802566953,1.37145604245803,0,0
ssl_count_previous_100,numeric,288,0,0,3,0.0104166666666667,0,2,0.628472222222222,1,0.276120305845915,0.525471508120007,0.836109360986531,-0.093417387877683,-1.083610376698,0,0
active_bsl_count,numeric,288,0,0,12,0.0416666666666667,1,12,3.62847222222222,3,5.5653189121177,2.35909281549449,0.650161464940107,0.763791307957318,-0.0869783391617465,0,0
active_ssl_count,numeric,288,0,0,22,0.0763888888888889,1,22,7.48263888888889,5,36.0275721060782,6.00229723573218,0.802163157257944,1.08098667529545,-0.107162105223902,0,0
distance_nearest_bsl_atr,numeric,288,0,0,135,0.46875,0,81.3547732587974,7.17237371797518,0,108.335224519351,10.4084208465719,1.45118216867124,2.48079840720541,10.4460688384019,0,0
distance_nearest_ssl_atr,numeric,288,0,0,153,0.53125,0,125.849888508159,12.9474126569529,7.17327385894292,360.84035007973,18.995798221705,1.46715013454862,2.6034779820905,9.43530548438194,0,0
equal_levels_previous_100,numeric,288,0,0,7,0.0243055555555556,0,6,0.965277777777778,1,1.0789295392954,1.03871533121226,1.07607919204723,1.2401330285732,2.05686445879768,0,0
liquidity_imbalance_100,numeric,288,0,0,72,0.25,-0.91304347826087,0.846153846153846,-0.228057239407844,-0.25,0.228915736288093,0.478451393861585,2.09794433671079,0.272778003760951,-1.14500847683608,0,0
dataset_date,categorical,288,0,0,4,0.0138888888888889,,,,,,,,,,0,0
source_file,categorical,288,0,0,4,0.0138888888888889,,,,,,,,,,0,0
symbol,categorical,288,0,0,1,0.00347222222222222,,,,,,,,,,1,1
pivot_timestamp,categorical,288,0,0,286,0.993055555555556,,,,,,,,,,0,0
confirmation_timestamp,categorical,288,0,0,286,0.993055555555556,,,,,,,,,,0,0
pivot_side,categorical,288,0,0,2,0.00694444444444444,,,,,,,,,,0,0
structure_type,categorical,288,0,0,4,0.0138888888888889,,,,,,,,,,0,0
structure_mode,categorical,288,0,0,1,0.00347222222222222,,,,,,,,,,1,1
source,categorical,288,0,0,3,0.0104166666666667,,,,,,,,,,0,0
candle_direction,categorical,288,0,0,3,0.0104166666666667,,,,,,,,,,0,0
previous_pivot_type,categorical,288,0,0,2,0.00694444444444444,,,,,,,,,,0,0
liquidity_type,categorical,288,0,0,2,0.00694444444444444,,,,,,,,,,0,0
liquidity_state,categorical,288,0,0,1,0.00347222222222222,,,,,,,,,,1,1
last_structure_event,categorical,288,0,0,4,0.0138888888888889,,,,,,,,,,0,0
last_structure_event_direction,categorical,288,0,0,2,0.00694444444444444,,,,,,,,,,0,0
equal_level_type,categorical,288,0,0,3,0.0104166666666667,,,,,,,,,,0,0
nearest_fvg_type,categorical,288,0,0,2,0.00694444444444444,,,,,,,,,,0,0
nearest_ob_type,categorical,288,0,0,2,0.00694444444444444,,,,,,,,,,0,0
