tsne_x,tsne_y,tsne_seed,tsne_perplexity,tsne_iterations,target,dataset_date,source_file,symbol,timeframe,pivot_id,pivot_timestamp,confirmation_timestamp,pivot_index,confirmation_index,confirmation_delay,pivot_side,structure_type,structure_mode,source,candle_direction,pivot_price,pivot_volume,atr_14,range_atr_ratio,body_atr_ratio,volume_ratio_20,volume_zscore_20,previous_pivot_type,distance_previous_pivot,bars_previous_pivot,swing_size_atr,liquidity_type,last_structure_event,last_structure_event_direction,bars_since_structure_event,distance_last_structure_event_atr,bos_count_previous_20,choch_count_previous_20,near_equal_level,equal_level_type,distance_equal_level_atr,bars_since_equal_level,inside_fvg,nearest_fvg_type,distance_fvg_atr,fvg_size_atr,bars_since_fvg,fvg_mitigated,active_fvg_count_50,inside_order_block,nearest_ob_type,distance_ob_atr,ob_size_atr,bars_since_ob,ob_invalidated,active_ob_count_50,active_bsl_count,active_ssl_count,distance_nearest_bsl_atr,distance_nearest_ssl_atr,liquidity_imbalance_100
-11.65732040952,-1.39667353652173,42,30,750,SWEEP,,2026_03.csv,MARKET,1,3,2026-04-01T07:44:00-05:00,2026-04-01T07:44:00-05:00,464,464,,,,,,,,,,,,,,LOW,242.5,201,11.2297531803496,,BOS_UP,,64,2.99845986980468,,,,,4.80448203076812,82,,,2.3154130268762,0.150501846746953,,,0,,,3.9014709502864,,,,0,1,1,,,0
1.66043926672678,-3.83598883218049,42,30,750,SWEEP,,2026_03.csv,MARKET,1,4,2026-04-01T08:07:00-05:00,2026-04-01T08:07:00-05:00,487,487,,,,,,,,,,,,,,HIGH,210,23,10.2932928900251,,BOS_UP,,87,7.11952758226736,,,,,2.04640465789785,264,,,0,0.110285280964555,,,1,,,5.78385029058553,,,,0,1,2,,,-0.333333333333333
-12.3166530270238,-2.10025153562012,42,30,750,RUN,,2026_03.csv,MARKET,1,5,2026-04-01T12:04:00-05:00,2026-04-01T12:04:00-05:00,724,724,,,,,,,,,,,,,,LOW,312.25,237,37.1548465020551,,BOS_UP,,131,12.1667992148443,,,,,2.61779543008875,54,,,3.03426288487559,0.11899070136767,,,1,,,13.2377155271533,,,,0,1,2,,,-0.333333333333333
-2.22469791009893,-6.49823906393066,42,30,750,RUN,,2026_03.csv,MARKET,1,6,2026-04-01T19:31:00-05:00,2026-04-01T19:31:00-05:00,1111,1111,,,,,,,,,,,,,,HIGH,193.75,387,18.4526014370214,,BOS_UP,,518,8.71438983993528,,,,,0.452386357810848,28,,,0,1.80954543124339,,,0,,,0,,,,0,1,3,,,-0.5
2.64519380836895,-1.4603167499519,42,30,750,SWEEP,,2026_03.csv,MARKET,1,7,2026-04-01T19:59:00-05:00,2026-04-01T19:59:00-05:00,1139,1139,,,,,,,,,,,,,,LOW,91.25,28,6.90376094171968,,BOS_UP,,546,0.018914413538958,,,,,0.113486481233748,348,,,0,0.737662128019363,,,3,,,0.662004473863531,,,,0,2,3,,,-0.2
-17.7228268915507,0.739322922021676,42,30,750,RUN,,2026_03.csv,MARKET,1,8,2026-04-02T01:14:00-05:00,2026-04-02T01:14:00-05:00,1454,1454,,,,,,,,,,,,,,HIGH,493.25,315,53.4605157079982,,CHOCH_DOWN,,311,43.5704557822915,,,,,11.949360074621,161,,,0.812881637729318,0.162576327545864,,,4,,,43.5162636731095,,,,0,2,1,,,0.333333333333333
-4.49954574180364,8.83441630435534,42,30,750,RUN,,2026_03.csv,MARKET,1,9,2026-04-02T02:59:00-05:00,2026-04-02T02:59:00-05:00,1559,1559,,,,,,,,,,,,,,LOW,129.5,105,14.7145598787578,,CHOCH_DOWN,,416,30.9630700151468,,,,,2.18729944143697,266,,,0,0.738568642563134,,,0,,,30.9062570426419,,,,0,3,1,,,0.5
-10.7404435959974,15.6262051011133,42,30,750,RUN,,2026_03.csv,MARKET,1,11,2026-04-02T19:01:00-05:00,2026-04-02T19:01:00-05:00,2460,2460,,,,,,,,,,,,,,LOW,589,648,86.9202376400132,,CHOCH_UP,,542,55.044564753353,,,,,0.18446569957558,1845,,,0.110679419745348,0.221358839490696,,,2,,,2.65630607388835,,,,0,2,1,,,0.333333333333333
0.0857322503205937,-0.7067910180341,42,30,750,SWEEP,,2026_03.csv,MARKET,1,12,2026-04-02T21:51:00-05:00,2026-04-02T21:51:00-05:00,2630,2630,,,,,,,,,,,,,,HIGH,104.5,170,16.2092686893981,,CHOCH_UP,,712,41.6477382115156,,,,,1.27967910705774,2248,,,0,0.620450476149208,,,6,,,0.542894166630557,,,,0,2,2,,,0
8.66236826981969,2.53927194772888,42,30,750,GRAB,,2026_03.csv,MARKET,1,13,2026-04-03T00:46:00-05:00,2026-04-03T00:46:00-05:00,2805,2805,,,,,,,,,,,,,,LOW,43,175,9.54993052381308,,CHOCH_UP,,887,69.1814734457622,,,,,1.38807129706585,516,,,0,0.388659963178439,,,0,,,0,,,,0,3,2,,,0.2
-9.05154003693559,3.96342976796529,42,30,750,GRAB,,2026_03.csv,MARKET,1,14,2026-04-03T06:08:00-05:00,2026-04-03T06:08:00-05:00,3122,3122,,,,,,,,,,,,,,HIGH,79.25,317,18.1691280543819,,CHOCH_DOWN,,251,8.31079989869202,,,,,3.78284685043913,2901,,,0,3.55358340495797,,,2,,,9.11322195787607,,,,0,3,2,,,0.2
-0.516145578683103,8.00791988464241,42,30,750,RUN,,2026_03.csv,MARKET,1,15,2026-04-03T07:30:00-05:00,2026-04-03T07:30:00-05:00,3204,3204,,,,,,,,,,,,,,LOW,131,82,9.01709995568742,,CHOCH_DOWN,,333,6.52191008245331,,,,,0.137665648178434,2413,,,0,0.671120034869866,,,0,,,0.56787079873604,,,,0,4,2,,,0.333333333333333
-1.50301772946982,2.6338286302677,42,30,750,SWEEP,,2026_03.csv,MARKET,1,16,2026-04-05T17:11:00-05:00,2026-04-05T17:11:00-05:00,3260,3260,,,,,,,,,,,,,,HIGH,263.75,56,13.3501607139243,,BOS_DOWN,,28,6.7193699896624,,,,,0.27839197697283,2080,,,0.27839197697283,0.202466892343876,,,4,,,6.25116530111718,,,,0,3,2,,,0.2
16.1176142297373,-6.76173949604646,42,30,750,SWEEP,,2026_03.csv,MARKET,1,17,2026-04-05T21:24:00-05:00,2026-04-05T21:24:00-05:00,3513,3513,,,,,,,,,,,,,,LOW,345.25,253,25.4769856270735,,CHOCH_UP,,14,6.01411825809267,,,,,0.0368964310312434,2843,,,0,0.424308956859299,,,4,,,6.62290937010818,,,,1,2,2,,,0
-0.772810514324714,0.411275487200778,42,30,750,RUN,,2026_03.csv,MARKET,1,18,2026-04-05T22:19:00-05:00,2026-04-05T22:19:00-05:00,3568,3568,,,,,,,,,,,,,,HIGH,206.25,55,14.2432373689459,,CHOCH_UP,,69,8.61500054194427,,,,,0.535200434469484,356,,,0,2.39976969004059,,,5,,,0.345290602883538,,,,0,2,3,,,-0.2
-0.11639212144732,5.57278822377863,42,30,750,RUN,,2026_03.csv,MARKET,1,19,2026-04-06T01:50:00-05:00,2026-04-06T01:50:00-05:00,3779,3779,,,,,,,,,,,,,,LOW,170.25,211,15.3572317772337,,CHOCH_UP,,280,4.10428220771885,,,,,2.25510011413123,86,,,0,0.699081035380683,,,1,,,4.84846524538215,,,,0,3,3,,,0
0.743534051572052,0.622088050378748,42,30,750,SWEEP,,2026_03.csv,MARKET,1,20,2026-04-06T02:11:00-05:00,2026-04-06T02:11:00-05:00,3800,3800,,,,,,,,,,,,,,HIGH,83.5,21,7.20334058104151,,CHOCH_UP,,301,3.2781669710129,,,,,0.0215668879671902,1355,,,0,0.0215668879671902,,,3,,,0,,,,0,3,4,,,-0.142857142857143
-13.5126713943159,-3.11301619829207,42,30,750,SWEEP,,2026_03.csv,MARKET,1,21,2026-04-06T04:05:00-05:00,2026-04-06T04:05:00-05:00,3914,3914,,,,,,,,,,,,,,LOW,191,114,22.6304760880165,,BOS_UP,,77,12.7370480600093,,,,,7.46450258400545,3175,,,1.59953626800117,0.651662924000476,,,3,,,13.5664372360099,,,,0,1,4,,,-0.6
-0.949365130639095,-5.52464531495336,42,30,750,GRAB,,2026_03.csv,MARKET,1,22,2026-04-06T08:29:00-05:00,2026-04-06T08:29:00-05:00,4178,4178,,,,,,,,,,,,,,HIGH,141,264,13.2527625031564,,BOS_UP,,341,3.14870598479247,,,,,0.093991223426641,3563,,,0,0.164484640996622,,,2,,,1.73883763339286,,,,0,1,5,,,-0.666666666666667
3.53615353515633,-2.7086126440182,42,30,750,SWEEP,,2026_03.csv,MARKET,1,23,2026-04-06T08:35:00-05:00,2026-04-06T08:35:00-05:00,4184,4184,,,,,,,,,,,,,,LOW,116.5,6,4.87324639276889,,BOS_UP,,347,3.47192661459071,,,,,1.61047198387641,3445,,,0,0.125491323418941,,,0,,,3.76473970256824,,,,0,2,5,,,-0.428571428571429
15.1360133441085,-9.69058645089333,42,30,750,RUN,,2026_03.csv,MARKET,1,24,2026-04-06T08:37:00-05:00,2026-04-06T08:37:00-05:00,4186,4186,,,,,,,,,,,,,,HIGH,128,2,4.60827465312846,,CHOCH_DOWN,,1,0.41402467586701,,,,,0.0540032185913491,3395,,,0,0.684040768823756,,,1,,,0.315018775116203,,,,1,2,5,,,-0.428571428571429
-6.6649819136179,-5.05185791333043,42,30,750,RUN,,2026_03.csv,MARKET,1,25,2026-04-06T09:00:00-05:00,2026-04-06T09:00:00-05:00,4209,4209,,,,,,,,,,,,,,LOW,206.5,23,6.62222553553742,,CHOCH_UP,,10,2.51740777016798,,,,,3.752059988658,3470,,,2.05240888268472,0.25655111033559,,,1,,,2.26085665983239,,,,1,1,5,,,-0.666666666666667
14.2445439579015,-9.28903560514286,42,30,750,RUN,,2026_03.csv,MARKET,1,26,2026-04-06T12:14:00-05:00,2026-04-06T12:14:00-05:00,4403,4403,,,,,,,,,,,,,,HIGH,249.5,194,13.3997260800603,,CHOCH_DOWN,,2,2.30937162902843,,,,,0.0134265792385374,2395,,,0,0.281958164009285,,,3,,,0,,,,1,1,4,,,-0.6
-5.14965293510203,3.45456711868064,42,30,750,SWEEP,,2026_03.csv,MARKET,1,27,2026-04-06T17:06:00-05:00,2026-04-06T17:06:00-05:00,4635,4635,,,,,,,,,,,,,,LOW,181.25,232,25.0909819855145,,CHOCH_DOWN,,234,19.13836281102,,,,,0.830598024348066,395,,,0,1.10746403246409,,,2,,,0.311474259130525,,,,0,2,4,,,-0.333333333333333
13.7708643523051,-7.76334074890259,42,30,750,SWEEP,,2026_03.csv,MARKET,1,28,2026-04-06T21:07:00-05:00,2026-04-06T21:07:00-05:00,4876,4876,,,,,,,,,,,,,,HIGH,231,241,19.4378798807074,,BOS_DOWN,,15,4.18629664097486,,,,,0.441769997288804,1836,,,0,0.841466661502485,,,6,,,0.0841466661502485,,,,1,2,4,,,-0.333333333333333
8.92259105167569,-6.38557346157929,42,30,750,GRAB,,2026_03.csv,MARKET,1,29,2026-04-07T04:34:00-05:00,2026-04-07T04:34:00-05:00,5323,5323,,,,,,,,,,,,,,LOW,269,447,23.3660776804985,,CHOCH_UP,,17,3.30078420765407,,,,,2.77960775381395,1083,,,1.62867641825036,0.412598025956759,,,2,,,3.49622537784411,,,,1,2,4,,,-0.333333333333333
0.935549825450173,2.22484352776852,42,30,750,RUN,,2026_03.csv,MARKET,1,30,2026-04-07T07:06:00-05:00,2026-04-07T07:06:00-05:00,5475,5475,,,,,,,,,,,,,,HIGH,289,152,16.8500603527268,,CHOCH_UP,,169,14.6344814828181,,,,,0.116609414205722,3229,,,0,0.597623247804323,,,1,,,0,,,,0,2,4,,,-0.333333333333333
0.460258080785698,5.00376950674473,42,30,750,GRAB,,2026_03.csv,MARKET,1,31,2026-04-07T08:30:00-05:00,2026-04-07T08:30:00-05:00,5559,5559,,,,,,,,,,,,,,LOW,175,84,10.5934237857294,,CHOCH_UP,,253,4.60057261551678,,,,,0.196735013163546,1511,,,0,0.771806590103144,,,1,,,0.0605338502041681,,,,0,3,4,,,-0.142857142857143
-2.00386220182992,7.94569933082757,42,30,750,RUN,,2026_03.csv,MARKET,1,33,2026-04-07T12:36:00-05:00,2026-04-07T12:36:00-05:00,5805,5805,,,,,,,,,,,,,,LOW,358.25,150,19.7858971074839,,CHOCH_DOWN,,217,9.20948595302984,,,,,0.124265927402202,1142,,,0,0.704173588612477,,,2,,,0.510871034875718,,,,0,4,2,,,0.333333333333333
-20.8688309373274,-6.08131089898627,42,30,750,RUN,,2026_03.csv,MARKET,1,35,2026-04-08T01:16:00-05:00,2026-04-08T01:16:00-05:00,6505,6505,,,,,,,,,,,,,,LOW,1125.25,620,125.849888508159,,CHOCH_UP,,571,100.909186319917,,,,,0,0,,,1.1743379954105,0.307564713083703,,,3,,,91.73816578433,,,,0,1,3,,,-0.5
-10.2920831330464,-20.8580372509095,42,30,750,SWEEP,,2026_03.csv,MARKET,1,36,2026-04-08T03:04:00-05:00,2026-04-08T03:04:00-05:00,6613,6613,,,,,,,,,,,,,,HIGH,67.75,108,7.84990645079805,,CHOCH_UP,,679,96.6899916338151,,,,,2.14351689062382,206,,,0,0.5503624448899,,,2,,,87.1889978483473,,,,0,1,4,,,-0.6
11.0038666370007,-7.97724996360472,42,30,750,SWEEP,,2026_03.csv,MARKET,1,37,2026-04-08T04:13:00-05:00,2026-04-08T04:13:00-05:00,6682,6682,,,,,,,,,,,,,,LOW,111,69,11.2554751013745,,BOS_UP,,14,4.38557926247252,,,,,4.38557926247252,177,,,1.44495964139268,0.811205412711679,,,7,,,5.72913822727623,,,,1,1,4,,,-0.6
1.0480951883297,-5.04399901479774,42,30,750,RUN,,2026_03.csv,MARKET,1,38,2026-04-08T06:22:00-05:00,2026-04-08T06:22:00-05:00,6811,6811,,,,,,,,,,,,,,HIGH,65,129,7.52098002425095,,BOS_UP,,143,2.51663562349936,,,,,0.0867805387413571,318,,,0,1.01243961864917,,,1,,,0.318195308718309,,,,0,1,5,,,-0.666666666666667
-7.14592116231748,-5.43011102340952,42,30,750,SWEEP,,2026_03.csv,MARKET,1,39,2026-04-08T07:07:00-05:00,2026-04-08T07:07:00-05:00,6856,6856,,,,,,,,,,,,,,LOW,76.75,45,8.05444733691219,,BOS_UP,,1,1.23309128610708,,,,,5.27343294696856,77,,,1.99393484561995,0.157415908864733,,,2,,,1.28556325572866,,,,1,1,5,,,-0.666666666666667
-5.79660112641926,-1.38768824170866,42,30,750,SWEEP,,2026_03.csv,MARKET,1,40,2026-04-08T09:56:00-05:00,2026-04-08T09:56:00-05:00,7025,7025,,,,,,,,,,,,,,HIGH,330.5,169,14.6855436059078,,CHOCH_DOWN,,155,11.2752093494678,,,,,2.643842192289,940,,,0.577646193273228,0.599863354552967,,,0,,,11.3974037365064,,,,0,1,4,,,-0.6
-4.50534396866194,4.47438525052572,42,30,750,SWEEP,,2026_03.csv,MARKET,1,41,2026-04-08T11:55:00-05:00,2026-04-08T11:55:00-05:00,7144,7144,,,,,,,,,,,,,,LOW,231,119,27.5313515149559,,CHOCH_DOWN,,274,2.71142098253354,,,,,0.0595916699457921,549,,,0,0.566120864485025,,,0,,,3.0391751672354,,,,0,2,4,,,-0.333333333333333
-5.01159338264826,-7.53277438941509,42,30,750,SWEEP,,2026_03.csv,MARKET,1,42,2026-04-08T20:23:00-05:00,2026-04-08T20:23:00-05:00,7592,7592,,,,,,,,,,,,,,HIGH,177,448,26.7668805624227,,CHOCH_DOWN,,722,30.2072564539205,,,,,0.831739226515959,1507,,,0,1.24760883977394,,,0,,,30.6231260671785,,,,0,2,5,,,-0.428571428571429
-9.32304677649974,-16.9058455704625,42,30,750,SWEEP,,2026_03.csv,MARKET,1,43,2026-04-08T21:51:00-05:00,2026-04-08T21:51:00-05:00,7680,7680,,,,,,,,,,,,,,LOW,70.25,88,13.852701613399,,CHOCH_DOWN,,810,25.5362969243441,,,,,2.85927648959838,305,,,0,1.72542546786109,,,2,,,26.0785734999576,,,,0,3,5,,,-0.25
-9.47736583115515,-18.439251845506,42,30,750,GRAB,,2026_03.csv,MARKET,1,44,2026-04-09T00:10:00-05:00,2026-04-09T00:10:00-05:00,7819,7819,,,,,,,,,,,,,,HIGH,56.5,139,13.4175796051764,,CHOCH_DOWN,,949,44.1711470188108,,,,,1.9592041016408,1734,,,0,1.48424553154606,,,3,,,44.8242150526911,,,,0,3,6,,,-0.333333333333333
-9.29340496389415,-16.7594989936525,42,30,750,SWEEP,,2026_03.csv,MARKET,1,45,2026-04-09T01:03:00-05:00,2026-04-09T01:03:00-05:00,7872,7872,,,,,,,,,,,,,,LOW,64.75,53,10.267216926436,,CHOCH_DOWN,,1002,19.2262556344458,,,,,3.25062466396815,690,,,0,4.32095229722596,,,2,,,19.6623150405878,,,,0,3,6,,,-0.333333333333333
-0.997150141623679,2.20092992787753,42,30,750,SWEEP,,2026_03.csv,MARKET,1,46,2026-04-09T03:15:00-05:00,2026-04-09T03:15:00-05:00,8004,8004,,,,,,,,,,,,,,HIGH,106,132,15.1052700091798,,BOS_DOWN,,41,5.87823007432706,,,,,0.32063073132693,706,,,0.42750764176924,0.10687691044231,,,3,,,5.98510698476936,,,,0,3,5,,,-0.25
-0.340684266553485,4.37744984628862,42,30,750,RUN,,2026_03.csv,MARKET,1,47,2026-04-09T08:45:00-05:00,2026-04-09T08:45:00-05:00,8334,8334,,,,,,,,,,,,,,LOW,158.5,330,7.78022195147491,,CHOCH_UP,,17,2.57704512588285,,,,,0.0859015041960952,2083,,,0,1.54622707552971,,,2,,,2.66294663007895,,,,0,3,5,,,-0.25
1.59526263934012,1.81884441964747,42,30,750,SWEEP,,2026_03.csv,MARKET,1,48,2026-04-09T09:36:00-05:00,2026-04-09T09:36:00-05:00,8385,8385,,,,,,,,,,,,,,HIGH,151,51,9.69225180705027,,CHOCH_UP,,68,6.32242915890365,,,,,0.336982264814662,1087,,,0.0160467745149839,0.272795166754726,,,1,,,2.21445488306778,,,,0,3,6,,,-0.333333333333333
10.3984355547557,-8.01899139370898,42,30,750,SWEEP,,2026_03.csv,MARKET,1,49,2026-04-09T11:03:00-05:00,2026-04-09T11:03:00-05:00,8472,8472,,,,,,,,,,,,,,LOW,305.25,87,16.8293712813066,,BOS_UP,,31,8.50427688826061,,,,,3.25285145158752,1693,,,1.15779458446336,0.206749032939885,,,4,,,1.15779458446336,,,,1,1,6,,,-0.714285714285714
-0.815943267075359,-3.92731491554374,42,30,750,RUN,,2026_03.csv,MARKET,1,50,2026-04-09T13:25:00-05:00,2026-04-09T13:25:00-05:00,8614,8614,,,,,,,,,,,,,,HIGH,120.75,142,9.20475374677953,,BOS_UP,,173,2.55369979724318,,,,,0.152459689387653,162,,,0,1.14344767040739,,,4,,,2.8967340983654,,,,0,1,7,,,-0.75
-10.2945104321664,-3.37981955365211,42,30,750,GRAB,,2026_03.csv,MARKET,1,51,2026-04-09T14:52:00-05:00,2026-04-09T14:52:00-05:00,8701,8701,,,,,,,,,,,,,,LOW,124.75,87,11.8701085594712,,BOS_UP,,260,15.0576727818542,,,,,1.47484314766977,14,,,1.40347976955671,0.118938963521755,,,1,,,2.37877927043511,,,,0,1,7,,,-0.75
0.0534807177627254,-5.6205754184347,42,30,750,RUN,,2026_03.csv,MARKET,1,52,2026-04-09T18:03:00-05:00,2026-04-09T18:03:00-05:00,8832,8832,,,,,,,,,,,,,,HIGH,76.75,131,11.7622123709745,,BOS_UP,,391,12.4901668825332,,,,,0.153253581380775,225,,,0,1.60916260449814,,,2,,,0.651327720868293,,,,0,1,8,,,-0.777777777777778
-13.8692405334856,-4.03274309836802,42,30,750,RUN,,2026_03.csv,MARKET,1,53,2026-04-09T22:39:00-05:00,2026-04-09T22:39:00-05:00,9108,9108,,,,,,,,,,,,,,LOW,110.75,276,22.9381236482987,,BOS_UP,,160,7.04195218096756,,,,,9.57912612852205,148,,,2.43361582724614,0.310674360925039,,,3,,,11.650288534689,,,,0,1,8,,,-0.777777777777778
-0.922884445593834,-6.64263784731117,42,30,750,RUN,,2026_03.csv,MARKET,1,54,2026-04-10T03:18:00-05:00,2026-04-10T03:18:00-05:00,9387,9387,,,,,,,,,,,,,,HIGH,101,279,16.0637002120914,,BOS_UP,,439,10.6561179624765,,,,,0.119284902565035,2882,,,0,0.675947781201866,,,2,,,2.22665151454732,,,,0,1,9,,,-0.8
-13.5565721576343,-5.01188864061757,42,30,750,SWEEP,,2026_03.csv,MARKET,1,55,2026-04-10T10:24:00-05:00,2026-04-10T10:24:00-05:00,9813,9813,,,,,,,,,,,,,,LOW,190.25,426,16.0393091384148,,BOS_UP,,175,7.5243539584942,,,,,6.76559557612504,35,,,2.04443230805024,0.147536352127337,,,0,,,8.83110450590776,,,,0,1,9,,,-0.8
1.27963601119497,-6.73898887823926,42,30,750,RUN,,2026_03.csv,MARKET,1,56,2026-04-10T11:44:00-05:00,2026-04-10T11:44:00-05:00,9893,9893,,,,,,,,,,,,,,HIGH,170.75,80,14.6249300985308,,BOS_UP,,255,6.98056692843489,,,,,1.32759248332197,3114,,,0,0.963575189507883,,,0,,,0.984987971496947,,,,0,1,10,,,-0.818181818181818
-2.86955411386992,-8.49898299535272,42,30,750,SWEEP,,2026_03.csv,MARKET,1,57,2026-04-10T15:59:00-05:00,2026-04-10T15:59:00-05:00,10148,10148,,,,,,,,,,,,,,LOW,115.75,255,25.1981437590151,,BOS_UP,,510,7.45603821811031,,,,,5.49678729948279,370,,,0.163270909885627,1.46943818897065,,,2,,,10.8303036890799,,,,0,2,10,,,-0.666666666666667
0.20238772974901,-23.6382148965216,42,30,750,SWEEP,,2026_03.csv,MARKET,1,59,2026-04-12T20:57:00-05:00,2026-04-12T20:57:00-05:00,10386,10386,,,,,,,,,,,,,,LOW,189.25,237,27.892650419662,,BOS_UP,,748,30.9508934643542,,,,,0.847464940095412,3201,,,0,46.8316495157073,,,1,,,4.67948032139641,,,,0,3,4,,,-0.142857142857143
0.303518680758731,-23.1039520496658,42,30,750,RUN,,2026_03.csv,MARKET,1,61,2026-04-13T06:00:00-05:00,2026-04-13T06:00:00-05:00,10929,10929,,,,,,,,,,,,,,LOW,145.25,416,16.1638866378584,,BOS_UP,,283,11.2396044779601,,,,,0.306028834795943,2322,,,0,35.360240820513,,,0,,,0.667699275918421,,,,0,3,5,,,-0.25
-19.5656185873519,-6.28025003256412,42,30,750,GRAB,,2026_03.csv,MARKET,1,63,2026-04-13T18:10:00-05:00,2026-04-13T18:10:00-05:00,11599,11599,,,,,,,,,,,,,,LOW,545.75,608,85.8304743837786,,BOS_UP,,527,66.7614042618672,,,,,3.42063732083772,15,,,1.88724817701391,0.550447384962391,,,2,,,52.0565955493004,,,,0,1,6,,,-0.714285714285714
-11.2071498378978,-21.4447076145925,42,30,750,SWEEP,,2026_03.csv,MARKET,1,65,2026-04-14T00:21:00-05:00,2026-04-14T00:21:00-05:00,11970,11970,,,,,,,,,,,,,,LOW,38.25,315,18.6122304246772,,BOS_UP,,898,196.340783695614,,,,,0.364945694601513,386,,,0,0.973188518937368,,,4,,,150.844220435292,,,,0,2,7,,,-0.555555555555556
-14.4585619545758,-3.47193298357644,42,30,750,GRAB,,2026_03.csv,MARKET,1,67,2026-04-14T04:02:00-05:00,2026-04-14T04:02:00-05:00,12191,12191,,,,,,,,,,,,,,LOW,109.5,158,20.8209957486012,,BOS_UP,,119,14.4035655521146,,,,,12.1693491133377,97,,,1.71131471906311,0.332755639817828,,,4,,,16.3525628710475,,,,0,1,8,,,-0.777777777777778
-20.3096322331385,-6.26654396441343,42,30,750,SWEEP,,2026_03.csv,MARKET,1,69,2026-04-14T20:48:00-05:00,2026-04-14T20:48:00-05:00,13137,13137,,,,,,,,,,,,,,LOW,422.5,828,108.152575319148,,BOS_UP,,771,94.3295242724406,,,,,3.19978033488604,129,,,1.59989016744302,0.191986820093163,,,2,,,98.4892387077925,,,,0,1,9,,,-0.8
-9.76164459787407,-20.6260776492051,42,30,750,RUN,,2026_03.csv,MARKET,1,70,2026-04-14T21:42:00-05:00,2026-04-14T21:42:00-05:00,13191,13191,,,,,,,,,,,,,,HIGH,52.5,54,12.156146200029,,BOS_UP,,825,73.1684228420794,,,,,1.85236513524252,114,,,0,0.810409746668601,,,4,,,76.9310395230408,,,,0,1,10,,,-0.818181818181818
-8.30377406906001,-21.5664283067678,42,30,750,SWEEP,,2026_03.csv,MARKET,1,71,2026-04-15T00:00:00-05:00,2026-04-15T00:00:00-05:00,13329,13329,,,,,,,,,,,,,,LOW,68,138,11.6710206751861,,BOS_UP,,963,65.9069402834038,,,,,2.91775516879652,184,,,3.30392864701959,0.0858163284940153,,,0,,,68.6959709594593,,,,0,1,10,,,-0.818181818181818
12.7545864208015,-9.25042373996674,42,30,750,SWEEP,,2026_03.csv,MARKET,1,72,2026-04-15T00:51:00-05:00,2026-04-15T00:51:00-05:00,13380,13380,,,,,,,,,,,,,,HIGH,92,51,18.1733546631254,,CHOCH_DOWN,,28,4.74087512951099,,,,,0,0,,,0.0493841159324061,0.641993507121279,,,6,,,7.95084266511738,,,,1,1,10,,,-0.818181818181818
-3.57055307768931,-4.73646134160809,42,30,750,SWEEP,,2026_03.csv,MARKET,1,73,2026-04-15T04:01:00-05:00,2026-04-15T04:01:00-05:00,13570,13570,,,,,,,,,,,,,,LOW,72.25,190,17.0749336171256,,CHOCH_DOWN,,218,11.4029833498451,,,,,0.590828152841717,427,,,0,0.118165630568343,,,3,,,6.85360657296391,,,,0,2,10,,,-0.666666666666667
-15.653283514205,-6.98166634484506,42,30,750,GRAB,,2026_03.csv,MARKET,1,75,2026-04-15T11:23:00-05:00,2026-04-15T11:23:00-05:00,14012,14012,,,,,,,,,,,,,,LOW,317.75,350,38.2891737662523,,CHOCH_UP,,165,25.6968255095305,,,,,7.77231064649339,23,,,1.17488416749319,0.301252350639279,,,4,,,25.5461993342108,,,,0,1,10,,,-0.818181818181818
-17.7669285244862,-6.52549436077553,42,30,750,GRAB,,2026_03.csv,MARKET,1,77,2026-04-15T20:44:00-05:00,2026-04-15T20:44:00-05:00,14513,14513,,,,,,,,,,,,,,LOW,363,468,65.4364858082313,,BOS_UP,,388,38.5318149903841,,,,,11.942609324505,122,,,2.2082560637764,0.721063204498417,,,5,,,38.7120807915087,,,,0,1,11,,,-0.833333333333333
-8.10299665421197,-19.8532106656693,42,30,750,GRAB,,2026_03.csv,MARKET,1,78,2026-04-16T00:02:00-05:00,2026-04-16T00:02:00-05:00,14711,14711,,,,,,,,,,,,,,HIGH,48.75,198,13.3115164669031,,BOS_UP,,586,45.0543634264413,,,,,4.77849309068317,320,,,0.136528374019519,0.477849309068317,,,2,,,45.3274201744804,,,,0,1,12,,,-0.846153846153846
-12.255992905266,-4.71052071726186,42,30,750,SWEEP,,2026_03.csv,MARKET,1,79,2026-04-16T02:40:00-05:00,2026-04-16T02:40:00-05:00,14869,14869,,,,,,,,,,,,,,LOW,71.5,158,14.8149545760569,,BOS_UP,,98,4.71384918329082,,,,,4.86925080471799,60,,,1.60581675474742,0.518005404757233,,,1,,,6.83767134279548,,,,0,2,12,,,-0.714285714285714
-2.80010200688912,-2.86006879384604,42,30,750,GRAB,,2026_03.csv,MARKET,1,81,2026-04-16T05:47:00-05:00,2026-04-16T05:47:00-05:00,15056,15056,,,,,,,,,,,,,,HIGH,123.5,187,15.6845627988854,,CHOCH_DOWN,,132,6.60402644163595,,,,,2.79401118684598,705,,,0.0317501271232497,0.0952503813697492,,,8,,,7.04852822136144,,,,0,2,12,,,-0.714285714285714
-11.2246223498967,-5.5053440103442,42,30,750,GRAB,,2026_03.csv,MARKET,1,83,2026-04-16T11:18:00-05:00,2026-04-16T11:18:00-05:00,15387,15387,,,,,,,,,,,,,,LOW,288.5,143,29.6560187377469,,CHOCH_UP,,56,7.81233075933715,,,,,1.87598732049872,15,,,2.5698456445188,0.102793825780752,,,1,,,8.19780760601497,,,,0,1,12,,,-0.846153846153846
-6.8495100892303,-11.5057564739361,42,30,750,RUN,,2026_03.csv,MARKET,1,85,2026-04-16T20:07:00-05:00,2026-04-16T20:07:00-05:00,15856,15856,,,,,,,,,,,,,,LOW,142.75,339,31.2094935543387,,CHOCH_UP,,525,2.13164667008618,,,,,0.16397282077586,248,,,0,0.8198641038793,,,3,,,2.95151077396548,,,,0,2,13,,,-0.733333333333333
-17.1757638109071,-5.77505979203629,42,30,750,RUN,,2026_03.csv,MARKET,1,87,2026-04-17T11:36:00-05:00,2026-04-17T11:36:00-05:00,16785,16785,,,,,,,,,,,,,,LOW,444.75,693,40.0468300071509,,BOS_UP,,486,34.8468200399492,,,,,12.6511065002916,144,,,1.66580405875726,0.810391163719749,,,1,,,35.3195482187857,,,,0,1,14,,,-0.866666666666667
-1.95896121798944,-12.9134661449921,42,30,750,RUN,,2026_03.csv,MARKET,1,88,2026-04-17T12:24:00-05:00,2026-04-17T12:24:00-05:00,16833,16833,,,,,,,,,,,,,,HIGH,149.25,48,7.54447405617839,,BOS_UP,,534,12.0180817879827,,,,,0.442305849189688,192,,,0,0.593953568911867,,,2,,,12.2834652974965,,,,0,1,15,,,-0.875
-7.99598024502134,-20.0633114322719,42,30,750,RUN,,2026_03.csv,MARKET,1,89,2026-04-17T15:16:00-05:00,2026-04-17T15:16:00-05:00,17005,17005,,,,,,,,,,,,,,LOW,109.5,172,15.0880958210284,,BOS_UP,,706,47.8478655146311,,,,,4.30596341924326,143,,,0,0.413372488247353,,,1,,,48.571267369064,,,,0,2,15,,,-0.764705882352941
-0.275419666899644,-24.2970105640902,42,30,750,GRAB,,2026_03.csv,MARKET,1,91,2026-04-19T20:56:00-05:00,2026-04-19T20:56:00-05:00,17285,17285,,,,,,,,,,,,,,LOW,179.75,236,34.346281853873,,BOS_UP,,986,41.4639397067619,,,,,2.34070627376882,5,,,0,50.7789952860459,,,0,,,42.4670995383771,,,,0,3,15,,,-0.666666666666667
-5.62412948962574,-16.0075801680556,42,30,750,SWEEP,,2026_03.csv,MARKET,1,92,2026-04-20T00:44:00-05:00,2026-04-20T00:44:00-05:00,17513,17513,,,,,,,,,,,,,,HIGH,102.75,228,14.7784019304974,,BOS_UP,,1214,16.4324323168792,,,,,2.91253176732431,896,,,0,1.3304157455679,,,4,,,17.1875331454447,,,,0,3,16,,,-0.684210526315789
-1.37742227555304,-20.4990727854907,42,30,750,SWEEP,,2026_03.csv,MARKET,1,93,2026-04-20T08:30:00-05:00,2026-04-20T08:30:00-05:00,17979,17979,,,,,,,,,,,,,,LOW,215.75,466,17.9493895937907,,BOS_UP,,369,9.40107079535734,,,,,1.16473443482303,1117,,,0,22.1091554324444,,,5,,,10.5450064009871,,,,0,3,16,,,-0.684210526315789
13.1358186651766,-11.6705636038818,42,30,750,SWEEP,,2026_03.csv,MARKET,1,94,2026-04-20T10:07:00-05:00,2026-04-20T10:07:00-05:00,18076,18076,,,,,,,,,,,,,,HIGH,259,97,11.840719734928,,CHOCH_DOWN,,3,1.97726304453914,,,,,1.0514924861133,2704,,,0.0114292661534054,0.0342877984602162,,,3,,,2.58301415066962,,,,1,3,16,,,-0.684210526315789
-0.456600731866567,-23.7651066604142,42,30,750,RUN,,2026_03.csv,MARKET,1,95,2026-04-20T19:10:00-05:00,2026-04-20T19:10:00-05:00,18559,18559,,,,,,,,,,,,,,LOW,250.25,483,42.0549427200853,,CHOCH_DOWN,,486,34.7867058663643,,,,,0.882271525596195,1697,,,0,44.6597443670836,,,1,,,19.8301028610192,,,,0,4,16,,,-0.6
-2.89200449519768,-14.2981358331806,42,30,750,RUN,,2026_03.csv,MARKET,1,96,2026-04-20T19:38:00-05:00,2026-04-20T19:38:00-05:00,18587,18587,,,,,,,,,,,,,,HIGH,34,28,6.32508583274028,,CHOCH_DOWN,,514,32.1835249724726,,,,,1.16269960160667,1605,,,0,1.58127145818507,,,0,,,15.6266826455936,,,,0,4,17,,,-0.619047619047619
-0.638545247765531,-22.6417063173148,42,30,750,SWEEP,,2026_03.csv,MARKET,1,97,2026-04-20T19:47:00-05:00,2026-04-20T19:47:00-05:00,18596,18596,,,,,,,,,,,,,,LOW,53.5,9,6.67107508307532,,CHOCH_DOWN,,523,28.242962734889,,,,,3.08615155712363,1734,,,0,33.1371626790143,,,2,,,17.1452864284646,,,,0,4,17,,,-0.619047619047619
-6.49671342601517,-18.4632294762227,42,30,750,RUN,,2026_03.csv,MARKET,1,98,2026-04-20T22:22:00-05:00,2026-04-20T22:22:00-05:00,18751,18751,,,,,,,,,,,,,,HIGH,48.5,155,13.8336486432781,,CHOCH_DOWN,,678,50.7709166701752,,,,,0.356537336166961,1769,,,0,0.926997074034099,,,4,,,25.3854583350876,,,,0,3,18,,,-0.714285714285714
3.33626189619489,-14.1115881309486,42,30,750,SWEEP,,2026_03.csv,MARKET,1,99,2026-04-21T01:10:00-05:00,2026-04-21T01:10:00-05:00,18918,18918,,,,,,,,,,,,,,LOW,67.25,167,12.9630403290839,,CHOCH_UP,,61,3.61423057502338,,,,,2.84319471901839,53,,,0,3.51785109302276,,,3,,,3.51785109302276,,,,0,2,18,,,-0.8
1.62654277366762,-12.2958096382701,42,30,750,RUN,,2026_03.csv,MARKET,1,100,2026-04-21T03:06:00-05:00,2026-04-21T03:06:00-05:00,19034,19034,,,,,,,,,,,,,,HIGH,60,116,9.25038097560607,,CHOCH_UP,,177,6.35963692072917,,,,,0.847951589430556,527,,,0,0.192716270325126,,,2,,,5.62731509349369,,,,0,2,19,,,-0.80952380952381
-12.7421998540529,-5.85432257617216,42,30,750,GRAB,,2026_03.csv,MARKET,1,101,2026-04-21T06:40:00-05:00,2026-04-21T06:40:00-05:00,19248,19248,,,,,,,,,,,,,,LOW,104.5,214,15.2243366293472,,BOS_UP,,62,6.48309071776027,,,,,6.73804372351489,316,,,1.96678033010705,0.874124591158688,,,2,,,7.10226230316434,,,,0,1,19,,,-0.9
-3.84959904204192,-10.9987454796177,42,30,750,RUN,,2026_03.csv,MARKET,1,102,2026-04-21T12:20:00-05:00,2026-04-21T12:20:00-05:00,19588,19588,,,,,,,,,,,,,,HIGH,301.75,340,16.5006713790579,,CHOCH_DOWN,,230,10.7862715145623,,,,,1.76353488641133,2971,,,0,1.91391383021384,,,4,,,1.38075212036856,,,,0,1,17,,,-0.888888888888889
-0.971465627974772,-11.05945515617,42,30,750,SWEEP,,2026_03.csv,MARKET,1,103,2026-04-21T14:32:00-05:00,2026-04-21T14:32:00-05:00,19720,19720,,,,,,,,,,,,,,LOW,186.5,132,13.5187947324871,,CHOCH_DOWN,,362,0.779233476537458,,,,,0.344312466377016,2738,,,0,1.17791106918453,,,2,,,1.61283207934497,,,,0,2,17,,,-0.789473684210526
-9.95257329285812,-11.4187717613196,42,30,750,SWEEP,,2026_03.csv,MARKET,1,105,2026-04-21T21:29:00-05:00,2026-04-21T21:29:00-05:00,20077,20077,,,,,,,,,,,,,,LOW,286,345,65.893495512763,,CHOCH_UP,,140,11.8078379196822,,,,,0.806388931100246,1205,,,0,1.6703770715648,,,1,,,0,,,,0,2,16,,,-0.777777777777778
1.49430116434245,-11.175742490263,42,30,750,SWEEP,,2026_03.csv,MARKET,1,106,2026-04-22T00:00:00-05:00,2026-04-22T00:00:00-05:00,20228,20228,,,,,,,,,,,,,,HIGH,72.25,151,15.4651886253549,,CHOCH_UP,,291,4.49507212640073,,,,,0.481614870685792,2236,,,0,0.856204214552519,,,4,,,2.03348500956223,,,,0,2,17,,,-0.789473684210526
0.608196807442467,-15.3067733683432,42,30,750,SWEEP,,2026_03.csv,MARKET,1,107,2026-04-22T02:44:00-05:00,2026-04-22T02:44:00-05:00,20392,20392,,,,,,,,,,,,,,LOW,99,164,14.9921934962911,,BOS_UP,,144,4.05092096995745,,,,,1.36292668148101,1460,,,0,1.93081279876476,,,1,,,1.74151742633685,,,,0,2,17,,,-0.789473684210526
-0.522132689010444,-14.0163468722253,42,30,750,RUN,,2026_03.csv,MARKET,1,108,2026-04-22T06:43:00-05:00,2026-04-22T06:43:00-05:00,20631,20631,,,,,,,,,,,,,,HIGH,58.5,239,8.49123717424499,,BOS_UP,,383,4.60849197063724,,,,,0.0725746767029486,1870,,,0,0.290298706811794,,,1,,,0.399160721866217,,,,0,2,18,,,-0.8
-13.7025025457354,-10.1188549887275,42,30,750,SWEEP,,2026_03.csv,MARKET,1,109,2026-04-22T15:08:00-05:00,2026-04-22T15:08:00-05:00,21136,21136,,,,,,,,,,,,,,LOW,330,505,23.8407433268668,,BOS_UP,,482,19.614429737104,,,,,0,0,,,1.67968873439289,0.126428184309142,,,4,,,19.8131025981612,,,,0,1,18,,,-0.894736842105263
-5.93847321459098,-13.9592881499863,42,30,750,SWEEP,,2026_03.csv,MARKET,1,110,2026-04-22T22:40:00-05:00,2026-04-22T22:40:00-05:00,21528,21528,,,,,,,,,,,,,,HIGH,271,392,33.1865310968591,,BOS_UP,,874,0.0612297621713267,,,,,1.16336548125521,2596,,,0,0.887831551484237,,,5,,,0.397993454113624,,,,0,1,19,,,-0.9
-2.92537763521342,-16.4977932365073,42,30,750,GRAB,,2026_03.csv,MARKET,1,111,2026-04-23T02:49:00-05:00,2026-04-23T02:49:00-05:00,21777,21777,,,,,,,,,,,,,,LOW,148.5,249,16.4958007990803,,BOS_UP,,1123,16.5513422159122,,,,,0.638726293567082,920,,,0,0.16662425049576,,,0,,,16.8568200084878,,,,0,2,19,,,-0.80952380952381
-5.64541585919969,-15.6498004224349,42,30,750,SWEEP,,2026_03.csv,MARKET,1,112,2026-04-23T04:08:00-05:00,2026-04-23T04:08:00-05:00,21856,21856,,,,,,,,,,,,,,HIGH,123.5,79,14.8001510980856,,BOS_UP,,1202,3.05590164373427,,,,,3.95469624483258,283,,,0,0.958714241171536,,,6,,,3.38545966413698,,,,0,2,20,,,-0.818181818181818
-13.5041207235216,-10.2425792597899,42,30,750,SWEEP,,2026_03.csv,MARKET,1,113,2026-04-23T10:33:00-05:00,2026-04-23T10:33:00-05:00,22241,22241,,,,,,,,,,,,,,LOW,265.75,385,22.7181479560422,,BOS_UP,,226,12.1605138165456,,,,,1.68836659315835,1105,,,1.06858645136605,0.213717290273209,,,5,,,15.9005663963268,,,,0,1,20,,,-0.904761904761905
-10.8626963344171,-10.8638915789008,42,30,750,GRAB,,2026_03.csv,MARKET,1,115,2026-04-23T19:30:00-05:00,2026-04-23T19:30:00-05:00,22718,22718,,,,,,,,,,,,,,LOW,454,344,71.7954250863397,,CHOCH_DOWN,,371,38.8628319712951,,,,,0.0395349257083368,1582,,,0,1.14651284554177,,,3,,,26.2511906703356,,,,0,2,17,,,-0.789473684210526
-2.05184830878059,-19.254663886692,42,30,750,SWEEP,,2026_03.csv,MARKET,1,116,2026-04-23T23:25:00-05:00,2026-04-23T23:25:00-05:00,22953,22953,,,,,,,,,,,,,,HIGH,119.5,235,20.2541604176928,,CHOCH_DOWN,,606,21.3982238722487,,,,,1.22880889563408,50,,,0,11.567752707176,,,3,,,7.88132602027377,,,,0,2,18,,,-0.8
11.5950591174888,-12.8166227729726,42,30,750,SWEEP,,2026_03.csv,MARKET,1,117,2026-04-24T03:21:00-05:00,2026-04-24T03:21:00-05:00,23189,23189,,,,,,,,,,,,,,LOW,137.5,236,13.2020646975766,,CHOCH_UP,,1,1.72827028768276,,,,,1.70426653368717,2053,,,0.504078833907472,0.192030031964751,,,1,,,5.85691597492491,,,,1,2,18,,,-0.8
2.33579115725385,-12.9512248854768,42,30,750,SWEEP,,2026_03.csv,MARKET,1,118,2026-04-24T04:22:00-05:00,2026-04-24T04:22:00-05:00,23250,23250,,,,,,,,,,,,,,HIGH,89.25,61,10.4771592146194,,CHOCH_UP,,62,8.36411870074659,,,,,0.733694622872508,558,,,0,0.381521203893704,,,0,,,2.58260507251123,,,,0,2,19,,,-0.80952380952381
-11.6518050045176,-6.93258659496049,42,30,750,GRAB,,2026_03.csv,MARKET,1,119,2026-04-24T06:30:00-05:00,2026-04-24T06:30:00-05:00,23378,23378,,,,,,,,,,,,,,LOW,299.25,128,14.1310656577054,,BOS_UP,,70,9.91653730365294,,,,,4.65132821147531,9,,,3.69509068576592,0.31874584190313,,,2,,,9.99917511451672,,,,0,1,19,,,-0.9
-0.101443350659325,-13.0499043355999,42,30,750,SWEEP,,2026_03.csv,MARKET,1,120,2026-04-24T08:56:00-05:00,2026-04-24T08:56:00-05:00,23524,23524,,,,,,,,,,,,,,HIGH,233.5,146,9.17613340194708,,BOS_UP,,216,0.923508072572833,,,,,0.167017417380193,726,,,0,0.0982455396354077,,,2,,,0.668069669520773,,,,0,1,20,,,-0.904761904761905
-11.9557222474507,-7.24408990706945,42,30,750,SWEEP,,2026_03.csv,MARKET,1,121,2026-04-24T12:54:00-05:00,2026-04-24T12:54:00-05:00,23762,23762,,,,,,,,,,,,,,LOW,332.25,238,28.4229148431963,,BOS_UP,,130,8.44774368928709,,,,,5.00448613491944,108,,,3.87099141205307,0.128320157305627,,,1,,,11.5274274646221,,,,0,1,20,,,-0.904761904761905
-0.789487209363506,-12.8939601887174,42,30,750,SWEEP,,2026_03.csv,MARKET,1,122,2026-04-26T17:06:00-05:00,2026-04-26T17:06:00-05:00,23954,23954,,,,,,,,,,,,,,HIGH,118.25,192,10.5004609777732,,BOS_UP,,322,1.73157707455879,,,,,3.59635238562211,157,,,0,2.66396473009045,,,3,,,1.46518060154975,,,,0,1,21,,,-0.909090909090909
-14.019682199584,-8.53862498585951,42,30,750,GRAB,,2026_03.csv,MARKET,1,123,2026-04-26T23:39:00-05:00,2026-04-26T23:39:00-05:00,24347,24347,,,,,,,,,,,,,,LOW,195.75,393,51.3387863447563,,BOS_UP,,219,20.3257008516915,,,,,4.45854083198394,51,,,1.83586975434633,1.24576876187787,,,2,,,20.9813686211009,,,,0,1,21,,,-0.909090909090909
-1.10375546940507,-14.7106006305575,42,30,750,SWEEP,,2026_03.csv,MARKET,1,124,2026-04-27T03:15:00-05:00,2026-04-27T03:15:00-05:00,24563,24563,,,,,,,,,,,,,,HIGH,152,216,17.8110473840467,,BOS_UP,,435,8.7297567770492,,,,,0,0,,,0,0.35153382994829,,,0,,,7.05997108479482,,,,0,1,22,,,-0.91304347826087
-1.82752292390523,-16.0453542577711,42,30,750,SWEEP,,2026_03.csv,MARKET,1,125,2026-04-27T06:32:00-05:00,2026-04-27T06:32:00-05:00,24760,24760,,,,,,,,,,,,,,LOW,112.25,197,20.7598441655126,,BOS_UP,,632,6.98159569931491,,,,,4.20745171283217,464,,,0,1.1096575945931,,,0,,,7.44395303039537,,,,0,2,22,,,-0.833333333333333
12.5425894426402,-12.1940906107723,42,30,750,GRAB,,2026_03.csv,MARKET,1,126,2026-04-27T08:52:00-05:00,2026-04-27T08:52:00-05:00,24900,24900,,,,,,,,,,,,,,HIGH,201.75,140,8.14714402524513,,CHOCH_DOWN,,22,3.61422250438384,,,,,1.28214038563337,1412,,,0,0.191816278165623,,,2,,,0.777360706250155,,,,1,2,21,,,-0.826086956521739
-8.39841502766324,-11.5882612957019,42,30,750,RUN,,2026_03.csv,MARKET,1,127,2026-04-27T19:11:00-05:00,2026-04-27T19:11:00-05:00,25459,25459,,,,,,,,,,,,,,LOW,213.5,559,30.8505653507178,,CHOCH_UP,,32,1.69786483780297,,,,,1.58949048645384,1163,,,0,0.758620459443879,,,3,,,1.66174005401993,,,,0,2,21,,,-0.826086956521739
1.46059135595475,-13.2442658657286,42,30,750,RUN,,2026_03.csv,MARKET,1,128,2026-04-27T21:58:00-05:00,2026-04-27T21:58:00-05:00,25626,25626,,,,,,,,,,,,,,HIGH,126,167,20.702648105382,,CHOCH_UP,,199,18.7720440161896,,,,,0.205383413743869,1829,,,0,0.410766827487738,,,1,,,1.15014711696567,,,,0,2,22,,,-0.833333333333333
2.45611087372648,-14.4573042109883,42,30,750,RUN,,2026_03.csv,MARKET,1,129,2026-04-27T23:46:00-05:00,2026-04-27T23:46:00-05:00,25734,25734,,,,,,,,,,,,,,LOW,53.5,108,17.8950520576083,,CHOCH_UP,,307,20.32008247663,,,,,0.16724347717391,1267,,,0,5.10092605380424,,,2,,,4.09746519076079,,,,0,3,22,,,-0.76
-4.94261358512151,-10.3880020740069,42,30,750,GRAB,,2026_03.csv,MARKET,1,130,2026-04-28T07:31:00-05:00,2026-04-28T07:31:00-05:00,26199,26199,,,,,,,,,,,,,,HIGH,403,465,24.3924918731097,,CHOCH_DOWN,,440,21.1542826542229,,,,,0.438822744615497,6,,,0,0.0151318187798447,,,2,,,3.02636375596895,,,,0,3,19,,,-0.727272727272727
-0.65997066825322,-11.0789045592015,42,30,750,RUN,,2026_03.csv,MARKET,1,131,2026-04-28T08:49:00-05:00,2026-04-28T08:49:00-05:00,26277,26277,,,,,,,,,,,,,,LOW,215.5,78,8.86260597724119,,CHOCH_DOWN,,518,5.51085476079035,,,,,0.544916608809493,2908,,,0,0.452383599766372,,,2,,,2.704020153149,,,,0,4,19,,,-0.652173913043478
-9.83235617249966,-12.7341333116578,42,30,750,SWEEP,,2026_03.csv,MARKET,1,133,2026-04-28T19:30:00-05:00,2026-04-28T19:30:00-05:00,26858,26858,,,,,,,,,,,,,,LOW,284.5,461,53.3610584932072,,CHOCH_UP,,30,7.87755520813604,,,,,1.64115733502834,918,,,0,0.937804191444766,,,2,,,4.45456990936264,,,,1,4,18,,,-0.636363636363636
2.82786994526253,-12.4866209902377,42,30,750,RUN,,2026_03.csv,MARKET,1,134,2026-04-28T20:08:00-05:00,2026-04-28T20:08:00-05:00,26896,26896,,,,,,,,,,,,,,HIGH,102.25,38,10.8591344407083,,CHOCH_UP,,68,6.39865868022174,,,,,0,276,,,0,0.584109921016093,,,1,,,4.22152170188903,,,,0,4,19,,,-0.652173913043478
1.33607279473418,-15.9791250507285,42,30,750,RUN,,2026_03.csv,MARKET,1,135,2026-04-29T01:05:00-05:00,2026-04-29T01:05:00-05:00,27193,27193,,,,,,,,,,,,,,LOW,125.5,297,24.2127684080667,,BOS_UP,,112,4.48563239432311,,,,,0,0,,,0,0.627023883077424,,,2,,,0.0964652127811422,,,,0,4,19,,,-0.652173913043478
0.492815025897643,-14.189437833293,42,30,750,SWEEP,,2026_03.csv,MARKET,1,136,2026-04-29T03:16:00-05:00,2026-04-29T03:16:00-05:00,27324,27324,,,,,,,,,,,,,,HIGH,119.25,131,11.1229385812824,,BOS_UP,,243,8.95431533587518,,,,,0.582963238012707,704,,,0,2.02871206828422,,,1,,,3.84755737088387,,,,0,4,20,,,-0.666666666666667
2.17503822318266,-15.8978722804288,42,30,750,SWEEP,,2026_03.csv,MARKET,1,137,2026-04-29T05:32:00-05:00,2026-04-29T05:32:00-05:00,27460,27460,,,,,,,,,,,,,,LOW,90.5,136,13.3200290018477,,BOS_UP,,379,0.809504524974172,,,,,0.0735913204521974,367,,,0,1.03027848633076,,,3,,,0.110386980678296,,,,0,5,20,,,-0.6
12.9589910813255,-12.6490957567877,42,30,750,SWEEP,,2026_03.csv,MARKET,1,138,2026-04-29T08:35:00-05:00,2026-04-29T08:35:00-05:00,27643,27643,,,,,,,,,,,,,,HIGH,164.25,183,8.71408849377498,,CHOCH_DOWN,,5,3.91271857787461,,,,,0.0928441696444822,4845,,,0,0.809070621187631,,,1,,,1.12739348854014,,,,1,5,19,,,-0.583333333333333
14.8119982003738,-12.031070987268,42,30,750,RUN,,2026_03.csv,MARKET,1,139,2026-04-29T09:37:00-05:00,2026-04-29T09:37:00-05:00,27705,27705,,,,,,,,,,,,,,LOW,191.25,62,12.2228709180891,,CHOCH_UP,,2,1.7255817766714,,,,,0.111843263302776,512,,,0,0.335529789908327,,,5,,,0.143798481389283,,,,1,5,19,,,-0.583333333333333
2.66590869876134,-11.0450087567762,42,30,750,SWEEP,,2026_03.csv,MARKET,1,140,2026-04-29T11:34:00-05:00,2026-04-29T11:34:00-05:00,27822,27822,,,,,,,,,,,,,,HIGH,162,117,10.7412161776004,,CHOCH_UP,,119,8.95101348133363,,,,,1.12716466061238,4474,,,0,1.21004441506918,,,4,,,0.0994557053481514,,,,0,5,20,,,-0.6
0.480159550764154,-16.3441052607775,42,30,750,RUN,,2026_03.csv,MARKET,1,141,2026-04-29T15:03:00-05:00,2026-04-29T15:03:00-05:00,28031,28031,,,,,,,,,,,,,,LOW,260.5,209,7.78889041815876,,BOS_UP,,49,2.94512747097366,,,,,0.0224248284591903,3124,,,0,0.0523245997381107,,,0,,,0.0149498856394602,,,,0,4,20,,,-0.666666666666667
-15.7183904057486,-8.28585766697269,42,30,750,GRAB,,2026_03.csv,MARKET,1,143,2026-04-29T19:39:00-05:00,2026-04-29T19:39:00-05:00,28247,28247,,,,,,,,,,,,,,LOW,528.75,201,53.1887832693111,,CHOCH_UP,,146,20.9988813380023,,,,,10.0341959926502,3951,,,1.30771476595942,0.402373774141361,,,3,,,12.2975484721953,,,,0,1,19,,,-0.9
-5.23375451511929,-11.9108088579486,42,30,750,GRAB,,2026_03.csv,MARKET,1,144,2026-04-30T01:11:00-05:00,2026-04-30T01:11:00-05:00,28579,28579,,,,,,,,,,,,,,HIGH,437.5,332,36.0129614936431,,CHOCH_UP,,478,18.8296341523905,,,,,0.288103691949145,5234,,,0,6.15307170662817,,,2,,,1.83151632739099,,,,0,1,20,,,-0.904761904761905
-6.30329737635176,-12.9121265057621,42,30,750,RUN,,2026_03.csv,MARKET,1,145,2026-04-30T07:30:00-05:00,2026-04-30T07:30:00-05:00,28958,28958,,,,,,,,,,,,,,LOW,364.75,379,29.556996385269,,CHOCH_UP,,857,11.0205661642127,,,,,2.18790651789517,4662,,,0.162067149473716,0.324134298947432,,,4,,,4.01116194947447,,,,0,2,20,,,-0.818181818181818
-15.0424253929997,-8.637395216578,42,30,750,RUN,,2026_03.csv,MARKET,1,147,2026-04-30T17:08:00-05:00,2026-04-30T17:08:00-05:00,29476,29476,,,,,,,,,,,,,,LOW,483.25,411,41.4004481613489,,CHOCH_UP,,188,8.2672390016972,,,,,5.44010027572821,22,,,1.4135693629845,0.599696093387362,,,3,,,8.43858074266502,,,,0,1,20,,,-0.904761904761905
10.9300711434314,-4.04861980726836,42,30,750,SWEEP,,2026_06_29.csv,MARKET,1,3,2026-06-01T00:29:00-05:00,2026-06-01T00:29:00-05:00,29,29,,,,,,,,,,,,,,HIGH,30,24,5.467305124048,,BOS_DOWN,,20,3.18926132236133,,,,,0,-1,,,1.95911766945053,0.2733652562024,,,2,,,4.41940497527213,,,,1,1,1,,,0
10.3100231380393,-4.33091273754699,42,30,750,RUN,,2026_06_29.csv,MARKET,1,4,2026-06-01T00:51:00-05:00,2026-06-01T00:51:00-05:00,51,51,,,,,,,,,,,,,,LOW,41.25,22,7.23117437379195,,CHOCH_UP,,3,1.97213846557962,,,,,0,-1,,,1.6215360716988,0.569728890056336,,,2,,,1.97213846557962,,,,1,1,1,,,0
-13.815335186005,2.60239193463911,42,30,750,SWEEP,,2026_06_29.csv,MARKET,1,5,2026-06-01T08:27:00-05:00,2026-06-01T08:27:00-05:00,507,507,,,,,,,,,,,,,,HIGH,300.75,456,14.0649416024818,,CHOCH_DOWN,,366,12.1358348988995,,,,,8.41792016108636,128,,,1.04054846435651,0.280597338702879,,,6,,,13.0594678054631,,,,0,1,1,,,0
5.20091532828422,-6.56849695829629,42,30,750,SWEEP,,2026_06_29.csv,MARKET,1,6,2026-06-01T12:43:00-05:00,2026-06-01T12:43:00-05:00,763,763,,,,,,,,,,,,,,LOW,401.5,256,20.7285748562946,,CHOCH_UP,,14,5.20150415136159,,,,,7.87324449709819,64,,,4.45290057622767,0.193604372879464,,,1,,,5.78231726999998,,,,1,1,1,,,0
-17.5858504542397,0.0375227331800509,42,30,750,RUN,,2026_06_29.csv,MARKET,1,7,2026-06-01T22:20:00-05:00,2026-06-01T22:20:00-05:00,1280,1280,,,,,,,,,,,,,,HIGH,375.25,517,43.6205372413773,,CHOCH_UP,,531,31.9089606202747,,,,,17.0006757403103,225,,,0,0.464975746743529,,,3,,,27.172020200325,,,,0,1,2,,,-0.333333333333333
-8.18544443712404,10.0954290771211,42,30,750,RUN,,2026_06_29.csv,MARKET,1,8,2026-06-02T04:50:00-05:00,2026-06-02T04:50:00-05:00,1670,1670,,,,,,,,,,,,,,LOW,268.25,390,31.9367997602234,,CHOCH_UP,,921,0.744100646789922,,,,,3.66097518220641,806,,,0,1.01197687963429,,,2,,,0.595280517431937,,,,0,2,2,,,0
9.27777788781658,5.27520042009008,42,30,750,SWEEP,,2026_06_29.csv,MARKET,1,9,2026-06-02T08:41:00-05:00,2026-06-02T08:41:00-05:00,1901,1901,,,,,,,,,,,,,,HIGH,162.25,231,6.56881925985662,,CHOCH_UP,,1152,6.82185544089887,,,,,1.62955300591204,846,,,0,0.445343678634347,,,0,,,5.17205954050344,,,,0,2,3,,,-0.2
-11.8003801523595,-2.71426661439048,42,30,750,GRAB,,2026_06_29.csv,MARKET,1,10,2026-06-02T11:07:00-05:00,2026-06-02T11:07:00-05:00,2047,2047,,,,,,,,,,,,,,LOW,289.5,146,24.0259249518819,,BOS_UP,,129,10.5606181351536,,,,,2.63496758971417,21,,,1.97103874821138,0.0207477762969619,,,1,,,10.9755736610929,,,,0,1,3,,,-0.5
-0.127258987822981,-4.23593240586662,42,30,750,RUN,,2026_06_29.csv,MARKET,1,11,2026-06-02T13:40:00-05:00,2026-06-02T13:40:00-05:00,2200,2200,,,,,,,,,,,,,,HIGH,114.75,153,11.8968026297161,,BOS_UP,,282,1.29594799887975,,,,,1.89208407836443,1336,,,0.0777568799327849,0.311027519731139,,,3,,,1.81432719843165,,,,0,1,4,,,-0.6
-8.00341871713839,-5.59987682199009,42,30,750,SWEEP,,2026_06_29.csv,MARKET,1,12,2026-06-02T15:05:00-05:00,2026-06-02T15:05:00-05:00,2285,2285,,,,,,,,,,,,,,LOW,164.75,85,13.1656210115146,,BOS_UP,,7,3.99563611882083,,,,,6.53286505427206,259,,,3.57609432634465,1.01888721029931,,,2,,,4.55502517545575,,,,1,1,4,,,-0.6
13.2502998884833,-8.65578249253085,42,30,750,RUN,,2026_06_29.csv,MARKET,1,13,2026-06-02T18:25:00-05:00,2026-06-02T18:25:00-05:00,2425,2425,,,,,,,,,,,,,,HIGH,202,140,13.5239063325043,,CHOCH_DOWN,,2,2.49388866775142,,,,,0.401700188094188,1524,,,0,0.652762805653056,,,6,,,0,,,,1,1,4,,,-0.6
-6.13018239967387,3.32317315187427,42,30,750,RUN,,2026_06_29.csv,MARKET,1,14,2026-06-02T23:35:00-05:00,2026-06-02T23:35:00-05:00,2735,2735,,,,,,,,,,,,,,LOW,169.25,310,43.1053272827703,,CHOCH_DOWN,,312,33.6183350152182,,,,,1.7191194041873,424,,,0,2.48317247271498,,,3,,,6.17609563726547,,,,0,2,4,,,-0.333333333333333
-0.700058306096958,-1.98843127423826,42,30,750,GRAB,,2026_06_29.csv,MARKET,1,15,2026-06-03T01:12:00-05:00,2026-06-03T01:12:00-05:00,2832,2832,,,,,,,,,,,,,,HIGH,60.25,97,7.56693913036988,,CHOCH_DOWN,,409,9.01125116355251,,,,,0.0313980876778833,205,,,0,1.09893306872592,,,4,,,3.10841068011045,,,,0,2,5,,,-0.428571428571429
-11.0772829790907,-4.01204232623533,42,30,750,SWEEP,,2026_06_29.csv,MARKET,1,16,2026-06-03T07:04:00-05:00,2026-06-03T07:04:00-05:00,3184,3184,,,,,,,,,,,,,,LOW,128.75,352,17.9490403214556,,CHOCH_UP,,293,9.54958650112393,,,,,2.47452788897737,51,,,1.60321525201351,1.04557516435663,,,2,,,11.1179492476589,,,,0,1,5,,,-0.666666666666667
0.20690338324834,-2.62704678390411,42,30,750,RUN,,2026_06_29.csv,MARKET,1,17,2026-06-03T07:55:00-05:00,2026-06-03T07:55:00-05:00,3235,3235,,,,,,,,,,,,,,HIGH,99,51,10.4981719225814,,CHOCH_UP,,344,3.23428528928013,,,,,0.212084281264271,273,,,0,0.927868730531184,,,3,,,0,,,,0,1,6,,,-0.714285714285714
-9.31018474460468,-3.31851485111892,42,30,750,GRAB,,2026_06_29.csv,MARKET,1,18,2026-06-03T08:32:00-05:00,2026-06-03T08:32:00-05:00,3272,3272,,,,,,,,,,,,,,LOW,107.75,37,7.11537334409389,,CHOCH_UP,,381,5.10127694506964,,,,,1.74995260898829,139,,,1.10610212077562,0.907994278248641,,,2,,,5.8441813545458,,,,0,1,6,,,-0.714285714285714
-5.23174637519062,-1.59443486575618,42,30,750,GRAB,,2026_06_29.csv,MARKET,1,19,2026-06-03T11:43:00-05:00,2026-06-03T11:43:00-05:00,3463,3463,,,,,,,,,,,,,,HIGH,302,191,16.1975715881308,,CHOCH_DOWN,,188,10.4184711291205,,,,,0.0536343430070555,3113,,,0,0.509526258567028,,,0,,,1.68948180472225,,,,0,1,4,,,-0.6
-3.99058674205679,3.51685260954313,42,30,750,SWEEP,,2026_06_29.csv,MARKET,1,20,2026-06-03T14:48:00-05:00,2026-06-03T14:48:00-05:00,3648,3648,,,,,,,,,,,,,,LOW,189,185,15.1930324080048,,CHOCH_DOWN,,373,0.422028678000132,,,,,0.522511696571592,1198,,,0,0.120579622285752,,,2,,,0.020096603714292,,,,0,2,4,,,-0.333333333333333
-6.56704580879692,0.452917851999894,42,30,750,RUN,,2026_06_29.csv,MARKET,1,21,2026-06-03T17:51:00-05:00,2026-06-03T17:51:00-05:00,3771,3771,,,,,,,,,,,,,,HIGH,326.25,123,19.7797823838376,,BOS_DOWN,,67,8.32114983044203,,,,,5.78994396216549,2716,,,0,0.348609191439283,,,1,,,9.57917430389683,,,,0,2,3,,,-0.2
-1.89810410662481,4.33045069239584,42,30,750,SWEEP,,2026_06_29.csv,MARKET,1,22,2026-06-03T20:12:00-05:00,2026-06-03T20:12:00-05:00,3912,3912,,,,,,,,,,,,,,LOW,162.5,141,16.6110894363132,,BOS_DOWN,,208,2.58110774318097,,,,,0.357777310935977,2264,,,0,1.58444237700218,,,3,,,0,,,,0,3,3,,,0
12.6606524063367,-7.08015213132848,42,30,750,GRAB,,2026_06_29.csv,MARKET,1,23,2026-06-03T21:16:00-05:00,2026-06-03T21:16:00-05:00,3976,3976,,,,,,,,,,,,,,HIGH,178.5,64,12.6989748331826,,BOS_DOWN,,1,1.13828345843653,,,,,7.06091457811412,125,,,0,0.177856790380708,,,9,,,3.1124938316624,,,,1,3,4,,,-0.142857142857143
16.3033687009761,-6.70423845908394,42,30,750,SWEEP,,2026_06_29.csv,MARKET,1,24,2026-06-04T02:05:00-05:00,2026-06-04T02:05:00-05:00,4265,4265,,,,,,,,,,,,,,LOW,192,289,23.0670032820205,,CHOCH_UP,,1,1.62189866826707,,,,,0.480562568375428,3566,,,0,1.11130093936818,,,4,,,0,,,,1,3,3,,,0
-12.0869844677755,3.54303577271512,42,30,750,GRAB,,2026_06_29.csv,MARKET,1,25,2026-06-04T06:38:00-05:00,2026-06-04T06:38:00-05:00,4538,4538,,,,,,,,,,,,,,HIGH,380.25,273,19.7956499208716,,CHOCH_DOWN,,192,9.80021327443543,,,,,12.3120873275112,181,,,1.45766784427194,1.34053382107151,,,2,,,10.2947791501706,,,,0,3,1,,,0.5
-1.03336022404414,8.27513148022399,42,30,750,RUN,,2026_06_29.csv,MARKET,1,26,2026-06-04T08:37:00-05:00,2026-06-04T08:37:00-05:00,4657,4657,,,,,,,,,,,,,,LOW,200.25,119,7.24929819409767,,CHOCH_DOWN,,311,0.434414873054542,,,,,1.31229492901893,300,,,0,0.181006197106059,,,1,,,0,,,,0,4,1,,,0.6
12.3294961541014,-3.8949178226024,42,30,750,SWEEP,,2026_06_29.csv,MARKET,1,27,2026-06-04T09:07:00-05:00,2026-06-04T09:07:00-05:00,4687,4687,,,,,,,,,,,,,,HIGH,213.5,30,6.0810028428629,,BOS_DOWN,,1,0.377392448093365,,,,,2.05073632171489,105,,,1.17490101764916,0.071206122281767,,,4,,,2.34980203529831,,,,1,4,1,,,0.6
-5.9147360263257,13.5265323160519,42,30,750,GRAB,,2026_06_29.csv,MARKET,1,28,2026-06-04T14:30:00-05:00,2026-06-04T14:30:00-05:00,5010,5010,,,,,,,,,,,,,,LOW,452.25,323,42.0147497386632,,CHOCH_UP,,270,22.1802576011185,,,,,0.719987419512748,63,,,0,0.418057211329983,,,2,,,0,,,,0,3,1,,,0.5
-14.3250951875033,4.70749149657635,42,30,750,GRAB,,2026_06_29.csv,MARKET,1,29,2026-06-04T20:26:00-05:00,2026-06-04T20:26:00-05:00,5306,5306,,,,,,,,,,,,,,HIGH,551,296,33.9747511978024,,CHOCH_DOWN,,35,6.08894134443374,,,,,6.56680762716145,27,,,3.2525737308241,0.385376034457831,,,2,,,6.87510845472771,,,,1,3,1,,,0.5
-3.02716089653169,6.93459278851119,42,30,750,GRAB,,2026_06_29.csv,MARKET,1,30,2026-06-04T21:36:00-05:00,2026-06-04T21:36:00-05:00,5376,5376,,,,,,,,,,,,,,LOW,196.75,70,20.6471383252061,,CHOCH_DOWN,,105,10.2842162941306,,,,,2.7284655474224,794,,,0,2.78093603871899,,,5,,,0,,,,0,4,1,,,0.6
-11.3739396944475,3.5531766826063,42,30,750,GRAB,,2026_06_29.csv,MARKET,1,31,2026-06-05T02:20:00-05:00,2026-06-05T02:20:00-05:00,5660,5660,,,,,,,,,,,,,,HIGH,187,284,14.642003523051,,CHOCH_DOWN,,389,6.96865408316332,,,,,7.57547508478709,381,,,1.15491739018718,0.274048194281703,,,2,,,7.96697250518952,,,,0,4,2,,,0.333333333333333
16.4105364334508,-2.65313443540409,42,30,750,RUN,,2026_06_29.csv,MARKET,1,32,2026-06-05T04:14:00-05:00,2026-06-05T04:14:00-05:00,5774,5774,,,,,,,,,,,,,,LOW,197,114,10.8826907453065,,CHOCH_UP,,1,0.55242085001556,,,,,1.49153629504201,1207,,,0,0.731957626270617,,,1,,,0,,,,1,4,2,,,0.333333333333333
-19.3660963960677,1.27303073359773,42,30,750,RUN,,2026_06_29.csv,MARKET,1,33,2026-06-05T15:48:00-05:00,2026-06-05T15:48:00-05:00,6468,6468,,,,,,,,,,,,,,HIGH,1477.75,694,81.3547732587974,,CHOCH_DOWN,,494,70.5093052621924,,,,,49.2037412282526,290,,,1.83051680653359,0.0825797055579064,,,5,,,73.2757253983823,,,,0,4,1,,,0.6
-18.3574700284404,1.35306571338733,42,30,750,RUN,,2026_06_29.csv,MARKET,1,34,2026-06-07T19:40:00-05:00,2026-06-07T19:40:00-05:00,6640,6640,,,,,,,,,,,,,,LOW,506.25,172,31.5678863287661,,CHOCH_DOWN,,666,48.294968813095,,,,,21.3570391458813,114,,,0.48326146972432,0.982112019117167,,,7,,,51.4283738264688,,,,0,5,1,,,0.666666666666667
-10.8875804477897,-18.603139864796,42,30,750,RUN,,2026_06_29.csv,MARKET,1,35,2026-06-08T00:49:00-05:00,2026-06-08T00:49:00-05:00,6949,6949,,,,,,,,,,,,,,HIGH,314.75,309,17.3590375413941,,CHOCH_DOWN,,975,60.074127536024,,,,,1.53046319864555,423,,,0,0.289547091635645,,,2,,,62.8455068416795,,,,0,5,2,,,0.428571428571429
-6.50555370687587,14.5409427593855,42,30,750,RUN,,2026_06_29.csv,MARKET,1,36,2026-06-08T08:22:00-05:00,2026-06-08T08:22:00-05:00,7402,7402,,,,,,,,,,,,,,LOW,631.5,453,41.9175932879562,,CHOCH_UP,,132,21.0251744639115,,,,,4.69623076028963,1224,,,0.215727914783623,0.381672464617178,,,2,,,24.2776876406492,,,,0,5,2,,,0.428571428571429
2.38672127094519,4.43204290528406,42,30,750,GRAB,,2026_06_29.csv,MARKET,1,37,2026-06-08T09:00:00-05:00,2026-06-08T09:00:00-05:00,7440,7440,,,,,,,,,,,,,,HIGH,272.75,38,6.02085192249527,,CHOCH_UP,,170,0.971283169898413,,,,,0.860910082409957,118,,,0,0.419417732456133,,,1,,,2.05293942728528,,,,0,5,3,,,0.25
18.1411706191849,-2.96352704434037,42,30,750,SWEEP,,2026_06_29.csv,MARKET,1,38,2026-06-08T10:20:00-05:00,2026-06-08T10:20:00-05:00,7520,7520,,,,,,,,,,,,,,LOW,411.5,80,21.4119719120409,,BOS_UP,,34,7.21971106390201,,,,,3.04398628640193,1431,,,0,0.520339536137082,,,2,,,10.0165360706388,,,,1,5,3,,,0.25
-1.95614510259899,12.3094730455528,42,30,750,GRAB,,2026_06_29.csv,MARKET,1,39,2026-06-08T17:15:00-05:00,2026-06-08T17:15:00-05:00,7875,7875,,,,,,,,,,,,,,HIGH,421.75,355,23.8213840725203,,BOS_UP,,389,15.9844734855323,,,,,2.78175024439033,553,,,0,1.07316253083079,,,1,,,4.67390523296041,,,,0,5,4,,,0.111111111111111
2.49975442664278,9.40175809373071,42,30,750,RUN,,2026_06_29.csv,MARKET,1,40,2026-06-08T18:40:00-05:00,2026-06-08T18:40:00-05:00,7960,7960,,,,,,,,,,,,,,LOW,160.75,85,12.1000579088097,,BOS_UP,,474,9.20206581245404,,,,,0.752725219832641,316,,,0,1.09145156875733,,,3,,,3.44371788073433,,,,0,6,3,,,0.333333333333333
14.9387464442668,-2.38978244804628,42,30,750,RUN,,2026_06_29.csv,MARKET,1,41,2026-06-08T19:56:00-05:00,2026-06-08T19:56:00-05:00,8036,8036,,,,,,,,,,,,,,HIGH,178.5,76,10.0262936463162,,CHOCH_DOWN,,23,0.997012393401188,,,,,1.10935181800977,147,,,0,2.21870363601954,,,1,,,3.06124932058393,,,,1,6,3,,,0.333333333333333
-5.5410598231966,14.0882651002702,42,30,750,SWEEP,,2026_06_29.csv,MARKET,1,42,2026-06-09T02:08:00-05:00,2026-06-09T02:08:00-05:00,8408,8408,,,,,,,,,,,,,,LOW,385.75,372,32.9817454355385,,CHOCH_UP,,329,17.7199397058078,,,,,1.21837944901212,2230,,,0,2.26575827360148,,,2,,,11.8631683193285,,,,0,6,3,,,0.333333333333333
2.92874929838026,5.28689822788514,42,30,750,RUN,,2026_06_29.csv,MARKET,1,43,2026-06-09T03:01:00-05:00,2026-06-09T03:01:00-05:00,8461,8461,,,,,,,,,,,,,,HIGH,123.25,53,9.2658116550106,,CHOCH_UP,,382,6.31503593526077,,,,,0.902147990751539,1035,,,0,0.751789992292949,,,1,,,1.16527448805407,,,,0,6,4,,,0.2
-1.40108657191481,10.386385266844,42,30,750,RUN,,2026_06_29.csv,MARKET,1,44,2026-06-09T08:30:00-05:00,2026-06-09T08:30:00-05:00,8790,8790,,,,,,,,,,,,,,LOW,182,329,11.306567548207,,BOS_UP,,220,3.64978485416021,,,,,3.16832387339865,209,,,0.0931859962764309,0.621239975176206,,,0,,,4.08465283678356,,,,0,5,4,,,0.111111111111111
3.59330469483898,1.77154711201154,42,30,750,SWEEP,,2026_06_29.csv,MARKET,1,45,2026-06-09T08:34:00-05:00,2026-06-09T08:34:00-05:00,8794,8794,,,,,,,,,,,,,,HIGH,114.75,4,5.28221980781958,,BOS_UP,,224,2.57781533104921,,,,,0.678978145231711,1228,,,0,0.943664540830514,,,0,,,1.85280476919162,,,,0,5,5,,,0
17.3184447418047,-5.49674516360909,42,30,750,RUN,,2026_06_29.csv,MARKET,1,46,2026-06-09T08:50:00-05:00,2026-06-09T08:50:00-05:00,8810,8810,,,,,,,,,,,,,,LOW,215,16,7.76633434534569,,BOS_UP,,7,3.62127915405072,,,,,1.6887261890461,2721,,,0,0.559898522571433,,,5,,,5.52674025505996,,,,1,5,5,,,0
-4.16842087677488,16.6617850565941,42,30,750,GRAB,,2026_06_29.csv,MARKET,1,48,2026-06-09T15:04:00-05:00,2026-06-09T15:04:00-05:00,9184,9184,,,,,,,,,,,,,,LOW,968.5,204,23.1535189047832,,CHOCH_DOWN,,355,10.4471737340116,,,,,0.0956263042014795,2345,,,0,0.657430841385172,,,3,,,0.693290705460727,,,,0,6,1,,,0.714285714285714
5.12135211311143,7.54124921823816,42,30,750,SWEEP,,2026_06_29.csv,MARKET,1,49,2026-06-09T18:37:00-05:00,2026-06-09T18:37:00-05:00,9337,9337,,,,,,,,,,,,,,HIGH,216,153,12.5558716327125,,CHOCH_DOWN,,508,37.9582600748206,,,,,0.276112917849001,180,,,0,0.653951647537109,,,2,,,14.2416136574748,,,,0,6,2,,,0.5
5.89786262512112,10.1901054422131,42,30,750,SWEEP,,2026_06_29.csv,MARKET,1,50,2026-06-09T19:06:00-05:00,2026-06-09T19:06:00-05:00,9366,9366,,,,,,,,,,,,,,LOW,188.75,29,9.53904807204248,,CHOCH_DOWN,,537,23.4622679069972,,,,,0.505380030306886,137,,,0,1.40242958410161,,,5,,,2.84276267047623,,,,0,7,2,,,0.555555555555556
-0.629544401564606,13.6545065219767,42,30,750,GRAB,,2026_06_29.csv,MARKET,1,51,2026-06-10T00:23:00-05:00,2026-06-10T00:23:00-05:00,9683,9683,,,,,,,,,,,,,,HIGH,315.25,317,17.2485399141839,,BOS_DOWN,,177,6.9213015040262,,,,,0.177819999115298,515,,,0,0.615530766168338,,,2,,,7.71465226930983,,,,0,7,2,,,0.555555555555556
0.630983327566744,10.4986296047216,42,30,750,SWEEP,,2026_06_29.csv,MARKET,1,52,2026-06-10T01:38:00-05:00,2026-06-10T01:38:00-05:00,9758,9758,,,,,,,,,,,,,,LOW,160.25,75,10.2198294714929,,BOS_DOWN,,252,2.15238218198369,,,,,0.669630012172705,185,,,0,1.16388073544303,,,1,,,0,,,,0,8,2,,,0.6
-1.07290719392408,13.9194257477319,42,30,750,GRAB,,2026_06_29.csv,MARKET,1,53,2026-06-10T06:40:00-05:00,2026-06-10T06:40:00-05:00,10048,10048,,,,,,,,,,,,,,HIGH,404,290,12.4463994343539,,BOS_DOWN,,193,7.50943035179147,,,,,5.1988363973941,108,,,0.138635637263843,1.33244251370249,,,1,,,7.97925112251894,,,,0,8,2,,,0.6
-3.0992706456026,15.6650323474607,42,30,750,SWEEP,,2026_06_29.csv,MARKET,1,54,2026-06-10T09:35:00-05:00,2026-06-10T09:35:00-05:00,10223,10223,,,,,,,,,,,,,,LOW,640,175,11.342452794333,,CHOCH_UP,,52,4.1825294679103,,,,,0.88169847893448,3384,,,0,0.735487173382531,,,1,,,0.203809698648171,,,,0,6,2,,,0.5
-8.55897554222038,15.3106302654218,42,30,750,RUN,,2026_06_29.csv,MARKET,1,56,2026-06-11T03:37:00-05:00,2026-06-11T03:37:00-05:00,11245,11245,,,,,,,,,,,,,,LOW,670.25,558,48.0168670715185,,CHOCH_DOWN,,767,23.3547163973369,,,,,0.644762109128932,4719,,,0,2.00592656173446,,,2,,,0,,,,0,7,2,,,0.555555555555556
6.95759147390579,6.85549854531681,42,30,750,GRAB,,2026_06_29.csv,MARKET,1,57,2026-06-11T07:34:00-05:00,2026-06-11T07:34:00-05:00,11482,11482,,,,,,,,,,,,,,HIGH,298.5,237,8.13852809703248,,CHOCH_DOWN,,1004,0.749780645455253,,,,,0.122691378347223,1012,,,0,0.524846451818677,,,1,,,0,,,,0,7,3,,,0.4
17.1595609013759,-3.3900763388378,42,30,750,RUN,,2026_06_29.csv,MARKET,1,58,2026-06-11T09:04:00-05:00,2026-06-11T09:04:00-05:00,11572,11572,,,,,,,,,,,,,,LOW,412,90,7.73427336264342,,CHOCH_UP,,13,2.13067967635929,,,,,0.384836417315995,2314,,,0,0.248735733143265,,,2,,,0.619492769337944,,,,1,7,3,,,0.4
-9.94530115045079,16.3037192310205,42,30,750,GRAB,,2026_06_29.csv,MARKET,1,60,2026-06-11T19:36:00-05:00,2026-06-11T19:36:00-05:00,12144,12144,,,,,,,,,,,,,,LOW,1068,515,67.5767587479222,,CHOCH_UP,,367,37.7113747319866,,,,,0.158185296694575,4578,,,0,0.727652364795043,,,3,,,0,,,,0,6,3,,,0.333333333333333
-6.3397911382274,11.4797761052569,42,30,750,GRAB,,2026_06_29.csv,MARKET,1,61,2026-06-12T02:17:00-05:00,2026-06-12T02:17:00-05:00,12545,12545,,,,,,,,,,,,,,HIGH,385.5,401,23.5224535387566,,CHOCH_UP,,768,12.8442969388022,,,,,3.64582775341299,5706,,,0,0.2440721508561,,,3,,,1.31188781085154,,,,0,6,4,,,0.2
18.4951892177096,-5.2155474042973,42,30,750,SWEEP,,2026_06_29.csv,MARKET,1,62,2026-06-12T04:36:00-05:00,2026-06-12T04:36:00-05:00,12684,12684,,,,,,,,,,,,,,LOW,415,139,21.0489470369215,,BOS_UP,,2,1.49625045202213,,,,,0,6506,,,0,0.634004428822936,,,5,,,0,,,,1,6,4,,,0.2
1.74844560941892,14.2704128628121,42,30,750,GRAB,,2026_06_29.csv,MARKET,1,63,2026-06-12T08:45:00-05:00,2026-06-12T08:45:00-05:00,12933,12933,,,,,,,,,,,,,,HIGH,445,249,7.60391127253058,,BOS_UP,,251,7.09983176120551,,,,,0.508351371590527,6094,,,0,0.170874410618665,,,1,,,0,,,,0,6,5,,,0.0909090909090909
18.836256849591,-3.757884094147,42,30,750,RUN,,2026_06_29.csv,MARKET,1,64,2026-06-12T10:25:00-05:00,2026-06-12T10:25:00-05:00,13033,13033,,,,,,,,,,,,,,LOW,530,100,16.1026182468747,,BOS_UP,,15,2.58249537921576,,,,,1.26086539102887,6944,,,0,0.751961889830471,,,2,,,1.96725383299083,,,,1,6,4,,,0.2
1.98028527555827,11.8560379101,42,30,750,SWEEP,,2026_06_29.csv,MARKET,1,65,2026-06-12T14:35:00-05:00,2026-06-12T14:35:00-05:00,13283,13283,,,,,,,,,,,,,,HIGH,179.5,250,8.33095644142962,,BOS_UP,,265,4.38593528532089,,,,,0.545341159815031,538,,,0,1.94930457125373,,,3,,,0.510532149614071,,,,0,6,5,,,0.0909090909090909
-11.8542416475214,16.1447401276008,42,30,750,SWEEP,,2026_06_29.csv,MARKET,1,66,2026-06-15T03:46:00-05:00,2026-06-15T03:46:00-05:00,14014,14014,,,,,,,,,,,,,,LOW,1047.75,731,114.048251307286,,BOS_UP,,646,94.5095625841574,,,,,1.25178228588288,13150,,,0,0.489827850997648,,,2,,,1.76882279526929,,,,0,3,5,,,-0.25
8.43011349974332,1.52915229424554,42,30,750,SWEEP,,2026_06_29.csv,MARKET,1,67,2026-06-15T04:45:00-05:00,2026-06-15T04:45:00-05:00,14073,14073,,,,,,,,,,,,,,HIGH,118.75,59,12.4490309519751,,BOS_UP,,705,78.5730416716236,,,,,0.262084862146843,290,,,0,0.209667889717475,,,2,,,1.25800733830485,,,,0,3,6,,,-0.333333333333333
-15.3412104900526,-5.28434725482427,42,30,750,RUN,,2026_06_29.csv,MARKET,1,68,2026-06-15T11:30:00-05:00,2026-06-15T11:30:00-05:00,14478,14478,,,,,,,,,,,,,,LOW,405.5,405,33.003521013721,,BOS_UP,,182,23.3384948228964,,,,,9.17668802539345,54,,,0.874939213064121,0.0610422706788921,,,1,,,9.11564575471456,,,,0,1,6,,,-0.714285714285714
0.26722463549479,-6.63299956714366,42,30,750,SWEEP,,2026_06_29.csv,MARKET,1,69,2026-06-15T14:57:00-05:00,2026-06-15T14:57:00-05:00,14685,14685,,,,,,,,,,,,,,HIGH,100,207,6.33610384991407,,BOS_UP,,389,11.8326739397145,,,,,0.807853240864044,261,,,0,0.253444153996563,,,0,,,0.760332461989689,,,,0,1,7,,,-0.75
3.08182795798563,-2.84882636094753,42,30,750,SWEEP,,2026_06_29.csv,MARKET,1,70,2026-06-15T15:00:00-05:00,2026-06-15T15:00:00-05:00,14688,14688,,,,,,,,,,,,,,LOW,79,3,4.30507832537082,,BOS_UP,,392,14.4819565185733,,,,,1.68933453274045,129,,,0,0.054494662346466,,,1,,,4.95901427352841,,,,0,2,7,,,-0.555555555555556
11.6337064544808,18.3301558399919,42,30,750,SWEEP,,2026_06_29.csv,MARKET,1,71,2026-06-15T20:09:00-05:00,2026-06-15T20:09:00-05:00,14937,14937,,,,,,,,,,,,,,HIGH,138.5,249,11.1699910570407,,CHOCH_DOWN,,177,4.79866041800664,,,,,0.746010233051452,12612,,,0,3.85102579764398,,,4,,,0.947634620362655,,,,0,2,7,,,-0.555555555555556
-12.9221155651679,12.9365359579893,42,30,750,RUN,,2026_06_29.csv,MARKET,1,73,2026-06-16T15:19:00-05:00,2026-06-16T15:19:00-05:00,16087,16087,,,,,,,,,,,,,,HIGH,703.25,539,47.010743456463,,CHOCH_DOWN,,360,32.3042186638262,,,,,0.919157799539803,11520,,,0,0.434510959782452,,,2,,,0.668478399665312,,,,0,1,6,,,-0.714285714285714
-9.57764399383905,10.6635552895732,42,30,750,RUN,,2026_06_29.csv,MARKET,1,74,2026-06-17T03:08:00-05:00,2026-06-17T03:08:00-05:00,16736,16736,,,,,,,,,,,,,,LOW,312.25,649,36.8865739350768,,CHOCH_DOWN,,1009,20.2004936521958,,,,,0.118131541825706,2497,,,0,0.945052334605651,,,1,,,0.413460396389972,,,,0,2,6,,,-0.5
12.809756507889,20.2377835402256,42,30,750,RUN,,2026_06_29.csv,MARKET,1,75,2026-06-17T06:57:00-05:00,2026-06-17T06:57:00-05:00,16965,16965,,,,,,,,,,,,,,HIGH,196.75,229,18.0735720514496,,CHOCH_DOWN,,1238,33.7817337835862,,,,,1.19418773402208,12608,,,0,1.05639684163492,,,3,,,0.275581784774327,,,,0,2,7,,,-0.555555555555556
12.9727244194359,20.5785960871806,42,30,750,SWEEP,,2026_06_29.csv,MARKET,1,76,2026-06-17T08:45:00-05:00,2026-06-17T08:45:00-05:00,17073,17073,,,,,,,,,,,,,,LOW,154.5,108,5.22261568155197,,CHOCH_DOWN,,1346,7.20856177405151,,,,,0.0591558410531777,16374,,,0,0.684517589329627,,,3,,,0,,,,0,3,7,,,-0.4
15.315846739047,-8.86593540986006,42,30,750,SWEEP,,2026_06_29.csv,MARKET,1,77,2026-06-17T09:02:00-05:00,2026-06-17T09:02:00-05:00,17090,17090,,,,,,,,,,,,,,HIGH,222.25,17,6.16755665648077,,BOS_DOWN,,5,1.88009882329166,,,,,0.173440850857164,3612,,,0,0.971268764800121,,,3,,,0.173440850857164,,,,1,3,7,,,-0.4
7.1226588035302,20.2894985252965,42,30,750,SWEEP,,2026_06_29.csv,MARKET,1,78,2026-06-17T09:24:00-05:00,2026-06-17T09:24:00-05:00,17112,17112,,,,,,,,,,,,,,LOW,225.75,22,6.64440228422427,,BOS_DOWN,,27,4.65034578475054,,,,,0.154520983354053,16413,,,0,0.16923726748301,,,2,,,0,,,,0,4,7,,,-0.272727272727273
6.27432607856746,20.3199839752628,42,30,750,RUN,,2026_06_29.csv,MARKET,1,80,2026-06-17T09:47:00-05:00,2026-06-17T09:47:00-05:00,17135,17135,,,,,,,,,,,,,,HIGH,261,23,6.28640986205677,,BOS_DOWN,,50,2.48084373866608,,,,,0.0301073269255593,12568,,,0,0.132472238472461,,,1,,,0.319137665410928,,,,0,4,7,,,-0.272727272727273
18.9926727807512,-7.98611055485603,42,30,750,SWEEP,,2026_06_29.csv,MARKET,1,81,2026-06-17T13:06:00-05:00,2026-06-17T13:06:00-05:00,17334,17334,,,,,,,,,,,,,,LOW,214.5,199,4.50387984526941,,BOS_DOWN,,4,4.50387984526941,,,,,1.8582441319643,12055,,,0,12.3253028865881,,,4,,,0.881878571101702,,,,1,4,6,,,-0.2
-2.00818507387121,5.52354694414864,42,30,750,GRAB,,2026_06_29.csv,MARKET,1,82,2026-06-17T13:44:00-05:00,2026-06-17T13:44:00-05:00,17372,17372,,,,,,,,,,,,,,LOW,449.75,38,8.35951070846086,,BOS_DOWN,,42,4.37259565128497,,,,,0.0325272790212485,3451,,,0,0.0975818370637454,,,3,,,0.0278805248753558,,,,0,5,6,,,-0.0909090909090909
3.83370365025723,19.7306420535758,42,30,750,SWEEP,,2026_06_29.csv,MARKET,1,83,2026-06-17T14:53:00-05:00,2026-06-17T14:53:00-05:00,17441,17441,,,,,,,,,,,,,,HIGH,597,69,12.0572534933566,,BOS_DOWN,,19,2.97392056431617,,,,,2.45386314814543,11352,,,0,11.8552894482417,,,3,,,2.87798764288662,,,,0,5,6,,,-0.0909090909090909
-4.2355932395435,13.837660284837,42,30,750,SWEEP,,2026_06_29.csv,MARKET,1,84,2026-06-17T20:13:00-05:00,2026-06-17T20:13:00-05:00,17701,17701,,,,,,,,,,,,,,LOW,515.25,260,36.2526696698026,,BOS_DOWN,,279,25.8922512149197,,,,,0.0527695337260591,4191,,,0,6.27957451340104,,,2,,,1.24887896485007,,,,0,6,6,,,0
9.28829968939215,17.8140346496667,42,30,750,SWEEP,,2026_06_29.csv,MARKET,1,85,2026-06-17T23:45:00-05:00,2026-06-17T23:45:00-05:00,17913,17913,,,,,,,,,,,,,,HIGH,154.25,212,15.3920434826383,,BOS_DOWN,,491,21.3293309200256,,,,,0.199572686971,13346,,,0,0.598718060912999,,,4,,,0.773344162012623,,,,0,6,7,,,-0.0769230769230769
19.2978281608314,-7.23155246709426,42,30,750,GRAB,,2026_06_29.csv,MARKET,1,86,2026-06-18T03:10:00-05:00,2026-06-18T03:10:00-05:00,18118,18118,,,,,,,,,,,,,,LOW,216,205,16.6933372605924,,CHOCH_UP,,11,4.77228507334064,,,,,0.0386419843995193,14019,,,0,1.75821029017813,,,5,,,1.41043243058246,,,,1,6,7,,,-0.0769230769230769
8.33333346841639,17.9779640151692,42,30,750,SWEEP,,2026_06_29.csv,MARKET,1,87,2026-06-18T06:41:00-05:00,2026-06-18T06:41:00-05:00,18329,18329,,,,,,,,,,,,,,HIGH,145,211,10.797104083066,,CHOCH_UP,,222,6.19902699941546,,,,,0.409545327288709,13175,,,0,0.614317990933064,,,3,,,0.111694180169648,,,,0,6,8,,,-0.142857142857143
8.60541080151964,22.7552643515782,42,30,750,RUN,,2026_06_29.csv,MARKET,1,88,2026-06-18T12:34:00-05:00,2026-06-18T12:34:00-05:00,18682,18682,,,,,,,,,,,,,,LOW,381.75,353,29.57853575915,,BOS_UP,,285,18.3437284635986,,,,,0.0387407148122462,16371,,,0,0.987888227712279,,,2,,,1.35592501842862,,,,0,2,8,,,-0.6
9.87334657409452,20.4471119680724,42,30,750,RUN,,2026_06_29.csv,MARKET,1,89,2026-06-18T14:12:00-05:00,2026-06-18T14:12:00-05:00,18780,18780,,,,,,,,,,,,,,HIGH,91.5,98,6.41114054167787,,BOS_UP,,383,10.1772476904777,,,,,0,17942,,,0,0.490469768215793,,,1,,,1.33127508515715,,,,0,2,9,,,-0.636363636363636
20.2781567866699,-8.10706429994308,42,30,750,RUN,,2026_06_29.csv,MARKET,1,90,2026-06-18T14:47:00-05:00,2026-06-18T14:47:00-05:00,18815,18815,,,,,,,,,,,,,,LOW,138,35,9.28015926547273,,BOS_UP,,3,3.12701018727886,,,,,0.134495061818445,15682,,,0,0.487544599091865,,,5,,,0,,,,1,2,9,,,-0.636363636363636
-5.24785375941351,-8.78336625408023,42,30,750,GRAB,,2026_06_29.csv,MARKET,1,91,2026-06-19T00:42:00-05:00,2026-06-19T00:42:00-05:00,19350,19350,,,,,,,,,,,,,,HIGH,395.25,535,29.7567422184466,,CHOCH_DOWN,,330,19.3672914249093,,,,,0.338786438919696,1554,,,0,0.338786438919696,,,0,,,0.244679094775336,,,,0,2,9,,,-0.636363636363636
9.30230228140102,22.0657924025777,42,30,750,SWEEP,,2026_06_29.csv,MARKET,1,92,2026-06-19T04:00:00-05:00,2026-06-19T04:00:00-05:00,19548,19548,,,,,,,,,,,,,,LOW,278,198,36.317398701737,,CHOCH_DOWN,,528,2.71074109014763,,,,,0.16329765603299,16212,,,0,0.457233436892372,,,1,,,0,,,,0,3,9,,,-0.5
11.5649633205728,19.9714597739675,42,30,750,SWEEP,,2026_06_29.csv,MARKET,1,93,2026-06-19T07:37:00-05:00,2026-06-19T07:37:00-05:00,19765,19765,,,,,,,,,,,,,,HIGH,140.75,217,14.3579181125685,,CHOCH_DOWN,,745,12.2412090480158,,,,,0.229522669650296,18117,,,0,3.87638286520501,,,3,,,0,,,,0,3,10,,,-0.538461538461538
8.40680938916388,21.4578593249852,42,30,750,RUN,,2026_06_29.csv,MARKET,1,94,2026-06-19T10:09:00-05:00,2026-06-19T10:09:00-05:00,19917,19917,,,,,,,,,,,,,,LOW,179.75,152,25.9407531030192,,CHOCH_UP,,93,5.62831360788735,,,,,0.432947200606719,16955,,,0,1.84002560257856,,,1,,,0,,,,0,3,10,,,-0.538461538461538
-2.68134888087355,-1.19399664738198,42,30,750,SWEEP,,2026_06_29.csv,MARKET,1,95,2026-06-21T18:59:00-05:00,2026-06-21T18:59:00-05:00,20147,20147,,,,,,,,,,,,,,HIGH,367.5,230,24.6621588779503,,CHOCH_DOWN,,107,12.5995111002318,,,,,0.0167769788285376,2250,,,0,0.0671079153141506,,,4,,,0,,,,0,3,8,,,-0.454545454545455
-5.07480932533564,5.09324983380531,42,30,750,SWEEP,,2026_06_29.csv,MARKET,1,96,2026-06-21T20:37:00-05:00,2026-06-21T20:37:00-05:00,20245,20245,,,,,,,,,,,,,,LOW,321.5,98,35.5268385823111,,CHOCH_DOWN,,205,14.7798278705571,,,,,0,0,,,0,0.303884311357249,,,1,,,0.221006771896181,,,,0,4,8,,,-0.333333333333333
4.78216554193499,3.5991176650675,42,30,750,SWEEP,,2026_06_29.csv,MARKET,1,97,2026-06-21T23:44:00-05:00,2026-06-21T23:44:00-05:00,20432,20432,,,,,,,,,,,,,,HIGH,135,187,13.8078308738935,,CHOCH_DOWN,,392,0.127850285869384,,,,,0.178990400217138,6544,,,0,2.7615661747787,,,2,,,0,,,,0,4,9,,,-0.384615384615385
21.8322394417996,-6.98477015985124,42,30,750,RUN,,2026_06_29.csv,MARKET,1,99,2026-06-22T11:04:00-05:00,2026-06-22T11:04:00-05:00,21112,21112,,,,,,,,,,,,,,HIGH,465,114,16.3527735899483,,CHOCH_DOWN,,1,0.738512355675084,,,,,0.061542696306257,20762,,,0,0.58905152178846,,,2,,,0.527508825482203,,,,1,2,9,,,-0.636363636363636
-12.6938582640816,13.7480187655324,42,30,750,RUN,,2026_06_29.csv,MARKET,1,101,2026-06-23T08:31:00-05:00,2026-06-23T08:31:00-05:00,22339,22339,,,,,,,,,,,,,,HIGH,1084.75,929,32.8394121609182,,BOS_DOWN,,790,26.8376481960396,,,,,0.95362201711816,14773,,,0,0.605474296582958,,,0,,,0.0681158583655828,,,,0,3,6,,,-0.333333333333333
9.69808570016191,8.36657507509384,42,30,750,RUN,,2026_06_29.csv,MARKET,1,102,2026-06-23T09:20:00-05:00,2026-06-23T09:20:00-05:00,22388,22388,,,,,,,,,,,,,,LOW,430.5,49,11.7225025207069,,BOS_DOWN,,839,12.4168667815153,,,,,0.871359072387037,4925,,,0,0.313144666639092,,,2,,,0.503754463723756,,,,0,4,6,,,-0.2
19.9568878921875,-6.01446364386627,42,30,750,SWEEP,,2026_06_29.csv,MARKET,1,103,2026-06-23T13:54:00-05:00,2026-06-23T13:54:00-05:00,22662,22662,,,,,,,,,,,,,,HIGH,469.75,274,20.9948270467211,,BOS_DOWN,,9,1.75422450576648,,,,,0.379895752841149,9917,,,0,1.87713195521509,,,3,,,0.636884056233691,,,,1,4,5,,,-0.111111111111111
7.30885865703514,19.4972118406005,42,30,750,SWEEP,,2026_06_29.csv,MARKET,1,104,2026-06-23T17:16:00-05:00,2026-06-23T17:16:00-05:00,22804,22804,,,,,,,,,,,,,,LOW,226.25,142,17.1534359509294,,BOS_DOWN,,151,14.1776465097185,,,,,0.151632582991641,16715,,,0,1.72482063152992,,,2,,,8.20711355442258,,,,0,5,5,,,0
-4.16225655472784,0.652217464782947,42,30,750,SWEEP,,2026_06_29.csv,MARKET,1,105,2026-06-23T18:08:00-05:00,2026-06-23T18:08:00-05:00,22856,22856,,,,,,,,,,,,,,HIGH,218,52,13.3981888877716,,BOS_DOWN,,203,1.90524704367394,,,,,1.02944799940447,10111,,,0,2.58130244626792,,,10,,,0.368757492323988,,,,0,5,6,,,-0.0909090909090909
16.2834385343699,-3.87442237448648,42,30,750,SWEEP,,2026_06_29.csv,MARKET,1,106,2026-06-23T19:42:00-05:00,2026-06-23T19:42:00-05:00,22950,22950,,,,,,,,,,,,,,LOW,306.25,94,15.7693663329538,,CHOCH_UP,,35,4.54415209431241,,,,,0,374,,,0,0.45055332379868,,,2,,,7.22172613288742,,,,1,5,6,,,-0.0909090909090909
9.01027946241815,16.5386351124134,42,30,750,SWEEP,,2026_06_29.csv,MARKET,1,107,2026-06-23T22:06:00-05:00,2026-06-23T22:06:00-05:00,23094,23094,,,,,,,,,,,,,,HIGH,275.25,144,16.7771996990905,,CHOCH_UP,,179,11.3981338555129,,,,,1.92000650507303,15528,,,0,1.67619615522248,,,6,,,0.13714332179093,,,,0,5,7,,,-0.166666666666667
1.68494474769601,7.27204962965946,42,30,750,GRAB,,2026_06_29.csv,MARKET,1,108,2026-06-24T00:39:00-05:00,2026-06-24T00:39:00-05:00,23247,23247,,,,,,,,,,,,,,LOW,267.75,153,19.3232956798194,,CHOCH_UP,,332,5.82766060185031,,,,,0.0902114644249274,687,,,0,0.631480250974492,,,2,,,9.58045752192729,,,,0,6,7,,,-0.0769230769230769
3.50554315204207,5.50674776782531,42,30,750,SWEEP,,2026_06_29.csv,MARKET,1,109,2026-06-24T03:00:00-05:00,2026-06-24T03:00:00-05:00,23388,23388,,,,,,,,,,,,,,HIGH,121.25,141,9.23079758247529,,CHOCH_UP,,473,3.0832767182701,,,,,0.875498327410028,484,,,0,0.32355372969501,,,1,,,0.875498327410028,,,,0,6,8,,,-0.142857142857143
2.95811385394656,7.70606874074708,42,30,750,GRAB,,2026_06_29.csv,MARKET,1,110,2026-06-24T03:33:00-05:00,2026-06-24T03:33:00-05:00,23421,23421,,,,,,,,,,,,,,LOW,103.25,33,7.5257917183145,,CHOCH_UP,,506,4.57378625011365,,,,,1.22089115042874,861,,,0,0.69244572710884,,,3,,,8.36401549323573,,,,0,7,8,,,-0.0666666666666667
14.6723832051592,-4.63077179758446,42,30,750,RUN,,2026_06_29.csv,MARKET,1,111,2026-06-24T06:20:00-05:00,2026-06-24T06:20:00-05:00,23588,23588,,,,,,,,,,,,,,HIGH,132.25,167,10.2406866744192,,CHOCH_DOWN,,5,2.24559480951348,,,,,0,890,,,0,0.464605822657961,,,4,,,0.212944335384899,,,,1,7,8,,,-0.0666666666666667
15.9132793863781,-4.89877029646188,42,30,750,SWEEP,,2026_06_29.csv,MARKET,1,112,2026-06-24T07:20:00-05:00,2026-06-24T07:20:00-05:00,23648,23648,,,,,,,,,,,,,,LOW,138.75,60,9.32761781169181,,CHOCH_UP,,1,0.436969483070247,,,,,0.554615113127621,20,,,0,0.588228150286871,,,4,,,2.55459082410298,,,,1,7,8,,,-0.0666666666666667
5.64917870157457,18.5823066991255,42,30,750,RUN,,2026_06_29.csv,MARKET,1,113,2026-06-24T09:20:00-05:00,2026-06-24T09:20:00-05:00,23768,23768,,,,,,,,,,,,,,HIGH,347.75,120,7.12098399071388,,CHOCH_DOWN,,71,4.27975745236291,,,,,0.0511932709612788,16044,,,0,0.527290690901172,,,2,,,0.0563125980574067,,,,0,7,5,,,0.166666666666667
16.899362285442,-4.20022128515186,42,30,750,SWEEP,,2026_06_29.csv,MARKET,1,114,2026-06-24T10:01:00-05:00,2026-06-24T10:01:00-05:00,23809,23809,,,,,,,,,,,,,,LOW,382.5,41,11.1660419923193,,CHOCH_UP,,2,1.01443126596888,,,,,0.459778199683737,1233,,,0,0.204345866526106,,,3,,,2.12373739853917,,,,1,6,5,,,0.0909090909090909
4.91612737701963,18.8279234712034,42,30,750,RUN,,2026_06_29.csv,MARKET,1,115,2026-06-24T14:13:00-05:00,2026-06-24T14:13:00-05:00,24061,24061,,,,,,,,,,,,,,HIGH,642.75,252,20.5046495287473,,CHOCH_DOWN,,117,8.30234934244496,,,,,1.86623414614036,16172,,,0,0.207359349571152,,,3,,,0.837412757883497,,,,0,5,5,,,0
22.4181311983858,-5.46964788082182,42,30,750,RUN,,2026_06_29.csv,MARKET,1,116,2026-06-24T17:01:00-05:00,2026-06-24T17:01:00-05:00,24169,24169,,,,,,,,,,,,,,LOW,903.75,108,32.1870429337202,,CHOCH_UP,,40,9.2955111543026,,,,,0.311631121073363,18731,,,0,0.79243342215798,,,3,,,0,,,,1,4,5,,,-0.111111111111111
-1.61888536416412,-0.0161197647613349,42,30,750,RUN,,2026_06_29.csv,MARKET,1,117,2026-06-24T21:16:00-05:00,2026-06-24T21:16:00-05:00,24424,24424,,,,,,,,,,,,,,HIGH,244,255,17.21885341059,,CHOCH_UP,,295,1.19967421303291,,,,,1.88772265874296,57,,,0,2.02886080145272,,,4,,,2.57577110445302,,,,0,4,6,,,-0.2
8.16407994538376,23.1587911952644,42,30,750,RUN,,2026_06_29.csv,MARKET,1,118,2026-06-25T06:02:00-05:00,2026-06-25T06:02:00-05:00,24950,24950,,,,,,,,,,,,,,LOW,268.5,526,26.1999253469316,,BOS_UP,,222,2.39068220111667,,,,,0.0487894326758504,19128,,,0,1.24413053323418,,,1,,,1.90278787435816,,,,0,4,6,,,-0.2
3.33978741389666,1.02550391648229,42,30,750,RUN,,2026_06_29.csv,MARKET,1,119,2026-06-25T06:30:00-05:00,2026-06-25T06:30:00-05:00,24978,24978,,,,,,,,,,,,,,HIGH,94,28,8.51426193296806,,BOS_UP,,250,6.29511919512,,,,,0.679329409545324,338,,,0,0.634040782242302,,,1,,,0,,,,0,4,7,,,-0.272727272727273
22.9555678015636,-5.2849887413599,42,30,750,SWEEP,,2026_06_29.csv,MARKET,1,121,2026-06-25T08:59:00-05:00,2026-06-25T08:59:00-05:00,25127,25127,,,,,,,,,,,,,,HIGH,965.5,89,12.4864280029382,,CHOCH_DOWN,,28,10.355781691717,,,,,0.323315069988042,17238,,,0,0.333014522087683,,,7,,,0.77272301727142,,,,1,4,6,,,-0.2
-3.68424019883485,12.3809973530769,42,30,750,GRAB,,2026_06_29.csv,MARKET,1,122,2026-06-25T13:28:00-05:00,2026-06-25T13:28:00-05:00,25396,25396,,,,,,,,,,,,,,LOW,593,269,19.5147877863878,,CHOCH_DOWN,,297,6.83675744118392,,,,,0.0164542898704788,2820,,,0,1.65365613198312,,,0,,,0.106952884158112,,,,0,5,6,,,-0.0909090909090909
4.6935787111113,4.53476079405182,42,30,750,GRAB,,2026_06_29.csv,MARKET,1,123,2026-06-25T14:50:00-05:00,2026-06-25T14:50:00-05:00,25478,25478,,,,,,,,,,,,,,HIGH,275,82,10.0087579065214,,CHOCH_DOWN,,379,17.5699195613571,,,,,0.200175158130428,1563,,,0,0.800700632521713,,,2,,,0.072790966592883,,,,0,5,7,,,-0.166666666666667
6.87988502557158,17.4572652030278,42,30,750,SWEEP,,2026_06_29.csv,MARKET,1,126,2026-06-26T02:32:00-05:00,2026-06-26T02:32:00-05:00,26120,26120,,,,,,,,,,,,,,LOW,402.25,234,19.9150735027996,,BOS_DOWN,,543,2.64874190776825,,,,,0.297055167226346,13375,,,0,1.53478503066945,,,2,,,0,,,,0,6,4,,,0.2
9.98381733917076,17.7630707942599,42,30,750,SWEEP,,2026_06_29.csv,MARKET,1,127,2026-06-26T06:54:00-05:00,2026-06-26T06:54:00-05:00,26382,26382,,,,,,,,,,,,,,HIGH,258,262,17.0312377649288,,BOS_DOWN,,805,20.5629091619198,,,,,1.22123216531466,18493,,,0,0.181534511060287,,,4,,,3.51516825962193,,,,0,6,5,,,0.0909090909090909
7.35006191818276,10.0636387676841,42,30,750,SWEEP,,2026_06_29.csv,MARKET,1,128,2026-06-26T07:16:00-05:00,2026-06-26T07:16:00-05:00,26404,26404,,,,,,,,,,,,,,LOW,145.25,22,8.42143070107165,,BOS_DOWN,,827,9.63898694700972,,,,,0.333378495911614,150,,,0,0.333378495911614,,,5,,,0.811704163958713,,,,0,7,5,,,0.166666666666667
-2.97736934146824,1.24277597560638,42,30,750,GRAB,,2026_06_29.csv,MARKET,1,130,2026-06-26T10:44:00-05:00,2026-06-26T10:44:00-05:00,26612,26612,,,,,,,,,,,,,,LOW,534.5,130,15.7651669142288,,CHOCH_UP,,106,7.84571449800721,,,,,0.0442427509286121,1367,,,0,0.309699256500285,,,8,,,0.612024721179134,,,,0,6,5,,,0.0909090909090909
7.48749270397178,16.3819194400525,42,30,750,SWEEP,,2026_06_29.csv,MARKET,1,132,2026-06-28T18:46:00-05:00,2026-06-28T18:46:00-05:00,27034,27034,,,,,,,,,,,,,,LOW,428.25,121,32.1594557896954,,CHOCH_UP,,528,17.5159207541073,,,,,0.150190102929109,13865,,,0,0.807271803243959,,,4,,,0,,,,0,7,6,,,0.0769230769230769
9.60345731222098,16.1598848104519,42,30,750,RUN,,2026_06_29.csv,MARKET,1,133,2026-06-28T19:32:00-05:00,2026-06-28T19:32:00-05:00,27080,27080,,,,,,,,,,,,,,HIGH,320,46,12.3819328614083,,CHOCH_UP,,574,3.35666461164742,,,,,0.280528166391283,19758,,,0,1.82826977406733,,,6,,,0,,,,0,7,7,,,0
-7.84540819383349,13.0314995441911,42,30,750,GRAB,,2026_06_29.csv,MARKET,1,134,2026-06-29T06:31:00-05:00,2026-06-29T06:31:00-05:00,27739,27739,,,,,,,,,,,,,,LOW,396.5,659,29.7299223958009,,BOS_UP,,224,5.7360379906148,,,,,0.356159221639481,3850,,,0,1.36840121998327,,,1,,,0,,,,0,6,7,,,-0.0769230769230769
8.90419059946153,19.5205798279658,42,30,750,SWEEP,,2026_06_29.csv,MARKET,1,135,2026-06-29T08:30:00-05:00,2026-06-29T08:30:00-05:00,27858,27858,,,,,,,,,,,,,,HIGH,202.75,119,9.32557147155888,,BOS_UP,,343,5.80692181644542,,,,,0.137986260984842,20432,,,0,0.413958782954525,,,2,,,0,,,,0,6,8,,,-0.142857142857143
-12.2360348181146,0.602437342811472,42,30,750,SWEEP,,2026_07_06.csv,MARKET,1,3,2026-07-01T02:18:00-05:00,2026-07-01T02:18:00-05:00,138,138,,,,,,,,,,,,,,HIGH,164,130,13.6103310034719,,BOS_DOWN,,116,11.3281108656946,,,,,9.19112291850312,71,,,3.11211836969632,0.207474557979755,,,3,,,11.9712819954318,,,,0,1,1,,,0
-11.194370285356,1.79042229212917,42,30,750,RUN,,2026_07_06.csv,MARKET,1,5,2026-07-01T08:35:00-05:00,2026-07-01T08:35:00-05:00,515,515,,,,,,,,,,,,,,HIGH,347.5,150,8.73194065442408,,BOS_DOWN,,59,5.30826608128658,,,,,4.95647566643209,38,,,1.63331264039587,0.339226471466835,,,1,,,5.03185932675805,,,,0,2,1,,,0.333333333333333
-12.0919896406156,2.28207844980323,42,30,750,SWEEP,,2026_07_06.csv,MARKET,1,7,2026-07-01T19:04:00-05:00,2026-07-01T19:04:00-05:00,1084,1084,,,,,,,,,,,,,,HIGH,404,453,20.8178978107376,,BOS_DOWN,,187,6.96935811609469,,,,,5.99029856558971,33,,,2.64088431386213,0.373588512692691,,,2,,,7.83247640403988,,,,0,3,1,,,0.5
-2.79107350082112,8.75925864962474,42,30,750,GRAB,,2026_07_06.csv,MARKET,1,8,2026-07-01T21:15:00-05:00,2026-07-01T21:15:00-05:00,1215,1215,,,,,,,,,,,,,,LOW,287,131,28.9954808835766,,BOS_DOWN,,318,15.3312342302535,,,,,4.59684453032312,738,,,0,1.13658243881616,,,2,,,4.8999331806741,,,,0,4,1,,,0.6
-13.051858634447,4.90185510116494,42,30,750,RUN,,2026_07_06.csv,MARKET,1,9,2026-07-02T02:17:00-05:00,2026-07-02T02:17:00-05:00,1517,1517,,,,,,,,,,,,,,HIGH,413.25,302,21.2109203111879,,BOS_DOWN,,31,6.48004522513603,,,,,12.4468195413504,466,,,1.02654181784333,0.295130772629958,,,2,,,7.1472974067342,,,,1,4,1,,,0.6
-3.90994803543238,9.87642091468151,42,30,750,RUN,,2026_07_06.csv,MARKET,1,12,2026-07-02T19:00:00-05:00,2026-07-02T19:00:00-05:00,2460,2460,,,,,,,,,,,,,,LOW,310.25,301,21.7167593647162,,CHOCH_DOWN,,498,13.1245523960815,,,,,2.04743017378871,67,,,0,0.507482692648484,,,0,,,21.1742778656781,,,,0,5,1,,,0.666666666666667
-9.15529998736126,14.455373678174,42,30,750,SWEEP,,2026_07_06.csv,MARKET,1,14,2026-07-03T08:33:00-05:00,2026-07-03T08:33:00-05:00,3272,3272,,,,,,,,,,,,,,LOW,433.25,754,42.2418020499437,,CHOCH_UP,,747,30.8586967081528,,,,,0.463124200201345,1572,,,0,0.731248737160019,,,4,,,0,,,,0,5,2,,,0.428571428571429
8.23001480275236,4.05002694311724,42,30,750,SWEEP,,2026_07_06.csv,MARKET,1,15,2026-07-03T10:43:00-05:00,2026-07-03T10:43:00-05:00,3402,3402,,,,,,,,,,,,,,HIGH,70.75,130,10.8252887720834,,CHOCH_UP,,877,37.6016214238799,,,,,0.918045690918735,157,,,0,0.726786171977332,,,0,,,8.6831821599397,,,,0,5,3,,,0.25
8.92315036820874,3.76306261121493,42,30,750,RUN,,2026_07_06.csv,MARKET,1,16,2026-07-05T17:00:00-05:00,2026-07-05T17:00:00-05:00,3479,3479,,,,,,,,,,,,,,LOW,95,77,8.35156974044265,,CHOCH_UP,,954,29.9557619900614,,,,,1.0988907553214,1721,,,0,6.15378822979985,,,0,,,0,,,,0,5,3,,,0.25
8.23398869829402,4.83770300659982,42,30,750,SWEEP,,2026_07_06.csv,MARKET,1,17,2026-07-05T17:05:00-05:00,2026-07-05T17:05:00-05:00,3484,3484,,,,,,,,,,,,,,HIGH,118.75,5,7.24570960700864,,CHOCH_UP,,959,13.545663433734,,,,,0.259320133303467,387,,,0,0.701689772468205,,,0,,,4.91182840727743,,,,0,5,3,,,0.25
17.0490084787246,-1.63783863494394,42,30,750,SWEEP,,2026_07_06.csv,MARKET,1,18,2026-07-05T18:31:00-05:00,2026-07-05T18:31:00-05:00,3570,3570,,,,,,,,,,,,,,LOW,150.5,86,12.8034068506674,,BOS_UP,,19,2.70105094690158,,,,,3.76445683150851,1812,,,0,5.95507295379877,,,0,,,2.12681176921385,,,,1,5,3,,,0.25
-8.44713232990163,12.2962664081826,42,30,750,SWEEP,,2026_07_06.csv,MARKET,1,20,2026-07-06T08:00:00-05:00,2026-07-06T08:00:00-05:00,4379,4379,,,,,,,,,,,,,,LOW,255,609,26.5959544068627,,CHOCH_DOWN,,697,8.05700971737311,,,,,1.30372325523837,2679,,,0,0.677936092723951,,,1,,,0,,,,0,6,3,,,0.333333333333333
5.89633743370257,6.41762264124587,42,30,750,RUN,,2026_07_13.csv,MARKET,1,21,2026-07-06T08:30:00-05:00,2026-07-06T08:30:00-05:00,4409,4409,,,,,,,,,,,,,,HIGH,161.75,30,7.86288058138154,,CHOCH_DOWN,,727,4.10765631608495,,,,,1.02083766435247,1763,,,0,0.376737709463412,,,2,,,4.88543739368683,,,,0,6,4,,,0.2
-1.82313843794644,0.676289475893894,42,30,750,SWEEP,,2026_07_13.csv,MARKET,1,23,2026-07-06T12:42:00-05:00,2026-07-06T12:42:00-05:00,4661,4661,,,,,,,,,,,,,,HIGH,211.75,92,13.4589248563724,,CHOCH_UP,,237,3.5434949739918,,,,,0.174791231900941,421,,,0,0.778615487558736,,,6,,,0,,,,0,5,5,,,0
1.57159292447707,6.90021435323323,42,30,750,SWEEP,,2026_07_13.csv,MARKET,1,24,2026-07-06T14:25:00-05:00,2026-07-06T14:25:00-05:00,4764,4764,,,,,,,,,,,,,,LOW,169.75,103,14.606671685007,,CHOCH_UP,,340,9.80948790627861,,,,,0.322680523232849,279,,,0,0.709897151112268,,,1,,,4.51752732525989,,,,0,6,5,,,0.0909090909090909
-7.75831165383576,16.4510889047343,42,30,750,SWEEP,,2026_07_13.csv,MARKET,1,25,2026-07-07T00:28:00-05:00,2026-07-07T00:28:00-05:00,5307,5307,,,,,,,,,,,,,,HIGH,493.5,543,43.6241349584601,,CHOCH_DOWN,,369,28.6186700968621,,,,,4.50826926622384,2914,,,0,1.30386218974121,,,4,,,0.11049679574078,,,,0,6,3,,,0.333333333333333
1.04661459484646,9.03716873060501,42,30,750,SWEEP,,2026_07_13.csv,MARKET,1,26,2026-07-07T02:22:00-05:00,2026-07-07T02:22:00-05:00,5421,5421,,,,,,,,,,,,,,LOW,185.5,114,16.0403299419924,,CHOCH_DOWN,,483,11.9545855228057,,,,,0.324265430094186,1628,,,0,1.49162097843326,,,1,,,10.0089929422405,,,,0,7,3,,,0.4
5.78927645539919,7.81381456177329,42,30,750,SWEEP,,2026_07_13.csv,MARKET,1,27,2026-07-07T06:35:00-05:00,2026-07-07T06:35:00-05:00,5674,5674,,,,,,,,,,,,,,HIGH,152.75,253,14.2571146403667,,CHOCH_DOWN,,736,27.1608534228917,,,,,1.70338685555936,3281,,,0,1.89005938767545,,,3,,,3.1734330459736,,,,0,7,4,,,0.272727272727273
6.38644471881767,9.70695803884018,42,30,750,SWEEP,,2026_07_13.csv,MARKET,1,28,2026-07-07T07:10:00-05:00,2026-07-07T07:10:00-05:00,5709,5709,,,,,,,,,,,,,,LOW,124.75,35,8.71609847834723,,CHOCH_DOWN,,771,11.6156422607233,,,,,0.611349592669646,1956,,,0,0.646283855107911,,,4,,,10.0436004510013,,,,0,8,4,,,0.333333333333333
-11.1825343690543,5.47847316313233,42,30,750,RUN,,2026_07_13.csv,MARKET,1,29,2026-07-07T09:42:00-05:00,2026-07-07T09:42:00-05:00,5861,5861,,,,,,,,,,,,,,HIGH,506,152,15.3940400875502,,BOS_DOWN,,76,11.5987703228824,,,,,6.46488837668856,38,,,2.2665138073567,0.190143775784958,,,3,,,10.0167741083516,,,,0,8,1,,,0.777777777777778
-1.1406858415005,15.6151920387745,42,30,750,SWEEP,,2026_07_13.csv,MARKET,1,30,2026-07-07T12:08:00-05:00,2026-07-07T12:08:00-05:00,6007,6007,,,,,,,,,,,,,,LOW,370.75,146,20.0623066917286,,BOS_DOWN,,222,0.568184006104249,,,,,1.55574192147592,3614,,,0,1.12283982158697,,,1,,,1.2716499184238,,,,0,9,1,,,0.8
4.15537165213802,12.7773185683843,42,30,750,SWEEP,,2026_07_13.csv,MARKET,1,31,2026-07-07T19:00:00-05:00,2026-07-07T19:00:00-05:00,6359,6359,,,,,,,,,,,,,,HIGH,314.75,352,21.3774158652863,,BOS_DOWN,,574,22.0905623834293,,,,,0.390532617078304,445,,,1.03576041920768,0.118857753023832,,,2,,,18.5587891507211,,,,0,9,2,,,0.636363636363636
7.45401947761155,11.2630692650704,42,30,750,SWEEP,,2026_07_13.csv,MARKET,1,32,2026-07-07T20:13:00-05:00,2026-07-07T20:13:00-05:00,6432,6432,,,,,,,,,,,,,,LOW,292.75,73,20.6231640357659,,BOS_DOWN,,647,2.28950582805258,,,,,0.158504249634409,350,,,0,0.669240165123062,,,6,,,0.105669499756273,,,,0,10,2,,,0.666666666666667
4.68032122326025,12.5362577402197,42,30,750,GRAB,,2026_07_13.csv,MARKET,1,33,2026-07-08T02:18:00-05:00,2026-07-08T02:18:00-05:00,6797,6797,,,,,,,,,,,,,,HIGH,277.75,365,19.0453826950514,,BOS_DOWN,,1012,21.2739153236353,,,,,0,0,,,0.239995821539801,0.42856396703536,,,1,,,17.7082631179011,,,,0,10,3,,,0.538461538461538
8.19327310041582,10.6738810726024,42,30,750,RUN,,2026_07_13.csv,MARKET,1,34,2026-07-08T03:15:00-05:00,2026-07-08T03:15:00-05:00,6854,6854,,,,,,,,,,,,,,LOW,133.75,57,8.81757470336578,,BOS_DOWN,,1069,11.6359023188341,,,,,0.510924889353905,1031,,,0,0.131851584349395,,,4,,,8.20776112574983,,,,0,11,3,,,0.571428571428571
-1.16287082170342,16.6514630057599,42,30,750,RUN,,2026_07_13.csv,MARKET,1,36,2026-07-08T08:47:00-05:00,2026-07-08T08:47:00-05:00,7186,7186,,,,,,,,,,,,,,LOW,489.25,272,12.3813418718171,,BOS_DOWN,,330,2.9861999813478,,,,,0,509,,,0,1.20207202639001,,,2,,,0,,,,0,12,1,,,0.846153846153846
-6.09265047928176,15.6038607079371,42,30,750,SWEEP,,2026_07_13.csv,MARKET,1,38,2026-07-08T19:30:00-05:00,2026-07-08T19:30:00-05:00,7769,7769,,,,,,,,,,,,,,LOW,549,480,35.2667182212249,,CHOCH_UP,,368,11.8198108428149,,,,,1.41323825294526,1687,,,0,1.33294062493701,,,3,,,1.60595256016507,,,,0,9,2,,,0.636363636363636
0.195170754601926,15.2824175190929,42,30,750,GRAB,,2026_07_13.csv,MARKET,1,40,2026-07-09T03:17:00-05:00,2026-07-09T03:17:00-05:00,8236,8236,,,,,,,,,,,,,,LOW,339.25,298,26.9124193792721,,BOS_UP,,142,12.1175300226494,,,,,0.872620819961659,4483,,,0,1.36842810403078,,,2,,,9.24184777504848,,,,0,8,3,,,0.454545454545455
1.3291330382986,12.4458649658482,42,30,750,SWEEP,,2026_07_13.csv,MARKET,1,41,2026-07-09T05:56:00-05:00,2026-07-09T05:56:00-05:00,8395,8395,,,,,,,,,,,,,,HIGH,171.25,159,13.616718710022,,BOS_UP,,301,1.47100318911187,,,,,0.278297900642785,2313,,,0,2.34565373398919,,,1,,,0.0198784214744847,,,,0,8,4,,,0.333333333333333
1.10233460611066,15.3754799115409,42,30,750,RUN,,2026_07_13.csv,MARKET,1,42,2026-07-09T08:58:00-05:00,2026-07-09T08:58:00-05:00,8577,8577,,,,,,,,,,,,,,LOW,366.75,182,13.1943801860649,,BOS_UP,,94,7.03340511622544,,,,,0.629588693268262,5284,,,0,0.512665078804156,,,3,,,0,,,,0,7,4,,,0.272727272727273
2.61483299761868,15.1164178093323,42,30,750,GRAB,,2026_07_13.csv,MARKET,1,43,2026-07-09T09:21:00-05:00,2026-07-09T09:21:00-05:00,8600,8600,,,,,,,,,,,,,,HIGH,316.75,23,8.29222474115015,,BOS_UP,,117,3.17421389065337,,,,,0.130895418171273,6207,,,0,0.287969919976801,,,2,,,0,,,,0,7,5,,,0.166666666666667
19.0929846164439,-2.55706151075064,42,30,750,RUN,,2026_07_13.csv,MARKET,1,44,2026-07-09T12:30:00-05:00,2026-07-09T12:30:00-05:00,8789,8789,,,,,,,,,,,,,,LOW,379,189,41.194054143275,,BOS_UP,,24,6.76604187445612,,,,,0.706494332272527,4282,,,0,0.407592884003381,,,1,,,0.788012909073203,,,,1,7,5,,,0.166666666666667
2.03997163372975,13.4001986203359,42,30,750,RUN,,2026_07_13.csv,MARKET,1,45,2026-07-09T19:40:00-05:00,2026-07-09T19:40:00-05:00,9159,9159,,,,,,,,,,,,,,HIGH,189.25,370,12.9167424551348,,BOS_UP,,394,8.66803852999799,,,,,1.51861304954689,7633,,,0,1.00672101037378,,,2,,,3.78800108988101,,,,0,7,6,,,0.0769230769230769
6.8663362127371,12.946729963511,42,30,750,SWEEP,,2026_07_13.csv,MARKET,1,46,2026-07-09T22:07:00-05:00,2026-07-09T22:07:00-05:00,9306,9306,,,,,,,,,,,,,,LOW,159.25,147,20.5727826059657,,BOS_UP,,541,4.1662307004232,,,,,0.452149068262983,7548,,,0,0.129185448075138,,,5,,,0,,,,0,8,6,,,0.142857142857143
-0.0753365353646151,12.4474434701244,42,30,750,SWEEP,,2026_07_13.csv,MARKET,1,47,2026-07-10T04:01:00-05:00,2026-07-10T04:01:00-05:00,9660,9660,,,,,,,,,,,,,,HIGH,246.25,354,19.3963778747861,,CHOCH_DOWN,,160,6.85273045728484,,,,,0.492293854690003,1027,,,0,2.28424348576161,,,0,,,0,,,,0,8,6,,,0.142857142857143
3.7297614594898,10.0800844760756,42,30,750,SWEEP,,2026_07_13.csv,MARKET,1,48,2026-07-10T06:23:00-05:00,2026-07-10T06:23:00-05:00,9802,9802,,,,,,,,,,,,,,LOW,170.5,142,27.0074063199274,,CHOCH_DOWN,,302,13.2265010423105,,,,,0,0,,,0,0.435603327740765,,,3,,,0,,,,0,9,6,,,0.2
4.60348034955664,9.445036774626,42,30,750,GRAB,,2026_07_13.csv,MARKET,1,49,2026-07-10T07:05:00-05:00,2026-07-10T07:05:00-05:00,9844,9844,,,,,,,,,,,,,,HIGH,116.5,42,10.3783291189733,,CHOCH_DOWN,,344,2.93978421395809,,,,,0.712674960959538,1230,,,0,0.334066387949783,,,4,,,3.8528990076875,,,,0,9,7,,,0.125
4.1848510823304,15.7257971623702,42,30,750,SWEEP,,2026_07_13.csv,MARKET,1,50,2026-07-10T08:52:00-05:00,2026-07-10T08:52:00-05:00,9951,9951,,,,,,,,,,,,,,LOW,197.25,107,6.15413059316454,,CHOCH_UP,,20,2.51937158630183,,,,,0.0467994721913653,8193,,,0,0.124798592510308,,,2,,,0,,,,0,8,7,,,0.0666666666666667
14.8540593784968,-1.79457283069435,42,30,750,SWEEP,,2026_07_13.csv,MARKET,1,51,2026-07-10T09:33:00-05:00,2026-07-10T09:33:00-05:00,9992,9992,,,,,,,,,,,,,,HIGH,293.5,41,5.83016909191954,,CHOCH_DOWN,,1,1.91193790493102,,,,,0.0645589422444242,4498,,,0,0.337692928663142,,,0,,,0.61082691508186,,,,1,8,6,,,0.142857142857143
-7.51896175112155,16.8111246559027,42,30,750,SWEEP,,2026_07_13.csv,MARKET,1,53,2026-07-13T00:30:00-05:00,2026-07-13T00:30:00-05:00,10829,10829,,,,,,,,,,,,,,HIGH,535,567,35.854036224448,,CHOCH_DOWN,,89,8.86298372090327,,,,,0.485872453508875,4792,,,0,1.97699825910508,,,4,,,0,,,,0,6,4,,,0.2
3.15120569387836,16.8064365955184,42,30,750,RUN,,2026_07_13.csv,MARKET,1,55,2026-07-13T09:16:00-05:00,2026-07-13T09:16:00-05:00,11355,11355,,,,,,,,,,,,,,HIGH,311.25,190,7.51865894863325,,BOS_DOWN,,25,1.31048111795455,,,,,0.138898920336197,9233,,,0,0.241563339715124,,,1,,,1.22593394905426,,,,0,7,4,,,0.272727272727273
